timestamp,speed
2026-01-01 00:00:00,66.37600696814815
2026-01-01 00:05:00,65.27881658944005
2026-01-01 00:10:00,63.55240124714612
2026-01-01 00:15:00,63.66315531108628
2026-01-01 00:20:00,60.760299294116855
2026-01-01 00:25:00,69.21910741698777
2026-01-01 00:30:00,65.88879980757957
2026-01-01 00:35:00,66.37847042652325
2026-01-01 00:40:00,62.28020140324194
2026-01-01 00:45:00,63.00634392018478
2026-01-01 00:50:00,64.57694834363909
2026-01-01 00:55:00,64.10377869273609
2026-01-01 01:00:00,63.37872006279723
2026-01-01 01:05:00,62.5548074225236
2026-01-01 01:10:00,56.67515172301955
2026-01-01 01:15:00,65.05265859043972
2026-01-01 01:20:00,69.26096264535408
2026-01-01 01:25:00,65.92188988456273
2026-01-01 01:30:00,65.30947157510114
2026-01-01 01:35:00,67.36863741036925
2026-01-01 01:40:00,67.79124840203974
2026-01-01 01:45:00,64.80214485368151
2026-01-01 01:50:00,63.639614854769775
2026-01-01 01:55:00,59.438155359926434
2026-01-01 02:00:00,60.757836155107306
2026-01-01 02:05:00,67.10316816437381
2026-01-01 02:10:00,65.8097008916085
2026-01-01 02:15:00,61.7854217248156
2026-01-01 02:20:00,69.07850854652749
2026-01-01 02:25:00,66.5528913277594
2026-01-01 02:30:00,66.70437548128751
2026-01-01 02:35:00,66.72603444935534
2026-01-01 02:40:00,64.84362721977926
2026-01-01 02:45:00,66.65997030561178
2026-01-01 02:50:00,65.60071078902976
2026-01-01 02:55:00,64.51003285835145
2026-01-01 03:00:00,65.08949569159594
2026-01-01 03:05:00,66.99897668117961
2026-01-01 03:10:00,60.52147456762802
2026-01-01 03:15:00,66.0489646942755
2026-01-01 03:20:00,63.40335887947023
2026-01-01 03:25:00,70.2372909679525
2026-01-01 03:30:00,65.43170541820612
2026-01-01 03:35:00,63.481133721782065
2026-01-01 03:40:00,60.72479456632104
2026-01-01 03:45:00,68.04695412374363
2026-01-01 03:50:00,63.097503347296744
2026-01-01 03:55:00,64.33466788713943
2026-01-01 04:00:00,65.68604748693183
2026-01-01 04:05:00,65.05326819746892
2026-01-01 04:10:00,66.30921122022261
2026-01-01 04:15:00,61.10309888357981
2026-01-01 04:20:00,70.28820140403461
2026-01-01 04:25:00,64.69966689799783
2026-01-01 04:30:00,62.177298547250146
2026-01-01 04:35:00,65.00549386926875
2026-01-01 04:40:00,67.9805074029173
2026-01-01 04:45:00,63.439052508515665
2026-01-01 04:50:00,63.701351389617365
2026-01-01 04:55:00,69.60350495032569
2026-01-01 05:00:00,69.50116098705341
2026-01-01 05:05:00,60.27213733165499
2026-01-01 05:10:00,62.09009682468106
2026-01-01 05:15:00,69.12971278842096
2026-01-01 05:20:00,56.112128458929206
2026-01-01 05:25:00,66.54011881644496
2026-01-01 05:30:00,64.54357623033432
2026-01-01 05:35:00,61.81774147369391
2026-01-01 05:40:00,64.75387078402167
2026-01-01 05:45:00,63.91163245109436
2026-01-01 05:50:00,68.07883863368558
2026-01-01 05:55:00,66.69800937494455
2026-01-01 06:00:00,68.79569449532033
2026-01-01 06:05:00,66.50108613205705
2026-01-01 06:10:00,64.70950645478261
2026-01-01 06:15:00,59.07114462935976
2026-01-01 06:20:00,57.914443052457415
2026-01-01 06:25:00,62.53167872476737
2026-01-01 06:30:00,68.51072101078823
2026-01-01 06:35:00,64.77489519580567
2026-01-01 06:40:00,65.60809543020028
2026-01-01 06:45:00,60.99227979545059
2026-01-01 06:50:00,70.65743483507323
2026-01-01 06:55:00,63.90328500688474
2026-01-01 07:00:00,39.40683298890079
2026-01-01 07:05:00,24.83818063306564
2026-01-01 07:10:00,28.19256684385948
2026-01-01 07:15:00,35.37982011412222
2026-01-01 07:20:00,32.34202354267512
2026-01-01 07:25:00,36.356747443999794
2026-01-01 07:30:00,40.73091696919951
2026-01-01 07:35:00,28.695541919422336
2026-01-01 07:40:00,34.162023632127465
2026-01-01 07:45:00,35.485038459416764
2026-01-01 07:50:00,39.77116525287125
2026-01-01 07:55:00,31.592308456823652
2026-01-01 08:00:00,37.458059342457375
2026-01-01 08:05:00,27.531116576387333
2026-01-01 08:10:00,37.103412635860465
2026-01-01 08:15:00,25.730448938339606
2026-01-01 08:20:00,37.72139963039976
2026-01-01 08:25:00,35.51736697573132
2026-01-01 08:30:00,42.17169215950683
2026-01-01 08:35:00,33.34799064813889
2026-01-01 08:40:00,22.207850670279445
2026-01-01 08:45:00,40.29756965205296
2026-01-01 08:50:00,35.80372179614961
2026-01-01 08:55:00,32.72904166788019
2026-01-01 09:00:00,25.300031402127395
2026-01-01 09:05:00,44.288874433939
2026-01-01 09:10:00,33.7256800468615
2026-01-01 09:15:00,40.45001097242497
2026-01-01 09:20:00,31.9601869496774
2026-01-01 09:25:00,46.9306454789582
2026-01-01 09:30:00,38.23105081362137
2026-01-01 09:35:00,43.77827485655774
2026-01-01 09:40:00,25.86058472393211
2026-01-01 09:45:00,43.150179996034026
2026-01-01 09:50:00,35.57567782537304
2026-01-01 09:55:00,34.16803442076424
2026-01-01 10:00:00,55.67679107942934
2026-01-01 10:05:00,56.066838909622604
2026-01-01 10:10:00,60.300407003738265
2026-01-01 10:15:00,53.11135613190871
2026-01-01 10:20:00,57.26412129075393
2026-01-01 10:25:00,49.816865126370566
2026-01-01 10:30:00,59.55568029501939
2026-01-01 10:35:00,54.44054351292064
2026-01-01 10:40:00,45.32971417739481
2026-01-01 10:45:00,59.83293822852349
2026-01-01 10:50:00,47.036994851860705
2026-01-01 10:55:00,58.205557285056294
2026-01-01 11:00:00,54.93738126584476
2026-01-01 11:05:00,51.01511288951346
2026-01-01 11:10:00,62.46398443640601
2026-01-01 11:15:00,57.77884282007239
2026-01-01 11:20:00,55.32000589372486
2026-01-01 11:25:00,53.39098652269604
2026-01-01 11:30:00,55.616558620885904
2026-01-01 11:35:00,56.148127592203686
2026-01-01 11:40:00,51.67623514275929
2026-01-01 11:45:00,49.77673139533121
2026-01-01 11:50:00,58.30580433311717
2026-01-01 11:55:00,58.0238050923313
2026-01-01 12:00:00,57.04396630442291
2026-01-01 12:05:00,56.25659521407951
2026-01-01 12:10:00,57.01137929427734
2026-01-01 12:15:00,56.67519456265258
2026-01-01 12:20:00,54.915896764593796
2026-01-01 12:25:00,52.68598482797517
2026-01-01 12:30:00,54.5063294992116
2026-01-01 12:35:00,52.81887987775306
2026-01-01 12:40:00,55.35370863632411
2026-01-01 12:45:00,53.7926424849401
2026-01-01 12:50:00,63.36581274102349
2026-01-01 12:55:00,52.86881930274492
2026-01-01 13:00:00,50.79664135202214
2026-01-01 13:05:00,54.37082913739389
2026-01-01 13:10:00,54.017922206266434
2026-01-01 13:15:00,57.92525154932642
2026-01-01 13:20:00,54.2915144991524
2026-01-01 13:25:00,55.62465297865239
2026-01-01 13:30:00,51.764091757429526
2026-01-01 13:35:00,50.850083867456725
2026-01-01 13:40:00,55.031099114106105
2026-01-01 13:45:00,49.811454422155336
2026-01-01 13:50:00,53.23725698342413
2026-01-01 13:55:00,53.24679133539485
2026-01-01 14:00:00,49.32040963214668
2026-01-01 14:05:00,65.41668093137112
2026-01-01 14:10:00,58.023477996588795
2026-01-01 14:15:00,52.79881424665649
2026-01-01 14:20:00,54.87442140780227
2026-01-01 14:25:00,51.711682558431114
2026-01-01 14:30:00,55.608815439567906
2026-01-01 14:35:00,56.516638335960636
2026-01-01 14:40:00,56.01866019131825
2026-01-01 14:45:00,57.39185417737365
2026-01-01 14:50:00,54.82249047843614
2026-01-01 14:55:00,45.050069388001376
2026-01-01 15:00:00,57.884868354751426
2026-01-01 15:05:00,58.27748499823067
2026-01-01 15:10:00,58.67219728980746
2026-01-01 15:15:00,56.47909562939563
2026-01-01 15:20:00,63.137204515280175
2026-01-01 15:25:00,58.9798089691468
2026-01-01 15:30:00,52.85948133723535
2026-01-01 15:35:00,51.097728254070816
2026-01-01 15:40:00,53.52862571139914
2026-01-01 15:45:00,59.19380682172778
2026-01-01 15:50:00,56.16297944331805
2026-01-01 15:55:00,58.132650007471355
2026-01-01 16:00:00,20.170113411947536
2026-01-01 16:05:00,26.138177880742944
2026-01-01 16:10:00,35.31033062616
2026-01-01 16:15:00,32.80969892044707
2026-01-01 16:20:00,32.72827275680584
2026-01-01 16:25:00,30.57963110611147
2026-01-01 16:30:00,26.412490043366986
2026-01-01 16:35:00,23.78958953946328
2026-01-01 16:40:00,30.99412639927907
2026-01-01 16:45:00,42.19399306128665
2026-01-01 16:50:00,27.40325337749664
2026-01-01 16:55:00,30.384589559136234
2026-01-01 17:00:00,19.650226467347327
2026-01-01 17:05:00,19.714100545179594
2026-01-01 17:10:00,23.671593862576533
2026-01-01 17:15:00,26.47600848162159
2026-01-01 17:20:00,34.915578793386835
2026-01-01 17:25:00,37.3589237209538
2026-01-01 17:30:00,37.453901844302514
2026-01-01 17:35:00,35.17925514186589
2026-01-01 17:40:00,30.711933599825343
2026-01-01 17:45:00,35.32349208488278
2026-01-01 17:50:00,38.60668656778388
2026-01-01 17:55:00,20.156136704983748
2026-01-01 18:00:00,38.67013740299361
2026-01-01 18:05:00,30.903034146916287
2026-01-01 18:10:00,39.308469546407736
2026-01-01 18:15:00,29.712475926979554
2026-01-01 18:20:00,28.021396421387
2026-01-01 18:25:00,33.64578356632849
2026-01-01 18:30:00,36.29386075918207
2026-01-01 18:35:00,31.898325449217786
2026-01-01 18:40:00,29.298073445381853
2026-01-01 18:45:00,27.262916941404725
2026-01-01 18:50:00,37.8524460389534
2026-01-01 18:55:00,20.884863185350742
2026-01-01 19:00:00,35.847304611837885
2026-01-01 19:05:00,22.21066069466427
2026-01-01 19:10:00,25.512729262522104
2026-01-01 19:15:00,36.51511521341196
2026-01-01 19:20:00,37.87362925666586
2026-01-01 19:25:00,30.1904879763615
2026-01-01 19:30:00,28.132596369934614
2026-01-01 19:35:00,27.75151810330562
2026-01-01 19:40:00,29.67985226527799
2026-01-01 19:45:00,29.599277293944276
2026-01-01 19:50:00,26.67725596229912
2026-01-01 19:55:00,32.93411794187507
2026-01-01 20:00:00,71.56910301590446
2026-01-01 20:05:00,68.71830622760177
2026-01-01 20:10:00,68.64617039068352
2026-01-01 20:15:00,62.29654399587754
2026-01-01 20:20:00,60.392224040005416
2026-01-01 20:25:00,66.11186213685518
2026-01-01 20:30:00,69.07690804646725
2026-01-01 20:35:00,66.12431238487481
2026-01-01 20:40:00,68.82520270288354
2026-01-01 20:45:00,59.25951327655864
2026-01-01 20:50:00,64.03182897322003
2026-01-01 20:55:00,63.9458390966408
2026-01-01 21:00:00,65.4605098078564
2026-01-01 21:05:00,63.04279267138754
2026-01-01 21:10:00,65.92430847282361
2026-01-01 21:15:00,65.25103271546243
2026-01-01 21:20:00,63.63188772811956
2026-01-01 21:25:00,62.3538928448806
2026-01-01 21:30:00,66.27889990633913
2026-01-01 21:35:00,64.16439999936105
2026-01-01 21:40:00,62.82918718002372
2026-01-01 21:45:00,68.10692827318573
2026-01-01 21:50:00,63.03505615612839
2026-01-01 21:55:00,62.50182348586231
2026-01-01 22:00:00,63.65452412255328
2026-01-01 22:05:00,67.09528804229346
2026-01-01 22:10:00,68.57976214678271
2026-01-01 22:15:00,67.84302839015919
2026-01-01 22:20:00,65.8246079777787
2026-01-01 22:25:00,62.867785105955775
2026-01-01 22:30:00,64.80958047430777
2026-01-01 22:35:00,64.54359894624454
2026-01-01 22:40:00,64.24828784438068
2026-01-01 22:45:00,63.21435905734142
2026-01-01 22:50:00,63.02707717401947
2026-01-01 22:55:00,63.771817024383736
2026-01-01 23:00:00,66.56308982279243
2026-01-01 23:05:00,61.58315317267697
2026-01-01 23:10:00,66.29591988447167
2026-01-01 23:15:00,68.60216565355614
2026-01-01 23:20:00,63.065602667421686
2026-01-01 23:25:00,68.18130488365321
2026-01-01 23:30:00,63.65796339226693
2026-01-01 23:35:00,64.54691270997117
2026-01-01 23:40:00,62.79404206142534
2026-01-01 23:45:00,61.28278650029771
2026-01-01 23:50:00,63.8909123139513
2026-01-01 23:55:00,62.77589955762058
2026-01-02 00:00:00,64.16786128057655
2026-01-02 00:05:00,63.70369605134597
2026-01-02 00:10:00,63.12688743865936
2026-01-02 00:15:00,69.1250246654567
2026-01-02 00:20:00,64.76640224776934
2026-01-02 00:25:00,68.00129033760355
2026-01-02 00:30:00,67.07380896101549
2026-01-02 00:35:00,66.29578931241112
2026-01-02 00:40:00,63.462587431506755
2026-01-02 00:45:00,63.32549796771785
2026-01-02 00:50:00,63.12306725835873
2026-01-02 00:55:00,63.63797438155788
2026-01-02 01:00:00,62.58604680930137
2026-01-02 01:05:00,67.44734198325493
2026-01-02 01:10:00,62.01105708196191
2026-01-02 01:15:00,61.47713382587545
2026-01-02 01:20:00,68.61133370792172
2026-01-02 01:25:00,70.76828727248194
2026-01-02 01:30:00,68.74692833246996
2026-01-02 01:35:00,64.74543692386132
2026-01-02 01:40:00,72.30181621272787
2026-01-02 01:45:00,58.31906955465614
2026-01-02 01:50:00,60.92036423531323
2026-01-02 01:55:00,60.979390931085646
2026-01-02 02:00:00,67.12747611311443
2026-01-02 02:05:00,62.82744675141485
2026-01-02 02:10:00,63.385331373830816
2026-01-02 02:15:00,66.47361514535616
2026-01-02 02:20:00,64.08160911273086
2026-01-02 02:25:00,66.55748362214467
2026-01-02 02:30:00,59.87940102588446
2026-01-02 02:35:00,62.40942102520832
2026-01-02 02:40:00,68.39638907322684
2026-01-02 02:45:00,63.89453975981681
2026-01-02 02:50:00,66.29417013085082
2026-01-02 02:55:00,62.21956418279356
2026-01-02 03:00:00,65.78623757663873
2026-01-02 03:05:00,66.40234209583377
2026-01-02 03:10:00,63.549643523771884
2026-01-02 03:15:00,63.80854236983178
2026-01-02 03:20:00,65.90898435927508
2026-01-02 03:25:00,70.70775482019728
2026-01-02 03:30:00,63.51458954196734
2026-01-02 03:35:00,66.33477289491614
2026-01-02 03:40:00,65.25650702774091
2026-01-02 03:45:00,64.9781534255216
2026-01-02 03:50:00,61.20514647753922
2026-01-02 03:55:00,64.1582075142422
2026-01-02 04:00:00,67.75473807616834
2026-01-02 04:05:00,64.31351734436393
2026-01-02 04:10:00,68.26440618325813
2026-01-02 04:15:00,68.2035487749708
2026-01-02 04:20:00,66.59940115118326
2026-01-02 04:25:00,66.83212114086149
2026-01-02 04:30:00,66.17295976030915
2026-01-02 04:35:00,69.32842715917928
2026-01-02 04:40:00,66.03735554289241
2026-01-02 04:45:00,64.6962932714133
2026-01-02 04:50:00,62.90506116493423
2026-01-02 04:55:00,56.56685466307531
2026-01-02 05:00:00,63.50295231957885
2026-01-02 05:05:00,65.29822367705869
2026-01-02 05:10:00,68.88925738629663
2026-01-02 05:15:00,66.91512101279085
2026-01-02 05:20:00,64.78376683743637
2026-01-02 05:25:00,69.259156407022
2026-01-02 05:30:00,67.41729546080118
2026-01-02 05:35:00,65.62364106343523
2026-01-02 05:40:00,58.71605297312751
2026-01-02 05:45:00,68.75843787996943
2026-01-02 05:50:00,64.39198229984646
2026-01-02 05:55:00,63.53813059936445
2026-01-02 06:00:00,68.43281109891146
2026-01-02 06:05:00,66.37572834635908
2026-01-02 06:10:00,67.73572625455911
2026-01-02 06:15:00,67.04156449928776
2026-01-02 06:20:00,66.1117609763354
2026-01-02 06:25:00,59.36671750109936
2026-01-02 06:30:00,64.12992032765594
2026-01-02 06:35:00,62.710096301385555
2026-01-02 06:40:00,67.04849844112559
2026-01-02 06:45:00,65.8746396931829
2026-01-02 06:50:00,67.55830626502761
2026-01-02 06:55:00,62.73944935440814
2026-01-02 07:00:00,43.14882736126203
2026-01-02 07:05:00,36.713275660237706
2026-01-02 07:10:00,26.46473398958404
2026-01-02 07:15:00,45.00980294098069
2026-01-02 07:20:00,32.973373251015516
2026-01-02 07:25:00,40.701152217399645
2026-01-02 07:30:00,32.11853921933996
2026-01-02 07:35:00,30.012449340688292
2026-01-02 07:40:00,39.44648058268265
2026-01-02 07:45:00,40.73919347294937
2026-01-02 07:50:00,43.551718071897994
2026-01-02 07:55:00,33.483602974741444
2026-01-02 08:00:00,44.318548912770524
2026-01-02 08:05:00,27.28983240018252
2026-01-02 08:10:00,36.194307348065784
2026-01-02 08:15:00,34.92680464781973
2026-01-02 08:20:00,24.663054304080827
2026-01-02 08:25:00,35.35652208427279
2026-01-02 08:30:00,31.946276369619703
2026-01-02 08:35:00,27.974482432881455
2026-01-02 08:40:00,29.11196830801558
2026-01-02 08:45:00,31.18384999351913
2026-01-02 08:50:00,27.560705895356435
2026-01-02 08:55:00,42.28935837384419
2026-01-02 09:00:00,35.46911218983515
2026-01-02 09:05:00,39.69396291311088
2026-01-02 09:10:00,30.552528581876228
2026-01-02 09:15:00,38.653922907247804
2026-01-02 09:20:00,33.90743438566899
2026-01-02 09:25:00,31.012982281689055
2026-01-02 09:30:00,44.311944293867356
2026-01-02 09:35:00,32.108791281307454
2026-01-02 09:40:00,31.643151770254303
2026-01-02 09:45:00,45.75818380840786
2026-01-02 09:50:00,38.23241370596068
2026-01-02 09:55:00,38.193629569969964
2026-01-02 10:00:00,50.451810891198946
2026-01-02 10:05:00,51.95522379557763
2026-01-02 10:10:00,56.11505679787818
2026-01-02 10:15:00,53.13269325780636
2026-01-02 10:20:00,51.75582177371066
2026-01-02 10:25:00,46.80863038405443
2026-01-02 10:30:00,54.322961280609725
2026-01-02 10:35:00,52.3366753544571
2026-01-02 10:40:00,52.83308496941663
2026-01-02 10:45:00,58.6637461031069
2026-01-02 10:50:00,52.733390391494076
2026-01-02 10:55:00,49.857905490805884
2026-01-02 11:00:00,58.21144050171551
2026-01-02 11:05:00,45.88829902950082
2026-01-02 11:10:00,50.09431452790294
2026-01-02 11:15:00,54.469063553262515
2026-01-02 11:20:00,56.70346802605297
2026-01-02 11:25:00,52.91767915975083
2026-01-02 11:30:00,50.96005939947912
2026-01-02 11:35:00,60.87215499597427
2026-01-02 11:40:00,50.86401014782014
2026-01-02 11:45:00,56.841486606483954
2026-01-02 11:50:00,58.16745182161937
2026-01-02 11:55:00,45.46982837569821
2026-01-02 12:00:00,48.95650770488764
2026-01-02 12:05:00,53.110844315258134
2026-01-02 12:10:00,49.033277996368554
2026-01-02 12:15:00,60.87231552822707
2026-01-02 12:20:00,53.42384038799436
2026-01-02 12:25:00,56.4592784722639
2026-01-02 12:30:00,56.34387358971753
2026-01-02 12:35:00,52.49100135263402
2026-01-02 12:40:00,59.7340412670903
2026-01-02 12:45:00,50.127319501297706
2026-01-02 12:50:00,46.31955849297214
2026-01-02 12:55:00,52.56087360535923
2026-01-02 13:00:00,57.184149790988045
2026-01-02 13:05:00,58.43744358566946
2026-01-02 13:10:00,55.04333412270105
2026-01-02 13:15:00,54.71022044073965
2026-01-02 13:20:00,60.74940513588996
2026-01-02 13:25:00,59.57507419961909
2026-01-02 13:30:00,61.66083774763861
2026-01-02 13:35:00,54.216835817660005
2026-01-02 13:40:00,54.334109676255565
2026-01-02 13:45:00,48.97163184487532
2026-01-02 13:50:00,55.147820353373675
2026-01-02 13:55:00,57.807433157334835
2026-01-02 14:00:00,57.29881904238683
2026-01-02 14:05:00,56.00245892771525
2026-01-02 14:10:00,58.6588485110093
2026-01-02 14:15:00,51.33883869476285
2026-01-02 14:20:00,55.32558993563536
2026-01-02 14:25:00,55.9291139946578
2026-01-02 14:30:00,54.34884666756599
2026-01-02 14:35:00,52.775646505768236
2026-01-02 14:40:00,49.40675721388133
2026-01-02 14:45:00,62.68843479089678
2026-01-02 14:50:00,55.367956836982366
2026-01-02 14:55:00,50.17546598529159
2026-01-02 15:00:00,57.58677669986305
2026-01-02 15:05:00,53.81011522995617
2026-01-02 15:10:00,57.232375343672004
2026-01-02 15:15:00,57.66909335230887
2026-01-02 15:20:00,65.52786983033936
2026-01-02 15:25:00,53.794844390885075
2026-01-02 15:30:00,51.269083770161174
2026-01-02 15:35:00,50.06734403154562
2026-01-02 15:40:00,54.96430380457437
2026-01-02 15:45:00,64.7659821744485
2026-01-02 15:50:00,55.74749882312317
2026-01-02 15:55:00,42.89864575128176
2026-01-02 16:00:00,29.420328161343175
2026-01-02 16:05:00,33.7754819618564
2026-01-02 16:10:00,28.545166637580877
2026-01-02 16:15:00,41.5114874411259
2026-01-02 16:20:00,27.098078894809348
2026-01-02 16:25:00,23.516381741963094
2026-01-02 16:30:00,44.051808364574796
2026-01-02 16:35:00,23.642476248856816
2026-01-02 16:40:00,33.92866933739839
2026-01-02 16:45:00,36.61935023027122
2026-01-02 16:50:00,26.138912505269474
2026-01-02 16:55:00,41.025194943413055
2026-01-02 17:00:00,31.603352555929472
2026-01-02 17:05:00,35.88853953279672
2026-01-02 17:10:00,36.36220088566385
2026-01-02 17:15:00,34.029833043179714
2026-01-02 17:20:00,22.901249324745656
2026-01-02 17:25:00,28.460224299355946
2026-01-02 17:30:00,21.147306031453628
2026-01-02 17:35:00,28.091622412090086
2026-01-02 17:40:00,33.81426320204635
2026-01-02 17:45:00,31.58146064825583
2026-01-02 17:50:00,25.100922815775366
2026-01-02 17:55:00,22.06604474598937
2026-01-02 18:00:00,24.93773833751721
2026-01-02 18:05:00,38.201578826308676
2026-01-02 18:10:00,22.010605513488024
2026-01-02 18:15:00,31.970715070284427
2026-01-02 18:20:00,40.71290870223592
2026-01-02 18:25:00,26.40012261970156
2026-01-02 18:30:00,30.94635746601416
2026-01-02 18:35:00,21.538459033268477
2026-01-02 18:40:00,40.12226495652975
2026-01-02 18:45:00,29.85889926064348
2026-01-02 18:50:00,28.08108766123589
2026-01-02 18:55:00,41.70505560007105
2026-01-02 19:00:00,21.914891942565944
2026-01-02 19:05:00,23.60855042808135
2026-01-02 19:10:00,19.439650925321757
2026-01-02 19:15:00,30.23886429255894
2026-01-02 19:20:00,40.48174923245306
2026-01-02 19:25:00,38.25665849206448
2026-01-02 19:30:00,21.583021713667623
2026-01-02 19:35:00,23.289543780493275
2026-01-02 19:40:00,22.44165580231276
2026-01-02 19:45:00,33.70712309470242
2026-01-02 19:50:00,36.344281882571096
2026-01-02 19:55:00,24.238102884518998
2026-01-02 20:00:00,67.17110013640341
2026-01-02 20:05:00,61.107338183117555
2026-01-02 20:10:00,62.58946434747026
2026-01-02 20:15:00,69.43301302054647
2026-01-02 20:20:00,64.69214175933587
2026-01-02 20:25:00,72.76830035308612
2026-01-02 20:30:00,60.11781891541592
2026-01-02 20:35:00,73.88822390888197
2026-01-02 20:40:00,59.741532579997575
2026-01-02 20:45:00,68.92669828982032
2026-01-02 20:50:00,62.965605041726384
2026-01-02 20:55:00,59.20376681086724
2026-01-02 21:00:00,66.42674029243388
2026-01-02 21:05:00,61.55501838257271
2026-01-02 21:10:00,65.77772913128462
2026-01-02 21:15:00,61.16383647385277
2026-01-02 21:20:00,67.3583187037414
2026-01-02 21:25:00,66.6421733195489
2026-01-02 21:30:00,66.5853278214621
2026-01-02 21:35:00,61.00352882240635
2026-01-02 21:40:00,65.86566158893116
2026-01-02 21:45:00,60.34699484824445
2026-01-02 21:50:00,61.76921290025554
2026-01-02 21:55:00,68.1202104279548
2026-01-02 22:00:00,66.43418495009601
2026-01-02 22:05:00,62.998472230518196
2026-01-02 22:10:00,67.37430985766628
2026-01-02 22:15:00,65.72106299910263
2026-01-02 22:20:00,65.28676527575492
2026-01-02 22:25:00,67.41339809489857
2026-01-02 22:30:00,58.8494341699856
2026-01-02 22:35:00,62.69182176487776
2026-01-02 22:40:00,67.97353118079216
2026-01-02 22:45:00,67.73995354948217
2026-01-02 22:50:00,69.37356229457082
2026-01-02 22:55:00,62.63764385970275
2026-01-02 23:00:00,65.57507380860376
2026-01-02 23:05:00,67.30946883738163
2026-01-02 23:10:00,61.17670029352248
2026-01-02 23:15:00,65.98458088966576
2026-01-02 23:20:00,62.03922849614825
2026-01-02 23:25:00,64.02129397095968
2026-01-02 23:30:00,63.90094219753181
2026-01-02 23:35:00,68.80182365761534
2026-01-02 23:40:00,69.34997765091003
2026-01-02 23:45:00,63.373391591204395
2026-01-02 23:50:00,67.19884796545632
2026-01-02 23:55:00,70.58032082724333
2026-01-03 00:00:00,68.07318325278628
2026-01-03 00:05:00,63.321279852152315
2026-01-03 00:10:00,61.478671097201854
2026-01-03 00:15:00,63.534871690193484
2026-01-03 00:20:00,67.41675879448013
2026-01-03 00:25:00,61.57009767025129
2026-01-03 00:30:00,67.91946749577613
2026-01-03 00:35:00,61.15697864223205
2026-01-03 00:40:00,58.63246545376013
2026-01-03 00:45:00,64.80970971119524
2026-01-03 00:50:00,62.61750565572832
2026-01-03 00:55:00,62.42550578997878
2026-01-03 01:00:00,63.49272761562178
2026-01-03 01:05:00,61.717756549637734
2026-01-03 01:10:00,65.11057667443038
2026-01-03 01:15:00,62.277212137265295
2026-01-03 01:20:00,67.18209837486046
2026-01-03 01:25:00,68.35470987760543
2026-01-03 01:30:00,63.925679314542506
2026-01-03 01:35:00,63.873441092633
2026-01-03 01:40:00,64.76214207093308
2026-01-03 01:45:00,62.10779812761277
2026-01-03 01:50:00,57.04167595090337
2026-01-03 01:55:00,62.39895994265818
2026-01-03 02:00:00,68.02154304930815
2026-01-03 02:05:00,62.438211965335235
2026-01-03 02:10:00,63.221791848296434
2026-01-03 02:15:00,66.21027118774188
2026-01-03 02:20:00,69.3798312864583
2026-01-03 02:25:00,67.79549915419719
2026-01-03 02:30:00,64.92355428940806
2026-01-03 02:35:00,62.77960592489514
2026-01-03 02:40:00,65.08798775223603
2026-01-03 02:45:00,63.7941148246796
2026-01-03 02:50:00,63.738639251673156
2026-01-03 02:55:00,63.20608342358129
2026-01-03 03:00:00,65.86326109686824
2026-01-03 03:05:00,57.98536667137233
2026-01-03 03:10:00,64.55888972340574
2026-01-03 03:15:00,63.762841224009605
2026-01-03 03:20:00,71.10718192556598
2026-01-03 03:25:00,64.69163174722382
2026-01-03 03:30:00,60.74688561120921
2026-01-03 03:35:00,59.07777571389684
2026-01-03 03:40:00,64.64908407739996
2026-01-03 03:45:00,65.60452426732147
2026-01-03 03:50:00,62.797660835988125
2026-01-03 03:55:00,67.90690808005814
2026-01-03 04:00:00,65.4054762089607
2026-01-03 04:05:00,60.51518777741673
2026-01-03 04:10:00,61.911518504811895
2026-01-03 04:15:00,68.02499639423363
2026-01-03 04:20:00,66.2499527771925
2026-01-03 04:25:00,67.58741805563943
2026-01-03 04:30:00,66.20325019964488
2026-01-03 04:35:00,65.87570063219903
2026-01-03 04:40:00,65.46943332007177
2026-01-03 04:45:00,68.3837516901974
2026-01-03 04:50:00,62.64421072001116
2026-01-03 04:55:00,66.65570667803254
2026-01-03 05:00:00,62.7405653951958
2026-01-03 05:05:00,65.7307503166148
2026-01-03 05:10:00,61.19726266680159
2026-01-03 05:15:00,71.21250517167816
2026-01-03 05:20:00,65.01502227792776
2026-01-03 05:25:00,64.78775881543766
2026-01-03 05:30:00,58.3169340496664
2026-01-03 05:35:00,71.63098736278893
2026-01-03 05:40:00,69.96206854274848
2026-01-03 05:45:00,63.82154242201975
2026-01-03 05:50:00,62.52401040162841
2026-01-03 05:55:00,59.18626345495751
2026-01-03 06:00:00,70.13780269540882
2026-01-03 06:05:00,62.53144394297623
2026-01-03 06:10:00,64.41793753352873
2026-01-03 06:15:00,59.705396424677964
2026-01-03 06:20:00,65.08963800356958
2026-01-03 06:25:00,68.68088397024151
2026-01-03 06:30:00,66.00378132734524
2026-01-03 06:35:00,65.3806137689252
2026-01-03 06:40:00,64.35914898746489
2026-01-03 06:45:00,63.252628499038245
2026-01-03 06:50:00,65.3294996929556
2026-01-03 06:55:00,65.7499216017346
2026-01-03 07:00:00,63.87933587610231
2026-01-03 07:05:00,64.22486525332057
2026-01-03 07:10:00,63.14080982057875
2026-01-03 07:15:00,66.60459023719902
2026-01-03 07:20:00,62.875491939650544
2026-01-03 07:25:00,61.019747208067315
2026-01-03 07:30:00,66.99208890759482
2026-01-03 07:35:00,67.2246523009182
2026-01-03 07:40:00,65.02253757616498
2026-01-03 07:45:00,62.317921307069426
2026-01-03 07:50:00,67.64054181522769
2026-01-03 07:55:00,62.90167711275029
2026-01-03 08:00:00,64.23076343834784
2026-01-03 08:05:00,69.63734045535953
2026-01-03 08:10:00,64.65007377414368
2026-01-03 08:15:00,59.19610103902403
2026-01-03 08:20:00,66.34757603556817
2026-01-03 08:25:00,59.708914627534
2026-01-03 08:30:00,58.227307324461215
2026-01-03 08:35:00,65.99435059407845
2026-01-03 08:40:00,67.20024779134897
2026-01-03 08:45:00,66.15996944426828
2026-01-03 08:50:00,61.89459482036057
2026-01-03 08:55:00,64.88244191655208
2026-01-03 09:00:00,61.89492906725637
2026-01-03 09:05:00,61.36513304064054
2026-01-03 09:10:00,63.55426009152349
2026-01-03 09:15:00,69.29331633443743
2026-01-03 09:20:00,64.81158540064581
2026-01-03 09:25:00,67.27541822858934
2026-01-03 09:30:00,63.21157980251362
2026-01-03 09:35:00,67.52069018397022
2026-01-03 09:40:00,61.97984165747623
2026-01-03 09:45:00,69.65349682714297
2026-01-03 09:50:00,58.88642397674586
2026-01-03 09:55:00,68.3003810713395
2026-01-03 10:00:00,65.69474040295563
2026-01-03 10:05:00,65.37914930931542
2026-01-03 10:10:00,70.22203002844287
2026-01-03 10:15:00,59.4680103751633
2026-01-03 10:20:00,65.2830920495948
2026-01-03 10:25:00,63.59576129367225
2026-01-03 10:30:00,64.4769372502558
2026-01-03 10:35:00,68.28227788737155
2026-01-03 10:40:00,71.58261771197579
2026-01-03 10:45:00,65.61286324175866
2026-01-03 10:50:00,64.46090093030928
2026-01-03 10:55:00,61.954902095959525
2026-01-03 11:00:00,49.826017186645636
2026-01-03 11:05:00,54.72331840189496
2026-01-03 11:10:00,49.179333865892296
2026-01-03 11:15:00,44.983616561330905
2026-01-03 11:20:00,46.91027802760097
2026-01-03 11:25:00,48.37195229984883
2026-01-03 11:30:00,44.18563513812393
2026-01-03 11:35:00,47.27312020384405
2026-01-03 11:40:00,55.22780967586361
2026-01-03 11:45:00,54.82394637137007
2026-01-03 11:50:00,55.56597883050645
2026-01-03 11:55:00,47.20996328989858
2026-01-03 12:00:00,52.416237914092314
2026-01-03 12:05:00,53.014863984423386
2026-01-03 12:10:00,56.94672500439359
2026-01-03 12:15:00,50.66318875083795
2026-01-03 12:20:00,59.543829385107244
2026-01-03 12:25:00,45.91123542782578
2026-01-03 12:30:00,47.62742931751327
2026-01-03 12:35:00,49.67571398519187
2026-01-03 12:40:00,47.86679593451891
2026-01-03 12:45:00,54.58210608613325
2026-01-03 12:50:00,57.13940702636457
2026-01-03 12:55:00,51.05026537118225
2026-01-03 13:00:00,42.093839676865244
2026-01-03 13:05:00,48.94828710874313
2026-01-03 13:10:00,52.47590675126144
2026-01-03 13:15:00,47.63021759423526
2026-01-03 13:20:00,48.530218683607615
2026-01-03 13:25:00,51.59766553611632
2026-01-03 13:30:00,54.347405995545905
2026-01-03 13:35:00,50.12370408503173
2026-01-03 13:40:00,47.527726836042326
2026-01-03 13:45:00,54.17848334130363
2026-01-03 13:50:00,52.83860209464037
2026-01-03 13:55:00,52.640117354625055
2026-01-03 14:00:00,52.67252726747719
2026-01-03 14:05:00,45.1056464432875
2026-01-03 14:10:00,49.792304354165694
2026-01-03 14:15:00,52.18843733293351
2026-01-03 14:20:00,52.2762693749661
2026-01-03 14:25:00,49.555987910963175
2026-01-03 14:30:00,53.40007454469266
2026-01-03 14:35:00,41.027383039467225
2026-01-03 14:40:00,59.27239266932669
2026-01-03 14:45:00,49.62086095689242
2026-01-03 14:50:00,40.84913384152763
2026-01-03 14:55:00,50.57467805764168
2026-01-03 15:00:00,44.05168444955636
2026-01-03 15:05:00,44.41478479894743
2026-01-03 15:10:00,51.784486768382365
2026-01-03 15:15:00,46.2033236685529
2026-01-03 15:20:00,49.78621291698143
2026-01-03 15:25:00,48.90088128602703
2026-01-03 15:30:00,47.26239247680771
2026-01-03 15:35:00,47.17300457344049
2026-01-03 15:40:00,43.48316037005138
2026-01-03 15:45:00,48.94099372534401
2026-01-03 15:50:00,58.70704712924866
2026-01-03 15:55:00,52.20881881314994
2026-01-03 16:00:00,65.12426882799437
2026-01-03 16:05:00,66.54175461406972
2026-01-03 16:10:00,63.487342153077485
2026-01-03 16:15:00,65.92143026723559
2026-01-03 16:20:00,63.008947116035486
2026-01-03 16:25:00,64.62273171970998
2026-01-03 16:30:00,63.48845209798658
2026-01-03 16:35:00,64.40731093627615
2026-01-03 16:40:00,70.24079470967567
2026-01-03 16:45:00,63.05147370321676
2026-01-03 16:50:00,68.54706568433762
2026-01-03 16:55:00,60.5047404843704
2026-01-03 17:00:00,61.96677864827739
2026-01-03 17:05:00,68.6466822875341
2026-01-03 17:10:00,59.49209292072496
2026-01-03 17:15:00,68.83854031996451
2026-01-03 17:20:00,64.77058025934582
2026-01-03 17:25:00,61.54904534167288
2026-01-03 17:30:00,59.846734978662056
2026-01-03 17:35:00,66.92141189580323
2026-01-03 17:40:00,66.35982250517426
2026-01-03 17:45:00,64.083643686666
2026-01-03 17:50:00,58.43915185729081
2026-01-03 17:55:00,62.33331392267174
2026-01-03 18:00:00,69.3627638595956
2026-01-03 18:05:00,67.56609885466048
2026-01-03 18:10:00,63.90634057302374
2026-01-03 18:15:00,63.67736403544102
2026-01-03 18:20:00,64.90155562481306
2026-01-03 18:25:00,68.52068271909886
2026-01-03 18:30:00,64.15944947245339
2026-01-03 18:35:00,67.10917978587956
2026-01-03 18:40:00,62.81359114471743
2026-01-03 18:45:00,65.097528925321
2026-01-03 18:50:00,65.51433112203088
2026-01-03 18:55:00,63.690302536539974
2026-01-03 19:00:00,64.86750777818895
2026-01-03 19:05:00,66.9836660625207
2026-01-03 19:10:00,64.24876754795659
2026-01-03 19:15:00,62.25014632630355
2026-01-03 19:20:00,66.22643927275
2026-01-03 19:25:00,67.63926088147579
2026-01-03 19:30:00,68.26127584167591
2026-01-03 19:35:00,67.25459968221502
2026-01-03 19:40:00,66.18266219513231
2026-01-03 19:45:00,65.12708120078871
2026-01-03 19:50:00,66.54934957854746
2026-01-03 19:55:00,64.62016354733788
2026-01-03 20:00:00,66.78096172735407
2026-01-03 20:05:00,62.89380607340701
2026-01-03 20:10:00,67.31776777336675
2026-01-03 20:15:00,69.02608881258625
2026-01-03 20:20:00,59.88800786157364
2026-01-03 20:25:00,66.16547883194598
2026-01-03 20:30:00,61.38196511990854
2026-01-03 20:35:00,63.047561385698295
2026-01-03 20:40:00,59.068145110658016
2026-01-03 20:45:00,65.84588114505564
2026-01-03 20:50:00,63.17276685552483
2026-01-03 20:55:00,66.6622661578489
2026-01-03 21:00:00,65.00543269624222
2026-01-03 21:05:00,64.42629410898742
2026-01-03 21:10:00,65.21167982350862
2026-01-03 21:15:00,64.09078275511979
2026-01-03 21:20:00,65.72610641700504
2026-01-03 21:25:00,63.778867223848984
2026-01-03 21:30:00,63.87011650710576
2026-01-03 21:35:00,66.16952781698055
2026-01-03 21:40:00,61.944621897094684
2026-01-03 21:45:00,63.309879399871775
2026-01-03 21:50:00,69.30810867059076
2026-01-03 21:55:00,64.64762637768693
2026-01-03 22:00:00,64.37211092990614
2026-01-03 22:05:00,65.44251746292467
2026-01-03 22:10:00,67.6006034697418
2026-01-03 22:15:00,63.666770874031144
2026-01-03 22:20:00,65.07550644634246
2026-01-03 22:25:00,62.23797649280881
2026-01-03 22:30:00,60.916857987007525
2026-01-03 22:35:00,63.99066312159565
2026-01-03 22:40:00,65.9412144779478
2026-01-03 22:45:00,60.72045780379492
2026-01-03 22:50:00,59.761772880025106
2026-01-03 22:55:00,64.83186297785242
2026-01-03 23:00:00,67.40797216218488
2026-01-03 23:05:00,67.14009687176556
2026-01-03 23:10:00,62.42420499948861
2026-01-03 23:15:00,65.29320378021292
2026-01-03 23:20:00,62.582441001794976
2026-01-03 23:25:00,63.812004635675514
2026-01-03 23:30:00,60.76983337477616
2026-01-03 23:35:00,66.20778357381948
2026-01-03 23:40:00,64.15588826124325
2026-01-03 23:45:00,67.71377037886666
2026-01-03 23:50:00,62.760994473739444
2026-01-03 23:55:00,61.6483208770088
2026-01-04 00:00:00,69.27285619384159
2026-01-04 00:05:00,63.83486132659633
2026-01-04 00:10:00,71.49403339256597
2026-01-04 00:15:00,61.85925311056555
2026-01-04 00:20:00,66.52546271990958
2026-01-04 00:25:00,58.993932261389965
2026-01-04 00:30:00,63.14018301327973
2026-01-04 00:35:00,67.33781092257168
2026-01-04 00:40:00,62.658216862248565
2026-01-04 00:45:00,71.06207420794398
2026-01-04 00:50:00,59.95313014815778
2026-01-04 00:55:00,62.2689076896013
2026-01-04 01:00:00,66.97732780406724
2026-01-04 01:05:00,66.62202958196599
2026-01-04 01:10:00,65.65813906400506
2026-01-04 01:15:00,70.28576040572553
2026-01-04 01:20:00,65.23880827890717
2026-01-04 01:25:00,61.744556873187506
2026-01-04 01:30:00,66.65290521498818
2026-01-04 01:35:00,65.45013359869776
2026-01-04 01:40:00,69.27394384777425
2026-01-04 01:45:00,65.66655924436229
2026-01-04 01:50:00,65.18845166693534
2026-01-04 01:55:00,65.2470997250127
2026-01-04 02:00:00,64.97524469792509
2026-01-04 02:05:00,70.3748611504748
2026-01-04 02:10:00,67.32680901263535
2026-01-04 02:15:00,71.38112456187424
2026-01-04 02:20:00,67.40470283227128
2026-01-04 02:25:00,62.76796472469991
2026-01-04 02:30:00,63.463762980672946
2026-01-04 02:35:00,62.06670026437021
2026-01-04 02:40:00,69.82104524649498
2026-01-04 02:45:00,69.28021794327465
2026-01-04 02:50:00,64.68117579982304
2026-01-04 02:55:00,63.25668818927651
2026-01-04 03:00:00,60.74137203811397
2026-01-04 03:05:00,63.68551008851397
2026-01-04 03:10:00,68.78281800397856
2026-01-04 03:15:00,60.965013671453676
2026-01-04 03:20:00,69.88231468472286
2026-01-04 03:25:00,66.50621289740664
2026-01-04 03:30:00,63.4498705969433
2026-01-04 03:35:00,66.71549190998208
2026-01-04 03:40:00,65.96577832807003
2026-01-04 03:45:00,70.31265525145308
2026-01-04 03:50:00,64.80290071085835
2026-01-04 03:55:00,71.36537861635607
2026-01-04 04:00:00,62.13138557965356
2026-01-04 04:05:00,66.49312774268198
2026-01-04 04:10:00,69.76331718252321
2026-01-04 04:15:00,70.75021711146584
2026-01-04 04:20:00,62.17442935028491
2026-01-04 04:25:00,65.93848227042918
2026-01-04 04:30:00,68.37752521488459
2026-01-04 04:35:00,67.02737935501473
2026-01-04 04:40:00,61.958235712103246
2026-01-04 04:45:00,65.35626473109804
2026-01-04 04:50:00,60.85001542464271
2026-01-04 04:55:00,69.97033862265779
2026-01-04 05:00:00,64.88614690297828
2026-01-04 05:05:00,64.19311873946039
2026-01-04 05:10:00,63.47037335097597
2026-01-04 05:15:00,70.41288974463906
2026-01-04 05:20:00,59.554898542804125
2026-01-04 05:25:00,62.25691937021713
2026-01-04 05:30:00,64.65047242548002
2026-01-04 05:35:00,61.37849384550879
2026-01-04 05:40:00,67.43045394441617
2026-01-04 05:45:00,69.82918659375935
2026-01-04 05:50:00,66.04430336809779
2026-01-04 05:55:00,62.018643912688695
2026-01-04 06:00:00,65.78430232112156
2026-01-04 06:05:00,60.94156994040372
2026-01-04 06:10:00,61.822563640258686
2026-01-04 06:15:00,71.29719924714543
2026-01-04 06:20:00,59.9365625293177
2026-01-04 06:25:00,64.55542694063824
2026-01-04 06:30:00,63.85176131997863
2026-01-04 06:35:00,64.49841405429073
2026-01-04 06:40:00,65.91363186910027
2026-01-04 06:45:00,64.01681517659392
2026-01-04 06:50:00,64.82267195492359
2026-01-04 06:55:00,68.97730365041019
2026-01-04 07:00:00,61.87538391359389
2026-01-04 07:05:00,63.48452264452836
2026-01-04 07:10:00,58.63246539931231
2026-01-04 07:15:00,63.98512469674991
2026-01-04 07:20:00,63.05522054765347
2026-01-04 07:25:00,60.859856326514446
2026-01-04 07:30:00,70.44472998093224
2026-01-04 07:35:00,73.06523874650516
2026-01-04 07:40:00,64.95404452625185
2026-01-04 07:45:00,64.52373920470038
2026-01-04 07:50:00,71.2231977619955
2026-01-04 07:55:00,70.12073383725507
2026-01-04 08:00:00,71.959940477414
2026-01-04 08:05:00,60.96800276122179
2026-01-04 08:10:00,68.07502003284748
2026-01-04 08:15:00,65.43044121781631
2026-01-04 08:20:00,63.0983927192184
2026-01-04 08:25:00,64.01515275650243
2026-01-04 08:30:00,59.67794239034106
2026-01-04 08:35:00,64.93103382196098
2026-01-04 08:40:00,67.11118551447605
2026-01-04 08:45:00,68.26203757539686
2026-01-04 08:50:00,65.87766348757592
2026-01-04 08:55:00,63.73764190755182
2026-01-04 09:00:00,64.7959811931528
2026-01-04 09:05:00,63.925872699347984
2026-01-04 09:10:00,66.85128129139399
2026-01-04 09:15:00,62.130611385169566
2026-01-04 09:20:00,63.6577462713278
2026-01-04 09:25:00,70.4214257640591
2026-01-04 09:30:00,62.29852016040965
2026-01-04 09:35:00,64.59168081951115
2026-01-04 09:40:00,64.97116296586402
2026-01-04 09:45:00,63.28229739105378
2026-01-04 09:50:00,67.01641853967834
2026-01-04 09:55:00,64.14478420772524
2026-01-04 10:00:00,65.78879583483652
2026-01-04 10:05:00,68.57178010215685
2026-01-04 10:10:00,64.1011608736577
2026-01-04 10:15:00,62.09847866650771
2026-01-04 10:20:00,63.43036536046751
2026-01-04 10:25:00,61.33122909792124
2026-01-04 10:30:00,67.59290244220021
2026-01-04 10:35:00,61.97955993196277
2026-01-04 10:40:00,62.329758577437346
2026-01-04 10:45:00,59.890033763901
2026-01-04 10:50:00,69.41765855031598
2026-01-04 10:55:00,71.17574055170688
2026-01-04 11:00:00,45.092214326406676
2026-01-04 11:05:00,53.10982275178975
2026-01-04 11:10:00,53.17872209580776
2026-01-04 11:15:00,54.76057519584649
2026-01-04 11:20:00,52.92319281899738
2026-01-04 11:25:00,47.74226002858129
2026-01-04 11:30:00,45.30139395143973
2026-01-04 11:35:00,53.94308605389478
2026-01-04 11:40:00,50.67155974700846
2026-01-04 11:45:00,43.55835799353041
2026-01-04 11:50:00,52.81808036955514
2026-01-04 11:55:00,55.89855727145921
2026-01-04 12:00:00,46.1787816493531
2026-01-04 12:05:00,54.55014020281359
2026-01-04 12:10:00,50.1025715268107
2026-01-04 12:15:00,42.318085550552674
2026-01-04 12:20:00,40.05041331119579
2026-01-04 12:25:00,46.638110532090764
2026-01-04 12:30:00,45.50841974450481
2026-01-04 12:35:00,50.97696332105722
2026-01-04 12:40:00,48.530112225090804
2026-01-04 12:45:00,56.532698548223124
2026-01-04 12:50:00,54.028624043830526
2026-01-04 12:55:00,49.475780724479925
2026-01-04 13:00:00,53.204573328571634
2026-01-04 13:05:00,51.85579833591858
2026-01-04 13:10:00,47.07585468772988
2026-01-04 13:15:00,45.49317973969017
2026-01-04 13:20:00,47.54141127255349
2026-01-04 13:25:00,51.860891058866194
2026-01-04 13:30:00,44.80407497184428
2026-01-04 13:35:00,47.15838368539652
2026-01-04 13:40:00,44.95277521064863
2026-01-04 13:45:00,52.63214853333501
2026-01-04 13:50:00,45.83677053559231
2026-01-04 13:55:00,48.9249775540749
2026-01-04 14:00:00,57.57107533465343
2026-01-04 14:05:00,49.73320119828041
2026-01-04 14:10:00,47.43780546551284
2026-01-04 14:15:00,57.89908395837114
2026-01-04 14:20:00,57.33077660988887
2026-01-04 14:25:00,54.976428735201125
2026-01-04 14:30:00,44.87119863745412
2026-01-04 14:35:00,59.436974599251194
2026-01-04 14:40:00,56.04807060780797
2026-01-04 14:45:00,50.85100673165731
2026-01-04 14:50:00,55.9851346824848
2026-01-04 14:55:00,46.500185368918686
2026-01-04 15:00:00,42.256333916592524
2026-01-04 15:05:00,48.61916882805967
2026-01-04 15:10:00,49.8846136219097
2026-01-04 15:15:00,52.061554515230576
2026-01-04 15:20:00,58.370378513597416
2026-01-04 15:25:00,49.52758515704234
2026-01-04 15:30:00,48.731631768961655
2026-01-04 15:35:00,53.79129924987738
2026-01-04 15:40:00,51.28282349218182
2026-01-04 15:45:00,53.219909273909586
2026-01-04 15:50:00,51.31984471181724
2026-01-04 15:55:00,48.86822887397526
2026-01-04 16:00:00,56.84370981736579
2026-01-04 16:05:00,62.2030476831791
2026-01-04 16:10:00,68.04669260053795
2026-01-04 16:15:00,69.29243522752635
2026-01-04 16:20:00,58.13015709589122
2026-01-04 16:25:00,64.28634526463739
2026-01-04 16:30:00,60.91354561726018
2026-01-04 16:35:00,70.25761611249091
2026-01-04 16:40:00,66.28475807684819
2026-01-04 16:45:00,64.38932428050619
2026-01-04 16:50:00,67.19854776031993
2026-01-04 16:55:00,70.5303672323724
2026-01-04 17:00:00,64.80533668991018
2026-01-04 17:05:00,66.78205108708272
2026-01-04 17:10:00,61.35589445863275
2026-01-04 17:15:00,63.77374655361774
2026-01-04 17:20:00,62.43485925032487
2026-01-04 17:25:00,66.05792737364021
2026-01-04 17:30:00,70.11193287269566
2026-01-04 17:35:00,69.55594163365343
2026-01-04 17:40:00,60.61683367483955
2026-01-04 17:45:00,62.60918774530664
2026-01-04 17:50:00,65.11761884337334
2026-01-04 17:55:00,68.97186128616801
2026-01-04 18:00:00,60.27677624558226
2026-01-04 18:05:00,63.820524983746914
2026-01-04 18:10:00,63.439077855745616
2026-01-04 18:15:00,66.34425942427697
2026-01-04 18:20:00,63.12092838639404
2026-01-04 18:25:00,62.583591745141874
2026-01-04 18:30:00,64.89696698792199
2026-01-04 18:35:00,63.19744694367741
2026-01-04 18:40:00,64.29785342999305
2026-01-04 18:45:00,66.07369085909042
2026-01-04 18:50:00,57.217735389207775
2026-01-04 18:55:00,65.09050225376652
2026-01-04 19:00:00,64.75126960483487
2026-01-04 19:05:00,65.09025613473801
2026-01-04 19:10:00,64.60876233792139
2026-01-04 19:15:00,65.7768566767518
2026-01-04 19:20:00,63.24904916219117
2026-01-04 19:25:00,62.789901925904545
2026-01-04 19:30:00,61.903747945597615
2026-01-04 19:35:00,63.572363127079996
2026-01-04 19:40:00,66.07234839130751
2026-01-04 19:45:00,68.67872383519646
2026-01-04 19:50:00,57.36538996772542
2026-01-04 19:55:00,61.51707258899233
2026-01-04 20:00:00,66.89439982467857
2026-01-04 20:05:00,67.58133305114647
2026-01-04 20:10:00,65.59911205458408
2026-01-04 20:15:00,64.14747647157942
2026-01-04 20:20:00,63.155157499119156
2026-01-04 20:25:00,62.75065130493597
2026-01-04 20:30:00,64.6416875981692
2026-01-04 20:35:00,65.12602611007878
2026-01-04 20:40:00,67.72832973809396
2026-01-04 20:45:00,62.21300883337234
2026-01-04 20:50:00,63.64021096659925
2026-01-04 20:55:00,62.30039196184485
2026-01-04 21:00:00,64.74624091900695
2026-01-04 21:05:00,65.0067563648383
2026-01-04 21:10:00,65.3651850159014
2026-01-04 21:15:00,63.146352185212336
2026-01-04 21:20:00,67.47452975607547
2026-01-04 21:25:00,61.64809869672534
2026-01-04 21:30:00,63.717897522524176
2026-01-04 21:35:00,70.58034542766144
2026-01-04 21:40:00,61.53645540893322
2026-01-04 21:45:00,64.16947815999818
2026-01-04 21:50:00,67.4184117977915
2026-01-04 21:55:00,64.47155014213149
2026-01-04 22:00:00,64.52301003158279
2026-01-04 22:05:00,64.75577114020894
2026-01-04 22:10:00,66.38279420169006
2026-01-04 22:15:00,67.2983197985077
2026-01-04 22:20:00,62.80227670945195
2026-01-04 22:25:00,62.351389553854425
2026-01-04 22:30:00,69.50497879553686
2026-01-04 22:35:00,64.73663917042786
2026-01-04 22:40:00,63.882925850251354
2026-01-04 22:45:00,66.72162392030526
2026-01-04 22:50:00,61.64120936545895
2026-01-04 22:55:00,65.7551540854644
2026-01-04 23:00:00,63.48109557801624
2026-01-04 23:05:00,64.85790452705525
2026-01-04 23:10:00,60.74972202259063
2026-01-04 23:15:00,57.1826742448187
2026-01-04 23:20:00,64.86929332990816
2026-01-04 23:25:00,62.09636825673122
2026-01-04 23:30:00,63.79524749961172
2026-01-04 23:35:00,63.995947669870745
2026-01-04 23:40:00,64.67896778560984
2026-01-04 23:45:00,60.6658293193225
2026-01-04 23:50:00,68.59669866304154
2026-01-04 23:55:00,63.895468297213476
2026-01-05 00:00:00,63.843162383578786
2026-01-05 00:05:00,66.40658095513736
2026-01-05 00:10:00,67.97675027007446
2026-01-05 00:15:00,70.10592898039738
2026-01-05 00:20:00,60.91688758246336
2026-01-05 00:25:00,61.79677581804645
2026-01-05 00:30:00,67.42928541814554
2026-01-05 00:35:00,65.2948028168003
2026-01-05 00:40:00,66.71104874427985
2026-01-05 00:45:00,65.66378721542249
2026-01-05 00:50:00,59.78647697048139
2026-01-05 00:55:00,63.8240161720099
2026-01-05 01:00:00,67.04827323253113
2026-01-05 01:05:00,65.15325894178005
2026-01-05 01:10:00,61.83299895397974
2026-01-05 01:15:00,63.15650738701178
2026-01-05 01:20:00,65.55318826758185
2026-01-05 01:25:00,69.44520198629144
2026-01-05 01:30:00,68.00534423811483
2026-01-05 01:35:00,57.838825397578525
2026-01-05 01:40:00,60.14315374299634
2026-01-05 01:45:00,64.41379888510596
2026-01-05 01:50:00,65.26626961000798
2026-01-05 01:55:00,64.66549887728088
2026-01-05 02:00:00,58.125254291415075
2026-01-05 02:05:00,66.29359997126399
2026-01-05 02:10:00,62.12845761777079
2026-01-05 02:15:00,60.522583048214976
2026-01-05 02:20:00,62.03776537016824
2026-01-05 02:25:00,68.58377967439674
2026-01-05 02:30:00,63.308044880060464
2026-01-05 02:35:00,71.50762521936004
2026-01-05 02:40:00,64.0061059864015
2026-01-05 02:45:00,60.63999041721301
2026-01-05 02:50:00,65.09588291730165
2026-01-05 02:55:00,62.69436842186562
2026-01-05 03:00:00,71.82033201412159
2026-01-05 03:05:00,61.51375005414628
2026-01-05 03:10:00,68.4148419383777
2026-01-05 03:15:00,62.16227660946264
2026-01-05 03:20:00,62.312917146444455
2026-01-05 03:25:00,58.70657041293125
2026-01-05 03:30:00,65.61586517145741
2026-01-05 03:35:00,70.82449749915033
2026-01-05 03:40:00,63.45261005467949
2026-01-05 03:45:00,68.50815776805337
2026-01-05 03:50:00,62.88029966943158
2026-01-05 03:55:00,68.69621068874918
2026-01-05 04:00:00,66.95732571863499
2026-01-05 04:05:00,71.50636147992032
2026-01-05 04:10:00,64.27396697255384
2026-01-05 04:15:00,63.512214813858385
2026-01-05 04:20:00,64.22583694950254
2026-01-05 04:25:00,65.11395311267692
2026-01-05 04:30:00,63.455233592438645
2026-01-05 04:35:00,60.4725600205704
2026-01-05 04:40:00,62.77259534433334
2026-01-05 04:45:00,61.41241959749385
2026-01-05 04:50:00,63.82219167629213
2026-01-05 04:55:00,71.39106880405596
2026-01-05 05:00:00,63.29962453710064
2026-01-05 05:05:00,66.22213075953408
2026-01-05 05:10:00,65.85428374584434
2026-01-05 05:15:00,61.96327106721502
2026-01-05 05:20:00,65.18615515863783
2026-01-05 05:25:00,62.11801452170436
2026-01-05 05:30:00,65.89820607590974
2026-01-05 05:35:00,67.95965618531872
2026-01-05 05:40:00,61.77226556706719
2026-01-05 05:45:00,64.6941280454917
2026-01-05 05:50:00,63.34558790492791
2026-01-05 05:55:00,68.30851281152157
2026-01-05 06:00:00,62.24633298991405
2026-01-05 06:05:00,64.70015049989755
2026-01-05 06:10:00,59.40762016635142
2026-01-05 06:15:00,63.49580149191763
2026-01-05 06:20:00,63.230474017225696
2026-01-05 06:25:00,61.97137066208626
2026-01-05 06:30:00,59.95999759623101
2026-01-05 06:35:00,61.17513544028072
2026-01-05 06:40:00,65.39395028808461
2026-01-05 06:45:00,64.71651407135964
2026-01-05 06:50:00,65.05055207103952
2026-01-05 06:55:00,63.253798449536326
2026-01-05 07:00:00,36.647940373948245
2026-01-05 07:05:00,29.65188382364454
2026-01-05 07:10:00,26.615809095937742
2026-01-05 07:15:00,38.00313143029866
2026-01-05 07:20:00,32.72840538701212
2026-01-05 07:25:00,26.56513449770381
2026-01-05 07:30:00,25.314048071970458
2026-01-05 07:35:00,33.83765111705785
2026-01-05 07:40:00,33.012952656881325
2026-01-05 07:45:00,33.697493522528795
2026-01-05 07:50:00,29.868968042295293
2026-01-05 07:55:00,43.26848475098187
2026-01-05 08:00:00,27.775062419333956
2026-01-05 08:05:00,47.96787086263356
2026-01-05 08:10:00,37.437150828755264
2026-01-05 08:15:00,37.11169949266882
2026-01-05 08:20:00,28.343550804542453
2026-01-05 08:25:00,31.583406370839995
2026-01-05 08:30:00,31.112483139148186
2026-01-05 08:35:00,26.04993231688314
2026-01-05 08:40:00,37.486932385520646
2026-01-05 08:45:00,32.74432153958595
2026-01-05 08:50:00,26.401023216194254
2026-01-05 08:55:00,29.558902327488582
2026-01-05 09:00:00,28.990157622413378
2026-01-05 09:05:00,51.299237019124874
2026-01-05 09:10:00,27.57365232626485
2026-01-05 09:15:00,25.94663718034086
2026-01-05 09:20:00,34.41887177777949
2026-01-05 09:25:00,35.025330895402625
2026-01-05 09:30:00,34.05580635702463
2026-01-05 09:35:00,24.78818842699991
2026-01-05 09:40:00,38.63910141967689
2026-01-05 09:45:00,30.68095076918999
2026-01-05 09:50:00,41.0868051171649
2026-01-05 09:55:00,32.3715834690017
2026-01-05 10:00:00,55.222607692502685
2026-01-05 10:05:00,52.35430108778243
2026-01-05 10:10:00,59.80355612844522
2026-01-05 10:15:00,48.93458067004423
2026-01-05 10:20:00,49.664359054692184
2026-01-05 10:25:00,52.779740247344925
2026-01-05 10:30:00,53.74824078174168
2026-01-05 10:35:00,50.58242381099251
2026-01-05 10:40:00,54.840806501737305
2026-01-05 10:45:00,49.708214568796144
2026-01-05 10:50:00,49.53495415391535
2026-01-05 10:55:00,57.466269355778344
2026-01-05 11:00:00,56.88462314175757
2026-01-05 11:05:00,48.59763792976593
2026-01-05 11:10:00,54.87163912899922
2026-01-05 11:15:00,49.35209631208674
2026-01-05 11:20:00,55.58963615657405
2026-01-05 11:25:00,47.00940944279309
2026-01-05 11:30:00,51.85317304614217
2026-01-05 11:35:00,52.32125870294767
2026-01-05 11:40:00,47.09384789391864
2026-01-05 11:45:00,54.328709770021895
2026-01-05 11:50:00,54.07650484861074
2026-01-05 11:55:00,61.2036370323703
2026-01-05 12:00:00,50.3490665732508
2026-01-05 12:05:00,54.564166288865536
2026-01-05 12:10:00,53.02783220123227
2026-01-05 12:15:00,63.99477198893009
2026-01-05 12:20:00,52.42167760994582
2026-01-05 12:25:00,55.8959648272153
2026-01-05 12:30:00,56.93615229829014
2026-01-05 12:35:00,52.64512834671443
2026-01-05 12:40:00,57.85726919047007
2026-01-05 12:45:00,59.43622518150045
2026-01-05 12:50:00,52.40143608474946
2026-01-05 12:55:00,60.340972611038254
2026-01-05 13:00:00,51.09440787073316
2026-01-05 13:05:00,53.04560208544845
2026-01-05 13:10:00,61.008871479169024
2026-01-05 13:15:00,58.556827365002604
2026-01-05 13:20:00,51.292109338526174
2026-01-05 13:25:00,59.00782181488594
2026-01-05 13:30:00,54.861787801592826
2026-01-05 13:35:00,47.7158669542559
2026-01-05 13:40:00,50.69402745261854
2026-01-05 13:45:00,59.436176156292525
2026-01-05 13:50:00,56.16410499326858
2026-01-05 13:55:00,52.32543763246522
2026-01-05 14:00:00,59.735049454014955
2026-01-05 14:05:00,47.697741141766436
2026-01-05 14:10:00,55.50329070183542
2026-01-05 14:15:00,57.08415811073528
2026-01-05 14:20:00,56.26391383960454
2026-01-05 14:25:00,50.43646002639765
2026-01-05 14:30:00,58.27368899558543
2026-01-05 14:35:00,59.65628962859486
2026-01-05 14:40:00,51.77243457298334
2026-01-05 14:45:00,61.90566048872283
2026-01-05 14:50:00,56.76179159906803
2026-01-05 14:55:00,51.96861570116262
2026-01-05 15:00:00,55.539963088738396
2026-01-05 15:05:00,58.023600600835636
2026-01-05 15:10:00,51.35400008829669
2026-01-05 15:15:00,60.77408842221554
2026-01-05 15:20:00,55.47925224390198
2026-01-05 15:25:00,59.79085601474784
2026-01-05 15:30:00,58.6878197472712
2026-01-05 15:35:00,56.92056105224704
2026-01-05 15:40:00,50.332452654568506
2026-01-05 15:45:00,49.282132955428416
2026-01-05 15:50:00,52.62634801684577
2026-01-05 15:55:00,51.035392017554194
2026-01-05 16:00:00,39.40677207305016
2026-01-05 16:05:00,31.580534169252907
2026-01-05 16:10:00,18.11351688858842
2026-01-05 16:15:00,27.12209136846242
2026-01-05 16:20:00,27.42573987725613
2026-01-05 16:25:00,36.9436037109928
2026-01-05 16:30:00,35.502987825251616
2026-01-05 16:35:00,24.508679520795173
2026-01-05 16:40:00,42.580207276234184
2026-01-05 16:45:00,35.69965955388364
2026-01-05 16:50:00,33.301905154040135
2026-01-05 16:55:00,24.67034969429107
2026-01-05 17:00:00,31.532344406445333
2026-01-05 17:05:00,36.39764053396129
2026-01-05 17:10:00,32.63896331106138
2026-01-05 17:15:00,20.762527155736667
2026-01-05 17:20:00,32.547111152125154
2026-01-05 17:25:00,24.074557714877994
2026-01-05 17:30:00,24.92301396694209
2026-01-05 17:35:00,26.208989609402163
2026-01-05 17:40:00,38.70446073904805
2026-01-05 17:45:00,21.739557734947837
2026-01-05 17:50:00,29.397934614633336
2026-01-05 17:55:00,38.927053087342124
2026-01-05 18:00:00,31.43597493293179
2026-01-05 18:05:00,18.4716353363534
2026-01-05 18:10:00,26.000947081348368
2026-01-05 18:15:00,21.524740334680686
2026-01-05 18:20:00,25.53116706606197
2026-01-05 18:25:00,33.59534916517546
2026-01-05 18:30:00,21.94703562054523
2026-01-05 18:35:00,24.546422292446646
2026-01-05 18:40:00,23.626343034022273
2026-01-05 18:45:00,30.79540961874406
2026-01-05 18:50:00,33.36784833417926
2026-01-05 18:55:00,38.75578715954699
2026-01-05 19:00:00,25.611641110018546
2026-01-05 19:05:00,29.32277716886097
2026-01-05 19:10:00,36.00497312017308
2026-01-05 19:15:00,28.534839386010884
2026-01-05 19:20:00,27.525448019497727
2026-01-05 19:25:00,25.2303026594041
2026-01-05 19:30:00,22.670372859399183
2026-01-05 19:35:00,28.332088797582966
2026-01-05 19:40:00,36.402810394596294
2026-01-05 19:45:00,33.040147968030304
2026-01-05 19:50:00,39.61840969828694
2026-01-05 19:55:00,23.922461217342647
2026-01-05 20:00:00,67.8327077836543
2026-01-05 20:05:00,64.27236728933589
2026-01-05 20:10:00,64.52490929802062
2026-01-05 20:15:00,66.34203807215079
2026-01-05 20:20:00,66.73013827308462
2026-01-05 20:25:00,61.12077282182888
2026-01-05 20:30:00,70.11017556213223
2026-01-05 20:35:00,62.66210642310651
2026-01-05 20:40:00,65.84972842927418
2026-01-05 20:45:00,65.90152317348057
2026-01-05 20:50:00,63.732570338105724
2026-01-05 20:55:00,63.98418758178288
2026-01-05 21:00:00,64.39655706797397
2026-01-05 21:05:00,70.65461567688926
2026-01-05 21:10:00,65.14210884717009
2026-01-05 21:15:00,62.6134223802693
2026-01-05 21:20:00,68.48438141124194
2026-01-05 21:25:00,62.59601502436784
2026-01-05 21:30:00,65.43327955971928
2026-01-05 21:35:00,67.7664445672363
2026-01-05 21:40:00,64.37678757657443
2026-01-05 21:45:00,62.10752280987039
2026-01-05 21:50:00,64.98352497101159
2026-01-05 21:55:00,66.5384357924419
2026-01-05 22:00:00,64.39413090356426
2026-01-05 22:05:00,65.66926931282353
2026-01-05 22:10:00,62.200212824271716
2026-01-05 22:15:00,66.40866172954169
2026-01-05 22:20:00,59.92752074958827
2026-01-05 22:25:00,69.16979202245025
2026-01-05 22:30:00,63.5499821149652
2026-01-05 22:35:00,66.25980963288768
2026-01-05 22:40:00,66.27496180846849
2026-01-05 22:45:00,66.22947757956862
2026-01-05 22:50:00,67.23330731214509
2026-01-05 22:55:00,61.61615953548038
2026-01-05 23:00:00,62.52837589641908
2026-01-05 23:05:00,66.18140496519348
2026-01-05 23:10:00,62.1531347970582
2026-01-05 23:15:00,67.0938927801684
2026-01-05 23:20:00,61.721821168919
2026-01-05 23:25:00,63.21365501864268
2026-01-05 23:30:00,62.20066959863892
2026-01-05 23:35:00,62.05513533723639
2026-01-05 23:40:00,62.74672987266637
2026-01-05 23:45:00,63.781990453370994
2026-01-05 23:50:00,68.15472522460439
2026-01-05 23:55:00,60.05175169938796
2026-01-06 00:00:00,68.97127340258652
2026-01-06 00:05:00,62.155992888217476
2026-01-06 00:10:00,64.07738282789062
2026-01-06 00:15:00,67.37317323207532
2026-01-06 00:20:00,65.36951763658809
2026-01-06 00:25:00,66.10255949608478
2026-01-06 00:30:00,64.8947606877543
2026-01-06 00:35:00,62.790240157467196
2026-01-06 00:40:00,68.71647136619995
2026-01-06 00:45:00,66.50872670022305
2026-01-06 00:50:00,68.27365117803998
2026-01-06 00:55:00,66.53134814127992
2026-01-06 01:00:00,62.828905018087305
2026-01-06 01:05:00,67.09494560601456
2026-01-06 01:10:00,61.688604659745536
2026-01-06 01:15:00,58.06195555837549
2026-01-06 01:20:00,64.2885520926027
2026-01-06 01:25:00,67.73655667568035
2026-01-06 01:30:00,66.04768262119187
2026-01-06 01:35:00,64.53960413001309
2026-01-06 01:40:00,69.25805875923126
2026-01-06 01:45:00,66.83662660218621
2026-01-06 01:50:00,62.76573719845992
2026-01-06 01:55:00,65.94579938132858
2026-01-06 02:00:00,67.2484326555439
2026-01-06 02:05:00,63.077705339373644
2026-01-06 02:10:00,63.164093297967476
2026-01-06 02:15:00,66.29046797910924
2026-01-06 02:20:00,58.02525267323147
2026-01-06 02:25:00,62.701640868579666
2026-01-06 02:30:00,63.2548401449335
2026-01-06 02:35:00,67.63229226199275
2026-01-06 02:40:00,66.0461205599684
2026-01-06 02:45:00,65.52792058533257
2026-01-06 02:50:00,63.92555647035866
2026-01-06 02:55:00,64.10257563322003
2026-01-06 03:00:00,66.61760009666523
2026-01-06 03:05:00,62.09415050339267
2026-01-06 03:10:00,60.00178968090023
2026-01-06 03:15:00,66.63728789896756
2026-01-06 03:20:00,64.65042862990705
2026-01-06 03:25:00,67.64631417948745
2026-01-06 03:30:00,62.581830243662445
2026-01-06 03:35:00,69.52064092769541
2026-01-06 03:40:00,61.84484249152874
2026-01-06 03:45:00,61.42346846737021
2026-01-06 03:50:00,64.50014408588908
2026-01-06 03:55:00,65.02669702725488
2026-01-06 04:00:00,68.56958503350918
2026-01-06 04:05:00,63.57921349986248
2026-01-06 04:10:00,70.45293949042258
2026-01-06 04:15:00,63.80257379989498
2026-01-06 04:20:00,64.71536557445854
2026-01-06 04:25:00,65.55609478595639
2026-01-06 04:30:00,70.94153332138998
2026-01-06 04:35:00,66.40197625075167
2026-01-06 04:40:00,62.311721855449214
2026-01-06 04:45:00,62.7730700641524
2026-01-06 04:50:00,63.056305194237744
2026-01-06 04:55:00,67.99287038191355
2026-01-06 05:00:00,64.73150466734837
2026-01-06 05:05:00,63.730220659509556
2026-01-06 05:10:00,68.68077779911981
2026-01-06 05:15:00,63.630853974306525
2026-01-06 05:20:00,67.21854159126768
2026-01-06 05:25:00,64.77912917766965
2026-01-06 05:30:00,64.1355796139518
2026-01-06 05:35:00,69.01851846798996
2026-01-06 05:40:00,71.1647511136178
2026-01-06 05:45:00,58.15605870990022
2026-01-06 05:50:00,65.94105222932136
2026-01-06 05:55:00,64.27352725345911
2026-01-06 06:00:00,63.27046709729696
2026-01-06 06:05:00,64.46713850373222
2026-01-06 06:10:00,66.47760220580616
2026-01-06 06:15:00,68.37050654020814
2026-01-06 06:20:00,62.96904705985641
2026-01-06 06:25:00,64.23091122532054
2026-01-06 06:30:00,66.29715278725214
2026-01-06 06:35:00,69.25505271783064
2026-01-06 06:40:00,65.8383460232531
2026-01-06 06:45:00,64.08914236131855
2026-01-06 06:50:00,68.75220287984514
2026-01-06 06:55:00,61.96557062092813
2026-01-06 07:00:00,51.34176718593158
2026-01-06 07:05:00,32.2556737684716
2026-01-06 07:10:00,39.71632743274639
2026-01-06 07:15:00,29.618223288498452
2026-01-06 07:20:00,30.275444593069725
2026-01-06 07:25:00,41.81706012082034
2026-01-06 07:30:00,37.42616987120583
2026-01-06 07:35:00,30.42688073970681
2026-01-06 07:40:00,38.343308418082955
2026-01-06 07:45:00,27.868925121677428
2026-01-06 07:50:00,21.210115076685227
2026-01-06 07:55:00,34.574822178092084
2026-01-06 08:00:00,33.948281378963095
2026-01-06 08:05:00,28.178057051140684
2026-01-06 08:10:00,29.12787963004624
2026-01-06 08:15:00,40.13695914671054
2026-01-06 08:20:00,37.427594020342596
2026-01-06 08:25:00,41.65773105787948
2026-01-06 08:30:00,41.32361359980149
2026-01-06 08:35:00,31.20806586703097
2026-01-06 08:40:00,30.372209716096563
2026-01-06 08:45:00,41.48597880761774
2026-01-06 08:50:00,44.51906591545249
2026-01-06 08:55:00,31.133377827033584
2026-01-06 09:00:00,38.38777166992123
2026-01-06 09:05:00,38.92582162077876
2026-01-06 09:10:00,37.56195858928517
2026-01-06 09:15:00,36.18032603016441
2026-01-06 09:20:00,35.3794800670011
2026-01-06 09:25:00,27.90660213712134
2026-01-06 09:30:00,26.430959700452934
2026-01-06 09:35:00,43.057229463336284
2026-01-06 09:40:00,37.894369341432295
2026-01-06 09:45:00,47.03504386310383
2026-01-06 09:50:00,40.41409150711744
2026-01-06 09:55:00,33.0177962699271
2026-01-06 10:00:00,66.25750955633552
2026-01-06 10:05:00,61.03104161492359
2026-01-06 10:10:00,49.423333055956476
2026-01-06 10:15:00,56.526777276096205
2026-01-06 10:20:00,55.10052598799288
2026-01-06 10:25:00,54.52715509501867
2026-01-06 10:30:00,51.5511942988446
2026-01-06 10:35:00,54.31369025385338
2026-01-06 10:40:00,56.25818090185038
2026-01-06 10:45:00,56.58006587339207
2026-01-06 10:50:00,60.8650593620608
2026-01-06 10:55:00,63.41064497550489
2026-01-06 11:00:00,55.9447862667032
2026-01-06 11:05:00,54.78986584001288
2026-01-06 11:10:00,54.392483200758804
2026-01-06 11:15:00,63.08708490903381
2026-01-06 11:20:00,44.31543622867066
2026-01-06 11:25:00,56.84911292462606
2026-01-06 11:30:00,55.761895247058504
2026-01-06 11:35:00,51.532729621707844
2026-01-06 11:40:00,60.39302926044479
2026-01-06 11:45:00,49.7194335845225
2026-01-06 11:50:00,52.82529079068263
2026-01-06 11:55:00,53.034659704074166
2026-01-06 12:00:00,50.915227767131626
2026-01-06 12:05:00,55.327879851948985
2026-01-06 12:10:00,56.82807243144638
2026-01-06 12:15:00,58.17844114167052
2026-01-06 12:20:00,53.72383668204513
2026-01-06 12:25:00,54.88558121296366
2026-01-06 12:30:00,57.7960243525142
2026-01-06 12:35:00,62.517091230585166
2026-01-06 12:40:00,52.997789360239565
2026-01-06 12:45:00,62.067596426659925
2026-01-06 12:50:00,52.53752988658089
2026-01-06 12:55:00,64.5711781012226
2026-01-06 13:00:00,58.5319557873021
2026-01-06 13:05:00,55.39099580182596
2026-01-06 13:10:00,51.27494143765032
2026-01-06 13:15:00,55.20896234883799
2026-01-06 13:20:00,56.735125799115075
2026-01-06 13:25:00,51.28312188273532
2026-01-06 13:30:00,53.59793496068419
2026-01-06 13:35:00,54.68736495784698
2026-01-06 13:40:00,51.977368884988955
2026-01-06 13:45:00,51.828953015871875
2026-01-06 13:50:00,59.02139331470951
2026-01-06 13:55:00,55.30635230157105
2026-01-06 14:00:00,55.19069111980083
2026-01-06 14:05:00,56.40859756428761
2026-01-06 14:10:00,48.844884091088154
2026-01-06 14:15:00,51.28224924123871
2026-01-06 14:20:00,49.90352333586833
2026-01-06 14:25:00,62.16695400979478
2026-01-06 14:30:00,54.45297844086572
2026-01-06 14:35:00,53.602481997176056
2026-01-06 14:40:00,59.776562496599844
2026-01-06 14:45:00,56.40496082566746
2026-01-06 14:50:00,63.24284025646654
2026-01-06 14:55:00,53.46864598067593
2026-01-06 15:00:00,55.26412026789553
2026-01-06 15:05:00,56.620045601489785
2026-01-06 15:10:00,51.987663431323426
2026-01-06 15:15:00,48.80177453911303
2026-01-06 15:20:00,60.11859713259436
2026-01-06 15:25:00,54.57702423615156
2026-01-06 15:30:00,63.14823892984271
2026-01-06 15:35:00,54.40151073985222
2026-01-06 15:40:00,59.43555632770474
2026-01-06 15:45:00,56.06722516025182
2026-01-06 15:50:00,49.2414173868751
2026-01-06 15:55:00,51.9342912084653
2026-01-06 16:00:00,25.476094261773632
2026-01-06 16:05:00,32.30434509357883
2026-01-06 16:10:00,23.432633525244384
2026-01-06 16:15:00,25.45734728027919
2026-01-06 16:20:00,34.05295397991661
2026-01-06 16:25:00,30.875737531153877
2026-01-06 16:30:00,37.040647132860855
2026-01-06 16:35:00,35.65058429884145
2026-01-06 16:40:00,39.66494661294653
2026-01-06 16:45:00,40.32701782814777
2026-01-06 16:50:00,38.33312965886873
2026-01-06 16:55:00,29.772788032099644
2026-01-06 17:00:00,32.895238417291324
2026-01-06 17:05:00,24.452913309105455
2026-01-06 17:10:00,22.252902190466656
2026-01-06 17:15:00,31.754195151744675
2026-01-06 17:20:00,29.28879448931134
2026-01-06 17:25:00,28.451809418801943
2026-01-06 17:30:00,24.211529851640478
2026-01-06 17:35:00,34.12202661142211
2026-01-06 17:40:00,29.548353916113918
2026-01-06 17:45:00,40.807388642286945
2026-01-06 17:50:00,25.41026822614195
2026-01-06 17:55:00,35.22450128121803
2026-01-06 18:00:00,31.452463894705822
2026-01-06 18:05:00,22.87662481033853
2026-01-06 18:10:00,35.037345817282976
2026-01-06 18:15:00,24.071955569887262
2026-01-06 18:20:00,40.34539959603904
2026-01-06 18:25:00,23.558049423661224
2026-01-06 18:30:00,35.41230874541697
2026-01-06 18:35:00,38.32730390140354
2026-01-06 18:40:00,29.104308002199204
2026-01-06 18:45:00,31.86930501345228
2026-01-06 18:50:00,20.095450523655707
2026-01-06 18:55:00,38.08900413524872
2026-01-06 19:00:00,22.049292184760134
2026-01-06 19:05:00,25.118839568710065
2026-01-06 19:10:00,37.8190094601146
2026-01-06 19:15:00,24.974185262783315
2026-01-06 19:20:00,23.65911801941318
2026-01-06 19:25:00,23.07305672172362
2026-01-06 19:30:00,24.620876686089595
2026-01-06 19:35:00,35.16734337964975
2026-01-06 19:40:00,39.71842465958061
2026-01-06 19:45:00,21.67920129119501
2026-01-06 19:50:00,31.70509299750507
2026-01-06 19:55:00,28.835036911344844
2026-01-06 20:00:00,66.00339538240993
2026-01-06 20:05:00,62.79877016724884
2026-01-06 20:10:00,63.34006697473997
2026-01-06 20:15:00,65.31658204622869
2026-01-06 20:20:00,63.22872961950728
2026-01-06 20:25:00,66.12490604135219
2026-01-06 20:30:00,58.611356417601286
2026-01-06 20:35:00,66.14586693922011
2026-01-06 20:40:00,63.71397279364066
2026-01-06 20:45:00,67.23142909854035
2026-01-06 20:50:00,61.63315246739401
2026-01-06 20:55:00,64.46281374765039
2026-01-06 21:00:00,62.24944827756235
2026-01-06 21:05:00,66.56239842274124
2026-01-06 21:10:00,64.56245371439029
2026-01-06 21:15:00,61.8936071115603
2026-01-06 21:20:00,68.4415139101559
2026-01-06 21:25:00,67.02809779260114
2026-01-06 21:30:00,65.49830059849931
2026-01-06 21:35:00,62.528844083305735
2026-01-06 21:40:00,65.3988239845365
2026-01-06 21:45:00,63.59180982283875
2026-01-06 21:50:00,63.624272893232444
2026-01-06 21:55:00,68.83040693004237
2026-01-06 22:00:00,62.3192071309595
2026-01-06 22:05:00,70.04057425093642
2026-01-06 22:10:00,68.036636763903
2026-01-06 22:15:00,69.6622555641897
2026-01-06 22:20:00,65.51514234759662
2026-01-06 22:25:00,64.52293141038457
2026-01-06 22:30:00,67.70120584645223
2026-01-06 22:35:00,65.46525291219464
2026-01-06 22:40:00,62.27435625586722
2026-01-06 22:45:00,61.61320897901248
2026-01-06 22:50:00,68.34120031454485
2026-01-06 22:55:00,64.15686967423535
2026-01-06 23:00:00,64.04849634803045
2026-01-06 23:05:00,67.11801736853015
2026-01-06 23:10:00,61.5294945183214
2026-01-06 23:15:00,65.30512824759997
2026-01-06 23:20:00,65.16161630067607
2026-01-06 23:25:00,61.398046760631445
2026-01-06 23:30:00,66.50150626556923
2026-01-06 23:35:00,67.76717363800749
2026-01-06 23:40:00,67.9724239809132
2026-01-06 23:45:00,66.62695596915583
2026-01-06 23:50:00,65.8636295678517
2026-01-06 23:55:00,66.41596158582298
2026-01-07 00:00:00,62.128156083280786
2026-01-07 00:05:00,65.4931568349822
2026-01-07 00:10:00,59.34846032646023
2026-01-07 00:15:00,66.46994487092516
2026-01-07 00:20:00,62.892274132232004
2026-01-07 00:25:00,60.89167118762637
2026-01-07 00:30:00,67.58818265976282
2026-01-07 00:35:00,60.57195810017297
2026-01-07 00:40:00,60.74020082342113
2026-01-07 00:45:00,59.49866708075733
2026-01-07 00:50:00,63.694581100750725
2026-01-07 00:55:00,58.02150671871342
2026-01-07 01:00:00,60.03309967231983
2026-01-07 01:05:00,62.16296869414909
2026-01-07 01:10:00,67.2078485482942
2026-01-07 01:15:00,63.64553764332049
2026-01-07 01:20:00,66.76086111043315
2026-01-07 01:25:00,66.47355758884879
2026-01-07 01:30:00,63.159649495216875
2026-01-07 01:35:00,71.44250471486313
2026-01-07 01:40:00,58.83476901210877
2026-01-07 01:45:00,65.1884498653089
2026-01-07 01:50:00,67.15159074811972
2026-01-07 01:55:00,65.05180151232021
2026-01-07 02:00:00,63.368739995820846
2026-01-07 02:05:00,66.96964042931216
2026-01-07 02:10:00,63.61100344839853
2026-01-07 02:15:00,59.549849761539235
2026-01-07 02:20:00,70.08456794220925
2026-01-07 02:25:00,65.2852053222274
2026-01-07 02:30:00,70.1980807068205
2026-01-07 02:35:00,67.67862008435219
2026-01-07 02:40:00,70.71486033185592
2026-01-07 02:45:00,55.67913061205497
2026-01-07 02:50:00,59.738974963792614
2026-01-07 02:55:00,68.9906625176606
2026-01-07 03:00:00,59.56896021004257
2026-01-07 03:05:00,68.81991140569966
2026-01-07 03:10:00,65.82842213255066
2026-01-07 03:15:00,61.18803582031784
2026-01-07 03:20:00,62.16783447449572
2026-01-07 03:25:00,62.34640364519443
2026-01-07 03:30:00,67.90360071206022
2026-01-07 03:35:00,60.15814171523811
2026-01-07 03:40:00,64.25037577965182
2026-01-07 03:45:00,65.83702773676013
2026-01-07 03:50:00,69.0439442185344
2026-01-07 03:55:00,64.4887724756551
2026-01-07 04:00:00,60.925848193094964
2026-01-07 04:05:00,63.90261735208956
2026-01-07 04:10:00,64.20572605813942
2026-01-07 04:15:00,65.27010315037671
2026-01-07 04:20:00,64.80379745292815
2026-01-07 04:25:00,62.5750667257972
2026-01-07 04:30:00,65.90711388250499
2026-01-07 04:35:00,63.56909553384777
2026-01-07 04:40:00,63.87948076437186
2026-01-07 04:45:00,66.16782047523284
2026-01-07 04:50:00,63.33349135119378
2026-01-07 04:55:00,60.69109327278616
2026-01-07 05:00:00,67.7170163009125
2026-01-07 05:05:00,66.26133746326302
2026-01-07 05:10:00,59.811187568227766
2026-01-07 05:15:00,64.03620779793712
2026-01-07 05:20:00,66.84506413036519
2026-01-07 05:25:00,64.4719279375413
2026-01-07 05:30:00,64.57080437843874
2026-01-07 05:35:00,68.74388528965865
2026-01-07 05:40:00,64.09258485846796
2026-01-07 05:45:00,66.91389970553008
2026-01-07 05:50:00,67.95043557974915
2026-01-07 05:55:00,62.11121314427668
2026-01-07 06:00:00,64.76393406181872
2026-01-07 06:05:00,62.91940489102879
2026-01-07 06:10:00,62.39251265310653
2026-01-07 06:15:00,69.51569340826559
2026-01-07 06:20:00,63.90235058634321
2026-01-07 06:25:00,65.64953749962602
2026-01-07 06:30:00,64.76041644805846
2026-01-07 06:35:00,61.6905852564018
2026-01-07 06:40:00,66.53175398098885
2026-01-07 06:45:00,63.09904590634558
2026-01-07 06:50:00,59.44773449265996
2026-01-07 06:55:00,60.23627807553895
2026-01-07 07:00:00,41.03444549803724
2026-01-07 07:05:00,35.71586204809804
2026-01-07 07:10:00,41.46894759916886
2026-01-07 07:15:00,30.909813182348934
2026-01-07 07:20:00,26.359215916926814
2026-01-07 07:25:00,33.57592316265359
2026-01-07 07:30:00,43.10327276588164
2026-01-07 07:35:00,40.5278780453804
2026-01-07 07:40:00,33.49866034769178
2026-01-07 07:45:00,32.444944164457894
2026-01-07 07:50:00,26.174590910742552
2026-01-07 07:55:00,35.17031944486138
2026-01-07 08:00:00,38.37847746067442
2026-01-07 08:05:00,38.77411706510623
2026-01-07 08:10:00,38.26641291533231
2026-01-07 08:15:00,30.229313439355202
2026-01-07 08:20:00,20.652940978108276
2026-01-07 08:25:00,35.25527923757936
2026-01-07 08:30:00,33.474928421261424
2026-01-07 08:35:00,29.79028906388374
2026-01-07 08:40:00,36.0295624236164
2026-01-07 08:45:00,27.84704398998336
2026-01-07 08:50:00,41.4714542620391
2026-01-07 08:55:00,33.77005081633415
2026-01-07 09:00:00,32.88509714302319
2026-01-07 09:05:00,44.70776321207214
2026-01-07 09:10:00,42.4892105286334
2026-01-07 09:15:00,40.144040352327664
2026-01-07 09:20:00,47.265143472590346
2026-01-07 09:25:00,21.813163926633457
2026-01-07 09:30:00,37.22349891749677
2026-01-07 09:35:00,40.19332743886601
2026-01-07 09:40:00,23.043457835300927
2026-01-07 09:45:00,43.16132285096188
2026-01-07 09:50:00,42.46555407776906
2026-01-07 09:55:00,32.948959122399586
2026-01-07 10:00:00,53.71987907647069
2026-01-07 10:05:00,51.25045836323567
2026-01-07 10:10:00,61.74687362730676
2026-01-07 10:15:00,57.678325708192936
2026-01-07 10:20:00,50.88348907745485
2026-01-07 10:25:00,55.42341243623412
2026-01-07 10:30:00,48.2665956147108
2026-01-07 10:35:00,51.39346609880702
2026-01-07 10:40:00,56.35739671721281
2026-01-07 10:45:00,48.214625993878585
2026-01-07 10:50:00,58.05154636864605
2026-01-07 10:55:00,51.63926719868957
2026-01-07 11:00:00,52.46557045710856
2026-01-07 11:05:00,54.144136186592924
2026-01-07 11:10:00,56.953656721008805
2026-01-07 11:15:00,61.604632546284705
2026-01-07 11:20:00,55.66811981243455
2026-01-07 11:25:00,53.38560940384301
2026-01-07 11:30:00,54.69252786995696
2026-01-07 11:35:00,55.66389960143329
2026-01-07 11:40:00,52.446696233262486
2026-01-07 11:45:00,53.88715970643421
2026-01-07 11:50:00,58.96161610255167
2026-01-07 11:55:00,55.322308101099495
2026-01-07 12:00:00,57.18298834668195
2026-01-07 12:05:00,61.38958269991992
2026-01-07 12:10:00,59.08704081182538
2026-01-07 12:15:00,50.15811328366214
2026-01-07 12:20:00,47.081146069578004
2026-01-07 12:25:00,50.645375014909156
2026-01-07 12:30:00,52.3645090828815
2026-01-07 12:35:00,53.5229186633115
2026-01-07 12:40:00,54.86438754892363
2026-01-07 12:45:00,64.27000251594356
2026-01-07 12:50:00,49.37919367959607
2026-01-07 12:55:00,53.65586362377192
2026-01-07 13:00:00,56.751915352785915
2026-01-07 13:05:00,48.785995018684716
2026-01-07 13:10:00,55.97369464617219
2026-01-07 13:15:00,54.47434147848886
2026-01-07 13:20:00,51.71246498962259
2026-01-07 13:25:00,53.99275174452289
2026-01-07 13:30:00,57.95242918571143
2026-01-07 13:35:00,58.05619693648327
2026-01-07 13:40:00,57.10287718540794
2026-01-07 13:45:00,60.589603354114914
2026-01-07 13:50:00,50.83603118796152
2026-01-07 13:55:00,55.29905446132301
2026-01-07 14:00:00,48.98082521000558
2026-01-07 14:05:00,58.981063476753974
2026-01-07 14:10:00,47.07490542697575
2026-01-07 14:15:00,57.650348419225466
2026-01-07 14:20:00,54.067206540617846
2026-01-07 14:25:00,55.91428411765716
2026-01-07 14:30:00,59.4782694580211
2026-01-07 14:35:00,53.03469768355783
2026-01-07 14:40:00,52.88045733020835
2026-01-07 14:45:00,52.07895812695113
2026-01-07 14:50:00,56.95489071982795
2026-01-07 14:55:00,54.52012242570893
2026-01-07 15:00:00,48.727742825939025
2026-01-07 15:05:00,56.625585974432724
2026-01-07 15:10:00,59.70859204897454
2026-01-07 15:15:00,48.7739475011847
2026-01-07 15:20:00,50.0032406778624
2026-01-07 15:25:00,50.30040685424464
2026-01-07 15:30:00,48.3421024984095
2026-01-07 15:35:00,46.41612650052605
2026-01-07 15:40:00,52.635146938565036
2026-01-07 15:45:00,59.99970433561436
2026-01-07 15:50:00,42.22273447929334
2026-01-07 15:55:00,54.67968712359464
2026-01-07 16:00:00,32.62889889985785
2026-01-07 16:05:00,17.25956129687423
2026-01-07 16:10:00,24.95344013297441
2026-01-07 16:15:00,24.201083224414347
2026-01-07 16:20:00,30.049749774364564
2026-01-07 16:25:00,36.222837575670475
2026-01-07 16:30:00,37.840080608165586
2026-01-07 16:35:00,26.650421948097907
2026-01-07 16:40:00,35.63387389893181
2026-01-07 16:45:00,27.086463709709864
2026-01-07 16:50:00,32.64706643430813
2026-01-07 16:55:00,40.324204099002216
2026-01-07 17:00:00,36.82461492169016
2026-01-07 17:05:00,29.627682879503656
2026-01-07 17:10:00,17.806896153197634
2026-01-07 17:15:00,38.353367044404415
2026-01-07 17:20:00,24.75778616472983
2026-01-07 17:25:00,35.431198644755845
2026-01-07 17:30:00,22.189926418318812
2026-01-07 17:35:00,41.74565926073145
2026-01-07 17:40:00,35.42346089487829
2026-01-07 17:45:00,32.642666126128
2026-01-07 17:50:00,31.17201212866306
2026-01-07 17:55:00,21.62104962531078
2026-01-07 18:00:00,31.67145842547666
2026-01-07 18:05:00,39.031067749441036
2026-01-07 18:10:00,35.72962819288642
2026-01-07 18:15:00,37.87368941958424
2026-01-07 18:20:00,33.65105614173647
2026-01-07 18:25:00,22.605310903912414
2026-01-07 18:30:00,26.77040466976369
2026-01-07 18:35:00,23.29933361388685
2026-01-07 18:40:00,29.81791210452288
2026-01-07 18:45:00,32.71205296546391
2026-01-07 18:50:00,36.12752371128841
2026-01-07 18:55:00,28.78895689187149
2026-01-07 19:00:00,22.847923561927573
2026-01-07 19:05:00,24.2280253684315
2026-01-07 19:10:00,31.305445781096125
2026-01-07 19:15:00,30.570651135784424
2026-01-07 19:20:00,35.8547704007368
2026-01-07 19:25:00,37.21798785888433
2026-01-07 19:30:00,19.29265310402811
2026-01-07 19:35:00,31.937522941819175
2026-01-07 19:40:00,33.777879928419544
2026-01-07 19:45:00,22.91269706147636
2026-01-07 19:50:00,20.349980622274735
2026-01-07 19:55:00,40.05411629121017
2026-01-07 20:00:00,67.65676271974242
2026-01-07 20:05:00,62.03228260689679
2026-01-07 20:10:00,62.198625726683254
2026-01-07 20:15:00,60.89829343299455
2026-01-07 20:20:00,62.26171050308479
2026-01-07 20:25:00,64.45322946139892
2026-01-07 20:30:00,60.67751301088855
2026-01-07 20:35:00,63.07160158732504
2026-01-07 20:40:00,70.34887620063942
2026-01-07 20:45:00,65.73140587915768
2026-01-07 20:50:00,63.59324996067602
2026-01-07 20:55:00,61.80511935905002
2026-01-07 21:00:00,70.19025393973641
2026-01-07 21:05:00,65.6046647337566
2026-01-07 21:10:00,65.54132836779668
2026-01-07 21:15:00,63.35101250087242
2026-01-07 21:20:00,66.60574259137151
2026-01-07 21:25:00,59.57875056289785
2026-01-07 21:30:00,65.40499698662204
2026-01-07 21:35:00,65.73463632978753
2026-01-07 21:40:00,63.5013428586702
2026-01-07 21:45:00,65.39005889137717
2026-01-07 21:50:00,67.9162985098298
2026-01-07 21:55:00,66.65170198809268
2026-01-07 22:00:00,62.34789233714399
2026-01-07 22:05:00,64.52232001732064
2026-01-07 22:10:00,66.90989465821204
2026-01-07 22:15:00,62.582585833986855
2026-01-07 22:20:00,68.73151305435461
2026-01-07 22:25:00,67.59604043059372
2026-01-07 22:30:00,63.84843587973858
2026-01-07 22:35:00,66.82223239388681
2026-01-07 22:40:00,60.59044229554854
2026-01-07 22:45:00,66.70502791590212
2026-01-07 22:50:00,67.61919157258676
2026-01-07 22:55:00,63.67769858699031
2026-01-07 23:00:00,65.26562288732346
2026-01-07 23:05:00,63.32890343185469
2026-01-07 23:10:00,66.08458656873125
2026-01-07 23:15:00,64.76259487653631
2026-01-07 23:20:00,68.7522764175337
2026-01-07 23:25:00,67.03998360646996
2026-01-07 23:30:00,63.62710375523506
2026-01-07 23:35:00,70.88826951191304
2026-01-07 23:40:00,59.39728490896264
2026-01-07 23:45:00,64.00395255239144
2026-01-07 23:50:00,60.18495344884705
2026-01-07 23:55:00,64.81196721743744
2026-01-08 00:00:00,57.99108744139383
2026-01-08 00:05:00,67.05095810279079
2026-01-08 00:10:00,69.51106259147505
2026-01-08 00:15:00,62.55727123412314
2026-01-08 00:20:00,60.73122569027982
2026-01-08 00:25:00,60.99989345319562
2026-01-08 00:30:00,66.14473917160333
2026-01-08 00:35:00,64.36846108841213
2026-01-08 00:40:00,66.65578417485442
2026-01-08 00:45:00,67.43743978336636
2026-01-08 00:50:00,66.34596662607161
2026-01-08 00:55:00,68.1585793517397
2026-01-08 01:00:00,63.86689403381044
2026-01-08 01:05:00,67.47179231091978
2026-01-08 01:10:00,61.96361024892488
2026-01-08 01:15:00,64.13186024815514
2026-01-08 01:20:00,59.831801128617116
2026-01-08 01:25:00,63.86003983584672
2026-01-08 01:30:00,62.691097757116125
2026-01-08 01:35:00,62.730034348162874
2026-01-08 01:40:00,64.98046843612846
2026-01-08 01:45:00,65.83650872062931
2026-01-08 01:50:00,68.89976115006506
2026-01-08 01:55:00,69.93405017520922
2026-01-08 02:00:00,60.1366307215887
2026-01-08 02:05:00,71.10700482195624
2026-01-08 02:10:00,62.851816086051684
2026-01-08 02:15:00,62.61873151656411
2026-01-08 02:20:00,61.437171052708166
2026-01-08 02:25:00,61.71662546499319
2026-01-08 02:30:00,61.86435528661278
2026-01-08 02:35:00,66.34011893742414
2026-01-08 02:40:00,66.95384248003208
2026-01-08 02:45:00,62.96850867869817
2026-01-08 02:50:00,65.20702641933389
2026-01-08 02:55:00,65.121639944515
2026-01-08 03:00:00,67.70544259667653
2026-01-08 03:05:00,63.39097691057586
2026-01-08 03:10:00,64.39323798240719
2026-01-08 03:15:00,63.27653949125659
2026-01-08 03:20:00,67.43471473768703
2026-01-08 03:25:00,64.53922824976645
2026-01-08 03:30:00,60.32551736517085
2026-01-08 03:35:00,62.225814852638045
2026-01-08 03:40:00,58.69224136864754
2026-01-08 03:45:00,68.90432185972912
2026-01-08 03:50:00,60.63909463428044
2026-01-08 03:55:00,70.57200717590864
2026-01-08 04:00:00,66.10470353572894
2026-01-08 04:05:00,62.23404888631856
2026-01-08 04:10:00,68.8467626138363
2026-01-08 04:15:00,65.74207584772113
2026-01-08 04:20:00,58.54272401785959
2026-01-08 04:25:00,62.6835069692238
2026-01-08 04:30:00,64.97498412929076
2026-01-08 04:35:00,68.36238292492182
2026-01-08 04:40:00,65.79827297346856
2026-01-08 04:45:00,65.2293393905722
2026-01-08 04:50:00,63.40806870489014
2026-01-08 04:55:00,66.89907840432579
2026-01-08 05:00:00,67.01165337627549
2026-01-08 05:05:00,64.18378722254523
2026-01-08 05:10:00,66.92260875030455
2026-01-08 05:15:00,64.4455825204903
2026-01-08 05:20:00,61.63191052460539
2026-01-08 05:25:00,68.31003016462608
2026-01-08 05:30:00,65.32968093124796
2026-01-08 05:35:00,69.65863064856075
2026-01-08 05:40:00,63.539831786683386
2026-01-08 05:45:00,66.30775728712386
2026-01-08 05:50:00,62.652860192287775
2026-01-08 05:55:00,63.10935851857562
2026-01-08 06:00:00,68.47034920359364
2026-01-08 06:05:00,67.2465087714989
2026-01-08 06:10:00,67.2258212934558
2026-01-08 06:15:00,61.90179443710747
2026-01-08 06:20:00,66.18991226005014
2026-01-08 06:25:00,64.45659066502459
2026-01-08 06:30:00,62.648291309917724
2026-01-08 06:35:00,62.32746375736504
2026-01-08 06:40:00,68.45338576637644
2026-01-08 06:45:00,65.93011598969017
2026-01-08 06:50:00,63.90728133952514
2026-01-08 06:55:00,63.207570814425374
2026-01-08 07:00:00,34.22778981884418
2026-01-08 07:05:00,30.509542996526882
2026-01-08 07:10:00,23.921531218049857
2026-01-08 07:15:00,27.286610041850434
2026-01-08 07:20:00,27.344372589941685
2026-01-08 07:25:00,34.028757516025316
2026-01-08 07:30:00,25.859089885374516
2026-01-08 07:35:00,39.45732734447045
2026-01-08 07:40:00,26.307354461792055
2026-01-08 07:45:00,47.145450421330004
2026-01-08 07:50:00,41.84475329160901
2026-01-08 07:55:00,47.40073489893027
2026-01-08 08:00:00,45.8886080269797
2026-01-08 08:05:00,34.348712268653486
2026-01-08 08:10:00,35.0584703046231
2026-01-08 08:15:00,26.070248837246236
2026-01-08 08:20:00,45.48096730912143
2026-01-08 08:25:00,33.31036142229633
2026-01-08 08:30:00,32.18321757388444
2026-01-08 08:35:00,42.87134674371296
2026-01-08 08:40:00,26.624649102091638
2026-01-08 08:45:00,47.688219137826195
2026-01-08 08:50:00,33.04673320062692
2026-01-08 08:55:00,37.270335092013354
2026-01-08 09:00:00,37.347083155927145
2026-01-08 09:05:00,22.481480188394535
2026-01-08 09:10:00,32.368280090254316
2026-01-08 09:15:00,25.210107165456083
2026-01-08 09:20:00,34.176206879138306
2026-01-08 09:25:00,33.170599803368816
2026-01-08 09:30:00,41.635624874521895
2026-01-08 09:35:00,40.68565497040939
2026-01-08 09:40:00,43.99706395103033
2026-01-08 09:45:00,28.21380069481753
2026-01-08 09:50:00,32.22651132302691
2026-01-08 09:55:00,27.047907405063448
2026-01-08 10:00:00,52.981513154455094
2026-01-08 10:05:00,59.836496902389065
2026-01-08 10:10:00,53.12233237131924
2026-01-08 10:15:00,52.842432829776506
2026-01-08 10:20:00,49.097900123294
2026-01-08 10:25:00,56.45334392238895
2026-01-08 10:30:00,56.49716173530609
2026-01-08 10:35:00,58.89553544749583
2026-01-08 10:40:00,51.819488737096975
2026-01-08 10:45:00,62.362802518112964
2026-01-08 10:50:00,55.01535085845945
2026-01-08 10:55:00,54.995490817672696
2026-01-08 11:00:00,59.42405354813976
2026-01-08 11:05:00,51.70169252438684
2026-01-08 11:10:00,48.77041514336343
2026-01-08 11:15:00,48.42196763440193
2026-01-08 11:20:00,62.21659070991935
2026-01-08 11:25:00,51.38738978019019
2026-01-08 11:30:00,63.298152140302435
2026-01-08 11:35:00,58.551527609238605
2026-01-08 11:40:00,49.43460077183229
2026-01-08 11:45:00,58.334820302111055
2026-01-08 11:50:00,62.35670959687695
2026-01-08 11:55:00,54.77989623620941
2026-01-08 12:00:00,52.52038222332315
2026-01-08 12:05:00,51.763205789232146
2026-01-08 12:10:00,52.77117474252162
2026-01-08 12:15:00,58.59872596571617
2026-01-08 12:20:00,60.47759966851606
2026-01-08 12:25:00,50.249934970624906
2026-01-08 12:30:00,56.46051084435608
2026-01-08 12:35:00,51.444493564747276
2026-01-08 12:40:00,62.398042702214106
2026-01-08 12:45:00,56.29442683460632
2026-01-08 12:50:00,58.17222968371267
2026-01-08 12:55:00,50.497294455855496
2026-01-08 13:00:00,60.831009365084256
2026-01-08 13:05:00,53.71432141602943
2026-01-08 13:10:00,60.751761450801524
2026-01-08 13:15:00,57.80107266281887
2026-01-08 13:20:00,46.31886484442236
2026-01-08 13:25:00,56.571941191587506
2026-01-08 13:30:00,49.71652477645381
2026-01-08 13:35:00,48.08460925342907
2026-01-08 13:40:00,56.8443480255586
2026-01-08 13:45:00,58.849543670052306
2026-01-08 13:50:00,60.42327185146856
2026-01-08 13:55:00,51.094001263710055
2026-01-08 14:00:00,55.32529025611189
2026-01-08 14:05:00,55.55558997726759
2026-01-08 14:10:00,47.72675545695514
2026-01-08 14:15:00,56.26315814658792
2026-01-08 14:20:00,55.36353666375484
2026-01-08 14:25:00,55.5864370263354
2026-01-08 14:30:00,58.51531520375243
2026-01-08 14:35:00,60.926891068717225
2026-01-08 14:40:00,51.60745171243424
2026-01-08 14:45:00,47.19197017807551
2026-01-08 14:50:00,46.29739836225173
2026-01-08 14:55:00,56.79128254252518
2026-01-08 15:00:00,58.14975466795322
2026-01-08 15:05:00,49.75727538202273
2026-01-08 15:10:00,56.70255667917553
2026-01-08 15:15:00,56.45747430983708
2026-01-08 15:20:00,55.602222614054064
2026-01-08 15:25:00,55.43723858634275
2026-01-08 15:30:00,53.79394932727459
2026-01-08 15:35:00,57.27959588889109
2026-01-08 15:40:00,59.15787737775178
2026-01-08 15:45:00,55.93895463796216
2026-01-08 15:50:00,46.984610800334096
2026-01-08 15:55:00,63.11535999752042
2026-01-08 16:00:00,28.4480824692479
2026-01-08 16:05:00,28.021528717031725
2026-01-08 16:10:00,33.96775871500306
2026-01-08 16:15:00,13.822209277147879
2026-01-08 16:20:00,38.20120170204012
2026-01-08 16:25:00,27.33503531737742
2026-01-08 16:30:00,30.233561754100894
2026-01-08 16:35:00,30.298381746440995
2026-01-08 16:40:00,24.625427578679982
2026-01-08 16:45:00,26.62175235821151
2026-01-08 16:50:00,22.456573973640896
2026-01-08 16:55:00,35.86506399300714
2026-01-08 17:00:00,28.464138634855235
2026-01-08 17:05:00,24.486355032594467
2026-01-08 17:10:00,23.016212442776144
2026-01-08 17:15:00,40.17023413776548
2026-01-08 17:20:00,29.50135975704392
2026-01-08 17:25:00,25.602442439339843
2026-01-08 17:30:00,44.165175453614275
2026-01-08 17:35:00,21.45891455263319
2026-01-08 17:40:00,25.69763431797715
2026-01-08 17:45:00,17.624038075050695
2026-01-08 17:50:00,43.785583651833576
2026-01-08 17:55:00,33.84436273391144
2026-01-08 18:00:00,26.815833210056603
2026-01-08 18:05:00,42.51546106628483
2026-01-08 18:10:00,17.063446912031154
2026-01-08 18:15:00,29.797692438298203
2026-01-08 18:20:00,32.428749569512625
2026-01-08 18:25:00,30.96790679041109
2026-01-08 18:30:00,40.390048864913155
2026-01-08 18:35:00,40.32575556153526
2026-01-08 18:40:00,31.345457058667517
2026-01-08 18:45:00,34.29178071831992
2026-01-08 18:50:00,25.16234222498196
2026-01-08 18:55:00,20.05929300844397
2026-01-08 19:00:00,22.957674084052428
2026-01-08 19:05:00,32.74520933329322
2026-01-08 19:10:00,30.25599426776009
2026-01-08 19:15:00,29.05976367762915
2026-01-08 19:20:00,41.92462985699727
2026-01-08 19:25:00,23.011710274743862
2026-01-08 19:30:00,26.60123141998598
2026-01-08 19:35:00,29.70165988746871
2026-01-08 19:40:00,28.603662268496162
2026-01-08 19:45:00,36.30083492255981
2026-01-08 19:50:00,26.78984277508035
2026-01-08 19:55:00,35.46328455456549
2026-01-08 20:00:00,60.419740360287946
2026-01-08 20:05:00,61.499944955699476
2026-01-08 20:10:00,63.444057877842376
2026-01-08 20:15:00,65.06956429924573
2026-01-08 20:20:00,63.98649413928445
2026-01-08 20:25:00,61.97590090506601
2026-01-08 20:30:00,65.77309850566135
2026-01-08 20:35:00,66.14539229936405
2026-01-08 20:40:00,61.67309108736987
2026-01-08 20:45:00,69.22171808350203
2026-01-08 20:50:00,66.51124103209384
2026-01-08 20:55:00,58.43764094277307
2026-01-08 21:00:00,61.02678611962247
2026-01-08 21:05:00,68.00539753805164
2026-01-08 21:10:00,61.489276522647124
2026-01-08 21:15:00,62.02363089573967
2026-01-08 21:20:00,65.62970630767863
2026-01-08 21:25:00,67.80717936439729
2026-01-08 21:30:00,67.25606258869782
2026-01-08 21:35:00,65.61612398638982
2026-01-08 21:40:00,69.41373890922786
2026-01-08 21:45:00,64.15838299992889
2026-01-08 21:50:00,68.0661203781836
2026-01-08 21:55:00,59.71095500242157
2026-01-08 22:00:00,63.36727474735898
2026-01-08 22:05:00,64.51406366990031
2026-01-08 22:10:00,64.46594967282569
2026-01-08 22:15:00,64.03359690726337
2026-01-08 22:20:00,65.2104623453882
2026-01-08 22:25:00,65.81116899238344
2026-01-08 22:30:00,61.72623542852543
2026-01-08 22:35:00,67.00290972146875
2026-01-08 22:40:00,60.17764594888668
2026-01-08 22:45:00,62.90451005834811
2026-01-08 22:50:00,60.33235090813806
2026-01-08 22:55:00,61.61706710137873
2026-01-08 23:00:00,60.223663236504876
2026-01-08 23:05:00,65.88930290082175
2026-01-08 23:10:00,63.39137143866666
2026-01-08 23:15:00,65.69561789497097
2026-01-08 23:20:00,60.81200062292065
2026-01-08 23:25:00,64.82975546574424
2026-01-08 23:30:00,66.01708721350231
2026-01-08 23:35:00,65.46172890700085
2026-01-08 23:40:00,63.88858199959344
2026-01-08 23:45:00,64.09439978667659
2026-01-08 23:50:00,71.07973740035496
2026-01-08 23:55:00,64.06709732835414
2026-01-09 00:00:00,66.10343406219133
2026-01-09 00:05:00,62.74165308914542
2026-01-09 00:10:00,71.0722070788602
2026-01-09 00:15:00,60.63639109229926
2026-01-09 00:20:00,62.97097628430323
2026-01-09 00:25:00,67.28099798110014
2026-01-09 00:30:00,63.80431865190541
2026-01-09 00:35:00,63.064327910471846
2026-01-09 00:40:00,64.54205399419953
2026-01-09 00:45:00,62.22590893982762
2026-01-09 00:50:00,64.19979777830935
2026-01-09 00:55:00,64.57293827363223
2026-01-09 01:00:00,66.7968369042167
2026-01-09 01:05:00,67.58971410747026
2026-01-09 01:10:00,61.0355582123089
2026-01-09 01:15:00,58.33344085945429
2026-01-09 01:20:00,66.6298143999736
2026-01-09 01:25:00,65.76047741814524
2026-01-09 01:30:00,68.15370508114367
2026-01-09 01:35:00,66.27058118982357
2026-01-09 01:40:00,66.9075531370296
2026-01-09 01:45:00,62.13865677648983
2026-01-09 01:50:00,57.146679867705394
2026-01-09 01:55:00,66.20561109047571
2026-01-09 02:00:00,61.60650215508628
2026-01-09 02:05:00,62.71541555219386
2026-01-09 02:10:00,63.52332996947999
2026-01-09 02:15:00,61.783054465770135
2026-01-09 02:20:00,63.427746481676266
2026-01-09 02:25:00,65.85593620758279
2026-01-09 02:30:00,64.8496118431832
2026-01-09 02:35:00,67.77969371154059
2026-01-09 02:40:00,64.84114570429239
2026-01-09 02:45:00,65.31626897577803
2026-01-09 02:50:00,66.31922379776283
2026-01-09 02:55:00,63.64323696145901
2026-01-09 03:00:00,69.35517415641972
2026-01-09 03:05:00,71.09585854246554
2026-01-09 03:10:00,61.264462662809606
2026-01-09 03:15:00,70.07189391576132
2026-01-09 03:20:00,65.19895512494661
2026-01-09 03:25:00,65.13533502809325
2026-01-09 03:30:00,63.85457562270584
2026-01-09 03:35:00,62.96759536747889
2026-01-09 03:40:00,63.00062418218849
2026-01-09 03:45:00,69.23993309539622
2026-01-09 03:50:00,66.14978564070925
2026-01-09 03:55:00,64.77732755892853
2026-01-09 04:00:00,66.80193589971468
2026-01-09 04:05:00,63.92181096377287
2026-01-09 04:10:00,62.50841782202396
2026-01-09 04:15:00,66.83942813567465
2026-01-09 04:20:00,69.92208647697912
2026-01-09 04:25:00,63.03969289794303
2026-01-09 04:30:00,63.66151442311426
2026-01-09 04:35:00,65.65541822380403
2026-01-09 04:40:00,65.76066949952843
2026-01-09 04:45:00,64.15295700592613
2026-01-09 04:50:00,63.663670342497646
2026-01-09 04:55:00,63.586799600774235
2026-01-09 05:00:00,65.95806093466251
2026-01-09 05:05:00,63.01576766776976
2026-01-09 05:10:00,67.15374806338946
2026-01-09 05:15:00,60.65089515931665
2026-01-09 05:20:00,65.60044750905193
2026-01-09 05:25:00,60.75476398263613
2026-01-09 05:30:00,62.97137658829543
2026-01-09 05:35:00,72.48868901279674
2026-01-09 05:40:00,63.91375450053422
2026-01-09 05:45:00,68.96157714062905
2026-01-09 05:50:00,64.0869962737603
2026-01-09 05:55:00,62.57823968566738
2026-01-09 06:00:00,66.22579180864257
2026-01-09 06:05:00,64.39757966948254
2026-01-09 06:10:00,63.91891514061744
2026-01-09 06:15:00,64.22518751667616
2026-01-09 06:20:00,66.56686711144009
2026-01-09 06:25:00,61.834232426679044
2026-01-09 06:30:00,70.3558135499647
2026-01-09 06:35:00,64.77817842683854
2026-01-09 06:40:00,65.4360989673214
2026-01-09 06:45:00,66.89321592988418
2026-01-09 06:50:00,65.09780759903731
2026-01-09 06:55:00,66.5841029964317
2026-01-09 07:00:00,36.55042699610394
2026-01-09 07:05:00,44.32640736128134
2026-01-09 07:10:00,48.27295770203078
2026-01-09 07:15:00,39.717879873906675
2026-01-09 07:20:00,36.063168342485774
2026-01-09 07:25:00,31.833417945192792
2026-01-09 07:30:00,40.46637682781049
2026-01-09 07:35:00,28.807654570791755
2026-01-09 07:40:00,36.44528392957779
2026-01-09 07:45:00,43.63206441094524
2026-01-09 07:50:00,30.203432197780195
2026-01-09 07:55:00,41.842399370186
2026-01-09 08:00:00,35.057315823035125
2026-01-09 08:05:00,29.62190008068179
2026-01-09 08:10:00,36.24505383501983
2026-01-09 08:15:00,25.891426129249574
2026-01-09 08:20:00,39.57252378890481
2026-01-09 08:25:00,37.87011364088677
2026-01-09 08:30:00,32.405488568594144
2026-01-09 08:35:00,30.185984592484676
2026-01-09 08:40:00,31.062679750145982
2026-01-09 08:45:00,29.029313806249704
2026-01-09 08:50:00,26.916272753486894
2026-01-09 08:55:00,29.07660183377118
2026-01-09 09:00:00,43.24681090364112
2026-01-09 09:05:00,42.94422496475422
2026-01-09 09:10:00,31.34229670937452
2026-01-09 09:15:00,24.215609240188208
2026-01-09 09:20:00,32.80931437959502
2026-01-09 09:25:00,25.35449706874976
2026-01-09 09:30:00,31.989723069730072
2026-01-09 09:35:00,37.21680921614709
2026-01-09 09:40:00,31.480355212872546
2026-01-09 09:45:00,38.6057798374268
2026-01-09 09:50:00,22.66841711974736
2026-01-09 09:55:00,25.831383351752976
2026-01-09 10:00:00,52.44508000221249
2026-01-09 10:05:00,57.55209224698953
2026-01-09 10:10:00,56.67444007922567
2026-01-09 10:15:00,51.14197649752285
2026-01-09 10:20:00,53.795719256913465
2026-01-09 10:25:00,50.62198517189331
2026-01-09 10:30:00,58.09641515925312
2026-01-09 10:35:00,57.49584770102071
2026-01-09 10:40:00,54.24254666216408
2026-01-09 10:45:00,50.6260966838929
2026-01-09 10:50:00,57.78112603126325
2026-01-09 10:55:00,55.8709947020552
2026-01-09 11:00:00,53.62793574904401
2026-01-09 11:05:00,55.218653130491994
2026-01-09 11:10:00,61.57116408958948
2026-01-09 11:15:00,53.76705183920723
2026-01-09 11:20:00,55.60852190514754
2026-01-09 11:25:00,61.17320351673421
2026-01-09 11:30:00,52.2870753563487
2026-01-09 11:35:00,53.893101669385985
2026-01-09 11:40:00,59.77599173517268
2026-01-09 11:45:00,54.883366487765144
2026-01-09 11:50:00,61.0978924029232
2026-01-09 11:55:00,57.5589493414429
2026-01-09 12:00:00,52.26930077210379
2026-01-09 12:05:00,60.73386372698004
2026-01-09 12:10:00,47.74928196595503
2026-01-09 12:15:00,57.638205615585825
2026-01-09 12:20:00,55.98270463967878
2026-01-09 12:25:00,61.219750923032315
2026-01-09 12:30:00,54.5636983822709
2026-01-09 12:35:00,43.0507816520722
2026-01-09 12:40:00,56.65824098429584
2026-01-09 12:45:00,61.04372372567297
2026-01-09 12:50:00,48.60396529030499
2026-01-09 12:55:00,56.19312659607401
2026-01-09 13:00:00,47.741754054903765
2026-01-09 13:05:00,57.2979578177389
2026-01-09 13:10:00,50.32945518096426
2026-01-09 13:15:00,54.230299873568846
2026-01-09 13:20:00,51.74821587624364
2026-01-09 13:25:00,56.72684419943966
2026-01-09 13:30:00,52.158916008610014
2026-01-09 13:35:00,55.52375122015863
2026-01-09 13:40:00,53.024844804020994
2026-01-09 13:45:00,56.89790811996007
2026-01-09 13:50:00,48.2265852683588
2026-01-09 13:55:00,59.72552085635478
2026-01-09 14:00:00,51.97615757755936
2026-01-09 14:05:00,49.13851510753842
2026-01-09 14:10:00,56.913482954714574
2026-01-09 14:15:00,57.12059054487789
2026-01-09 14:20:00,44.66762151045074
2026-01-09 14:25:00,53.32936151977839
2026-01-09 14:30:00,63.382709712353595
2026-01-09 14:35:00,61.038550566325185
2026-01-09 14:40:00,53.55790624359519
2026-01-09 14:45:00,58.05667806612756
2026-01-09 14:50:00,58.4484043310538
2026-01-09 14:55:00,59.60635125483266
2026-01-09 15:00:00,48.27140486914176
2026-01-09 15:05:00,53.11831480884285
2026-01-09 15:10:00,52.65211674377455
2026-01-09 15:15:00,48.23553988939634
2026-01-09 15:20:00,51.18582712171186
2026-01-09 15:25:00,57.3806347269875
2026-01-09 15:30:00,54.500056116335685
2026-01-09 15:35:00,55.08746733765219
2026-01-09 15:40:00,62.343544888333106
2026-01-09 15:45:00,51.112311746760945
2026-01-09 15:50:00,58.82663211598445
2026-01-09 15:55:00,57.57597336259142
2026-01-09 16:00:00,20.17566327102923
2026-01-09 16:05:00,14.276097361938621
2026-01-09 16:10:00,21.759371286030362
2026-01-09 16:15:00,30.507159306381183
2026-01-09 16:20:00,18.24751694398019
2026-01-09 16:25:00,31.298551516500495
2026-01-09 16:30:00,38.808824993725146
2026-01-09 16:35:00,35.96894943776277
2026-01-09 16:40:00,34.50885458270641
2026-01-09 16:45:00,30.20951387158309
2026-01-09 16:50:00,18.07505014137699
2026-01-09 16:55:00,23.674140662994887
2026-01-09 17:00:00,23.48026865670312
2026-01-09 17:05:00,34.09165383025125
2026-01-09 17:10:00,30.979012791040326
2026-01-09 17:15:00,24.96964166919278
2026-01-09 17:20:00,31.43761899371961
2026-01-09 17:25:00,23.077963449241032
2026-01-09 17:30:00,27.245170991547774
2026-01-09 17:35:00,34.50453259709156
2026-01-09 17:40:00,28.269214935485778
2026-01-09 17:45:00,26.363749441378687
2026-01-09 17:50:00,30.13191234153896
2026-01-09 17:55:00,38.827273113913606
2026-01-09 18:00:00,22.936991952805442
2026-01-09 18:05:00,28.237851034233813
2026-01-09 18:10:00,34.98326820259758
2026-01-09 18:15:00,25.824972613292243
2026-01-09 18:20:00,22.3140322785429
2026-01-09 18:25:00,22.527195766625056
2026-01-09 18:30:00,22.405065458104282
2026-01-09 18:35:00,30.18835315678838
2026-01-09 18:40:00,30.464462868646173
2026-01-09 18:45:00,31.27515189284568
2026-01-09 18:50:00,20.270898087004838
2026-01-09 18:55:00,27.98108486003268
2026-01-09 19:00:00,36.981168651880665
2026-01-09 19:05:00,31.70531520694159
2026-01-09 19:10:00,27.129647982615023
2026-01-09 19:15:00,32.08388922429722
2026-01-09 19:20:00,21.36374129790438
2026-01-09 19:25:00,32.18031613038868
2026-01-09 19:30:00,38.73753505116714
2026-01-09 19:35:00,27.375334472494703
2026-01-09 19:40:00,17.11615277765402
2026-01-09 19:45:00,45.594358638011606
2026-01-09 19:50:00,28.27947786806874
2026-01-09 19:55:00,31.573313649186986
2026-01-09 20:00:00,65.79938749528642
2026-01-09 20:05:00,67.02628296884133
2026-01-09 20:10:00,62.47934053490804
2026-01-09 20:15:00,65.73561645707616
2026-01-09 20:20:00,64.9195738552458
2026-01-09 20:25:00,66.91076763180476
2026-01-09 20:30:00,71.50443067435266
2026-01-09 20:35:00,62.79415418322092
2026-01-09 20:40:00,61.14401293532392
2026-01-09 20:45:00,64.7941261897597
2026-01-09 20:50:00,63.41567125862682
2026-01-09 20:55:00,68.98721391695962
2026-01-09 21:00:00,66.74632740741771
2026-01-09 21:05:00,64.05193726079459
2026-01-09 21:10:00,67.5301226465469
2026-01-09 21:15:00,62.60274199732676
2026-01-09 21:20:00,62.35425890011738
2026-01-09 21:25:00,65.21567205808537
2026-01-09 21:30:00,66.8165330491314
2026-01-09 21:35:00,64.5603986101959
2026-01-09 21:40:00,64.7206069567221
2026-01-09 21:45:00,65.63817276364051
2026-01-09 21:50:00,64.63144767154688
2026-01-09 21:55:00,65.57393650308288
2026-01-09 22:00:00,63.94459997355762
2026-01-09 22:05:00,61.340068124304196
2026-01-09 22:10:00,68.37712293951978
2026-01-09 22:15:00,64.0829764821927
2026-01-09 22:20:00,64.18205705521267
2026-01-09 22:25:00,67.36391753164911
2026-01-09 22:30:00,61.57541843526391
2026-01-09 22:35:00,60.23320640230184
2026-01-09 22:40:00,66.69986788468938
2026-01-09 22:45:00,64.7977470909966
2026-01-09 22:50:00,60.14979993410249
2026-01-09 22:55:00,67.80171424212335
2026-01-09 23:00:00,62.370573282860484
2026-01-09 23:05:00,61.13244636643556
2026-01-09 23:10:00,66.51295550798966
2026-01-09 23:15:00,66.25556624368456
2026-01-09 23:20:00,61.533475188704834
2026-01-09 23:25:00,72.07338392085062
2026-01-09 23:30:00,63.82344626569926
2026-01-09 23:35:00,65.57993582001512
2026-01-09 23:40:00,69.02670021333816
2026-01-09 23:45:00,64.4663731669601
2026-01-09 23:50:00,65.89083661812367
2026-01-09 23:55:00,65.77709694479051
2026-01-10 00:00:00,70.15158255442344
2026-01-10 00:05:00,63.305761366122155
2026-01-10 00:10:00,72.5146501357246
2026-01-10 00:15:00,66.43691219718205
2026-01-10 00:20:00,64.28601914897719
2026-01-10 00:25:00,65.63702304079571
2026-01-10 00:30:00,69.84040500719563
2026-01-10 00:35:00,67.93855537612528
2026-01-10 00:40:00,64.16012965962224
2026-01-10 00:45:00,63.08023391258125
2026-01-10 00:50:00,70.51837018603374
2026-01-10 00:55:00,72.61575492739519
2026-01-10 01:00:00,61.601755377880586
2026-01-10 01:05:00,61.13662629064382
2026-01-10 01:10:00,63.60560274966319
2026-01-10 01:15:00,65.14764293098304
2026-01-10 01:20:00,65.00000383805612
2026-01-10 01:25:00,61.03045827030582
2026-01-10 01:30:00,63.78247654718496
2026-01-10 01:35:00,58.98213074939154
2026-01-10 01:40:00,63.84302697247469
2026-01-10 01:45:00,58.7234916105369
2026-01-10 01:50:00,65.45753917283328
2026-01-10 01:55:00,65.16688875014994
2026-01-10 02:00:00,65.67664922271673
2026-01-10 02:05:00,61.75372695198778
2026-01-10 02:10:00,67.26094717546786
2026-01-10 02:15:00,66.85950820442682
2026-01-10 02:20:00,61.84305854045692
2026-01-10 02:25:00,61.55052704700009
2026-01-10 02:30:00,64.12785771575676
2026-01-10 02:35:00,64.11445104744195
2026-01-10 02:40:00,68.44783171161657
2026-01-10 02:45:00,68.411504705187
2026-01-10 02:50:00,63.211646285131636
2026-01-10 02:55:00,68.6833314194844
2026-01-10 03:00:00,62.75917886724796
2026-01-10 03:05:00,65.15763884498593
2026-01-10 03:10:00,58.324983598631114
2026-01-10 03:15:00,66.34704586960751
2026-01-10 03:20:00,69.16474591471335
2026-01-10 03:25:00,62.92646460955434
2026-01-10 03:30:00,61.71484972151329
2026-01-10 03:35:00,65.30174613207441
2026-01-10 03:40:00,68.65533928978043
2026-01-10 03:45:00,66.46171814036325
2026-01-10 03:50:00,65.02807208254201
2026-01-10 03:55:00,65.9105144155593
2026-01-10 04:00:00,63.01634345468253
2026-01-10 04:05:00,67.58687382715013
2026-01-10 04:10:00,68.41519843820127
2026-01-10 04:15:00,66.61657335759732
2026-01-10 04:20:00,59.380704086423634
2026-01-10 04:25:00,60.92144871209291
2026-01-10 04:30:00,62.98585150203238
2026-01-10 04:35:00,64.05561732970429
2026-01-10 04:40:00,56.578385322784634
2026-01-10 04:45:00,64.90989744978101
2026-01-10 04:50:00,67.45571605651416
2026-01-10 04:55:00,64.84369984408849
2026-01-10 05:00:00,66.48238361998632
2026-01-10 05:05:00,66.05200916619413
2026-01-10 05:10:00,62.1299671629953
2026-01-10 05:15:00,72.01217258567927
2026-01-10 05:20:00,62.492230606128246
2026-01-10 05:25:00,61.31336856217239
2026-01-10 05:30:00,64.78331628815353
2026-01-10 05:35:00,66.60662581849562
2026-01-10 05:40:00,61.343199424713156
2026-01-10 05:45:00,62.68811611845607
2026-01-10 05:50:00,62.716896076517415
2026-01-10 05:55:00,66.49870248860259
2026-01-10 06:00:00,59.96367382044067
2026-01-10 06:05:00,68.14009787294789
2026-01-10 06:10:00,64.45171186685978
2026-01-10 06:15:00,61.38489152897618
2026-01-10 06:20:00,68.62223022313488
2026-01-10 06:25:00,67.29732375422593
2026-01-10 06:30:00,61.51874374085353
2026-01-10 06:35:00,62.24149653260055
2026-01-10 06:40:00,63.417491755645095
2026-01-10 06:45:00,61.530819381852574
2026-01-10 06:50:00,64.2253038237474
2026-01-10 06:55:00,61.135358868941864
2026-01-10 07:00:00,68.47951188375643
2026-01-10 07:05:00,65.17952494177953
2026-01-10 07:10:00,67.3294433924468
2026-01-10 07:15:00,68.19082995493885
2026-01-10 07:20:00,69.16685498131113
2026-01-10 07:25:00,62.3148053938052
2026-01-10 07:30:00,64.26339344589417
2026-01-10 07:35:00,62.300204441421485
2026-01-10 07:40:00,59.80048114109572
2026-01-10 07:45:00,67.54389196590832
2026-01-10 07:50:00,71.68262521956564
2026-01-10 07:55:00,66.43942504668372
2026-01-10 08:00:00,68.31980798246937
2026-01-10 08:05:00,68.05591656711655
2026-01-10 08:10:00,62.72727483854278
2026-01-10 08:15:00,71.4295131083403
2026-01-10 08:20:00,63.893555504207264
2026-01-10 08:25:00,67.49501458730306
2026-01-10 08:30:00,63.03401944691665
2026-01-10 08:35:00,66.37251118634431
2026-01-10 08:40:00,67.1449500033043
2026-01-10 08:45:00,62.28271859137934
2026-01-10 08:50:00,67.79358849026065
2026-01-10 08:55:00,62.5889603893899
2026-01-10 09:00:00,67.39867692587549
2026-01-10 09:05:00,63.7884212050971
2026-01-10 09:10:00,59.007780567522836
2026-01-10 09:15:00,65.70171139513809
2026-01-10 09:20:00,68.40128143679547
2026-01-10 09:25:00,64.3186776858154
2026-01-10 09:30:00,63.432581131233654
2026-01-10 09:35:00,60.62494939793076
2026-01-10 09:40:00,64.4497324398337
2026-01-10 09:45:00,67.53348606571274
2026-01-10 09:50:00,66.31291727144946
2026-01-10 09:55:00,65.72907773613666
2026-01-10 10:00:00,62.655868558873415
2026-01-10 10:05:00,65.18493793284102
2026-01-10 10:10:00,67.73687494945892
2026-01-10 10:15:00,67.70455962414063
2026-01-10 10:20:00,67.45555206379986
2026-01-10 10:25:00,65.57577548629938
2026-01-10 10:30:00,60.4708345332453
2026-01-10 10:35:00,66.28640242372977
2026-01-10 10:40:00,62.08135017563788
2026-01-10 10:45:00,65.59790996738356
2026-01-10 10:50:00,65.19744862360504
2026-01-10 10:55:00,66.33281449231006
2026-01-10 11:00:00,43.58486428206522
2026-01-10 11:05:00,45.34510200521779
2026-01-10 11:10:00,52.86144305833932
2026-01-10 11:15:00,50.252876934487276
2026-01-10 11:20:00,44.99611186836072
2026-01-10 11:25:00,42.55053579810786
2026-01-10 11:30:00,51.14553773799102
2026-01-10 11:35:00,54.79738901621475
2026-01-10 11:40:00,48.37272207795506
2026-01-10 11:45:00,50.479909916824504
2026-01-10 11:50:00,50.43621161695854
2026-01-10 11:55:00,49.16248936988954
2026-01-10 12:00:00,54.380966595639514
2026-01-10 12:05:00,51.14673458585187
2026-01-10 12:10:00,49.56037628081276
2026-01-10 12:15:00,47.691316086135345
2026-01-10 12:20:00,44.8286531360531
2026-01-10 12:25:00,44.31066524013801
2026-01-10 12:30:00,44.47722810317602
2026-01-10 12:35:00,52.003487418005676
2026-01-10 12:40:00,59.135120095105705
2026-01-10 12:45:00,51.327295770324724
2026-01-10 12:50:00,49.19469278740352
2026-01-10 12:55:00,47.46688838738475
2026-01-10 13:00:00,49.76110944920174
2026-01-10 13:05:00,51.3729624776308
2026-01-10 13:10:00,43.043015306392334
2026-01-10 13:15:00,47.434690161047094
2026-01-10 13:20:00,53.09743962804616
2026-01-10 13:25:00,48.74154197091238
2026-01-10 13:30:00,52.79813279890641
2026-01-10 13:35:00,48.587362579115855
2026-01-10 13:40:00,46.1178494638399
2026-01-10 13:45:00,54.18187751979126
2026-01-10 13:50:00,56.876008659684125
2026-01-10 13:55:00,47.88859258797292
2026-01-10 14:00:00,44.99304913855678
2026-01-10 14:05:00,53.704302974294656
2026-01-10 14:10:00,55.2917229532682
2026-01-10 14:15:00,54.71928551776543
2026-01-10 14:20:00,50.40363294656023
2026-01-10 14:25:00,52.39449542707319
2026-01-10 14:30:00,46.58627208805062
2026-01-10 14:35:00,47.378654062289385
2026-01-10 14:40:00,44.79018411573565
2026-01-10 14:45:00,53.76000563580328
2026-01-10 14:50:00,45.05813691706319
2026-01-10 14:55:00,55.122407634847825
2026-01-10 15:00:00,56.480702731453135
2026-01-10 15:05:00,53.735890102499035
2026-01-10 15:10:00,45.7837395159159
2026-01-10 15:15:00,49.19693708072752
2026-01-10 15:20:00,53.01229048283012
2026-01-10 15:25:00,53.13059368529002
2026-01-10 15:30:00,48.124384149059
2026-01-10 15:35:00,50.44897692543012
2026-01-10 15:40:00,52.47057494422046
2026-01-10 15:45:00,44.532779642167604
2026-01-10 15:50:00,50.26483168195767
2026-01-10 15:55:00,55.38488506127555
2026-01-10 16:00:00,60.18064118797392
2026-01-10 16:05:00,65.1542480683913
2026-01-10 16:10:00,67.30724271197336
2026-01-10 16:15:00,67.08333642260554
2026-01-10 16:20:00,66.01712604616074
2026-01-10 16:25:00,67.6681469641984
2026-01-10 16:30:00,63.35885008407359
2026-01-10 16:35:00,69.79559226237173
2026-01-10 16:40:00,68.26376255726416
2026-01-10 16:45:00,60.26680775688497
2026-01-10 16:50:00,67.5998995407721
2026-01-10 16:55:00,68.59648481390923
2026-01-10 17:00:00,65.33854260863124
2026-01-10 17:05:00,65.63830694311173
2026-01-10 17:10:00,62.61418943532298
2026-01-10 17:15:00,69.19835258703048
2026-01-10 17:20:00,67.95138807455834
2026-01-10 17:25:00,65.6368014312565
2026-01-10 17:30:00,59.57370376204115
2026-01-10 17:35:00,64.47565876232522
2026-01-10 17:40:00,69.55548109850201
2026-01-10 17:45:00,65.5136322389326
2026-01-10 17:50:00,64.92992822861626
2026-01-10 17:55:00,63.76692949947009
2026-01-10 18:00:00,63.112335263846624
2026-01-10 18:05:00,62.8976967074294
2026-01-10 18:10:00,65.93740134628129
2026-01-10 18:15:00,69.01682925456502
2026-01-10 18:20:00,62.8608577210397
2026-01-10 18:25:00,69.43804381641671
2026-01-10 18:30:00,62.23559240469265
2026-01-10 18:35:00,60.43491730225166
2026-01-10 18:40:00,65.28018835536652
2026-01-10 18:45:00,66.62534236896558
2026-01-10 18:50:00,70.36568719185624
2026-01-10 18:55:00,66.6644769294836
2026-01-10 19:00:00,64.72784205842466
2026-01-10 19:05:00,66.91688574625458
2026-01-10 19:10:00,67.75038267466103
2026-01-10 19:15:00,67.07948722623073
2026-01-10 19:20:00,65.34789112250678
2026-01-10 19:25:00,66.80204856638456
2026-01-10 19:30:00,62.418130105033036
2026-01-10 19:35:00,59.76480334575582
2026-01-10 19:40:00,70.84607454624856
2026-01-10 19:45:00,62.7366534602624
2026-01-10 19:50:00,67.12733324429843
2026-01-10 19:55:00,67.37804229958792
2026-01-10 20:00:00,59.52476074336287
2026-01-10 20:05:00,64.24571059343904
2026-01-10 20:10:00,64.24513986592898
2026-01-10 20:15:00,64.86443579233527
2026-01-10 20:20:00,61.15940246453697
2026-01-10 20:25:00,67.55853409237375
2026-01-10 20:30:00,63.141033648552565
2026-01-10 20:35:00,64.03553885602717
2026-01-10 20:40:00,64.25858353985699
2026-01-10 20:45:00,66.24867374098136
2026-01-10 20:50:00,70.131676248006
2026-01-10 20:55:00,63.1646227113779
2026-01-10 21:00:00,65.97599747935078
2026-01-10 21:05:00,63.9237051504833
2026-01-10 21:10:00,59.168721439715
2026-01-10 21:15:00,68.13140439001872
2026-01-10 21:20:00,61.822669414085894
2026-01-10 21:25:00,63.22461516744812
2026-01-10 21:30:00,62.743545475682716
2026-01-10 21:35:00,67.40635280341537
2026-01-10 21:40:00,69.90583798465312
2026-01-10 21:45:00,61.78629940917179
2026-01-10 21:50:00,60.162583423965955
2026-01-10 21:55:00,68.51481401547204
2026-01-10 22:00:00,65.39070064054863
2026-01-10 22:05:00,67.59752387752721
2026-01-10 22:10:00,66.68960643707358
2026-01-10 22:15:00,62.66007778191364
2026-01-10 22:20:00,69.2280276644792
2026-01-10 22:25:00,54.85980100137513
2026-01-10 22:30:00,66.74879036843278
2026-01-10 22:35:00,68.14791370308663
2026-01-10 22:40:00,61.29459558733216
2026-01-10 22:45:00,64.42351255374682
2026-01-10 22:50:00,61.44839374220318
2026-01-10 22:55:00,66.47030296380731
2026-01-10 23:00:00,66.49997974925479
2026-01-10 23:05:00,66.59870338696517
2026-01-10 23:10:00,70.5568977824659
2026-01-10 23:15:00,65.08701921553516
2026-01-10 23:20:00,68.10920548024957
2026-01-10 23:25:00,68.97094574200537
2026-01-10 23:30:00,60.315469723133305
2026-01-10 23:35:00,63.436961696902856
2026-01-10 23:40:00,62.7941382175625
2026-01-10 23:45:00,63.751100364259216
2026-01-10 23:50:00,64.36839840802567
2026-01-10 23:55:00,61.561512277237476
2026-01-11 00:00:00,62.872529081623924
2026-01-11 00:05:00,61.84210752903172
2026-01-11 00:10:00,65.54555216526695
2026-01-11 00:15:00,62.031286493531304
2026-01-11 00:20:00,67.50353176962794
2026-01-11 00:25:00,67.79965493881376
2026-01-11 00:30:00,64.67235005730893
2026-01-11 00:35:00,65.79104009553211
2026-01-11 00:40:00,68.8698794141439
2026-01-11 00:45:00,62.83590618506748
2026-01-11 00:50:00,66.8611137183514
2026-01-11 00:55:00,67.01251980379554
2026-01-11 01:00:00,66.7909905081002
2026-01-11 01:05:00,68.41269752120603
2026-01-11 01:10:00,62.594550065218606
2026-01-11 01:15:00,59.25980797641483
2026-01-11 01:20:00,64.90029982998956
2026-01-11 01:25:00,67.50063430746172
2026-01-11 01:30:00,65.69263743929879
2026-01-11 01:35:00,62.5974120598145
2026-01-11 01:40:00,65.41964456186979
2026-01-11 01:45:00,64.02027375033171
2026-01-11 01:50:00,63.44482652351127
2026-01-11 01:55:00,62.01456160056038
2026-01-11 02:00:00,64.29117079452864
2026-01-11 02:05:00,64.98354523862402
2026-01-11 02:10:00,61.70208929548814
2026-01-11 02:15:00,61.45567186065812
2026-01-11 02:20:00,61.211782764223294
2026-01-11 02:25:00,66.59056321584148
2026-01-11 02:30:00,67.5731955318369
2026-01-11 02:35:00,66.59260411254246
2026-01-11 02:40:00,59.65485712812098
2026-01-11 02:45:00,61.53204216503119
2026-01-11 02:50:00,70.53298682393233
2026-01-11 02:55:00,64.70781671059434
2026-01-11 03:00:00,63.42922619491976
2026-01-11 03:05:00,66.26224056999223
2026-01-11 03:10:00,61.79296460632739
2026-01-11 03:15:00,68.13690376861905
2026-01-11 03:20:00,69.2230712752488
2026-01-11 03:25:00,63.45113282071625
2026-01-11 03:30:00,67.74077946620925
2026-01-11 03:35:00,68.3097979781685
2026-01-11 03:40:00,63.51209658805327
2026-01-11 03:45:00,62.36920095790878
2026-01-11 03:50:00,68.64250314787343
2026-01-11 03:55:00,68.53642293960397
2026-01-11 04:00:00,67.3910449714661
2026-01-11 04:05:00,62.35356508538088
2026-01-11 04:10:00,67.11498490960079
2026-01-11 04:15:00,65.29576939764979
2026-01-11 04:20:00,70.19054086780176
2026-01-11 04:25:00,61.5850202373707
2026-01-11 04:30:00,68.72199603197465
2026-01-11 04:35:00,65.35422162336087
2026-01-11 04:40:00,65.88930994363837
2026-01-11 04:45:00,67.6137566668149
2026-01-11 04:50:00,63.824499562239126
2026-01-11 04:55:00,62.091103792603775
2026-01-11 05:00:00,66.36943752789747
2026-01-11 05:05:00,59.2541987418179
2026-01-11 05:10:00,67.47742527754433
2026-01-11 05:15:00,57.32362888017782
2026-01-11 05:20:00,67.04394673262573
2026-01-11 05:25:00,68.12094969895271
2026-01-11 05:30:00,66.28421835654282
2026-01-11 05:35:00,64.76148259903583
2026-01-11 05:40:00,65.25162904599672
2026-01-11 05:45:00,65.00541865568368
2026-01-11 05:50:00,67.98696304432424
2026-01-11 05:55:00,60.67648283314678
2026-01-11 06:00:00,67.1882272479385
2026-01-11 06:05:00,62.25705539825043
2026-01-11 06:10:00,63.649465554738306
2026-01-11 06:15:00,62.28498276262937
2026-01-11 06:20:00,67.8542413348734
2026-01-11 06:25:00,60.95440207341706
2026-01-11 06:30:00,65.13482485775339
2026-01-11 06:35:00,64.87316692735793
2026-01-11 06:40:00,67.22387628201476
2026-01-11 06:45:00,66.2988023790074
2026-01-11 06:50:00,70.32767827533189
2026-01-11 06:55:00,62.60590824951648
2026-01-11 07:00:00,57.886160594304044
2026-01-11 07:05:00,67.94165167245842
2026-01-11 07:10:00,63.90230896184699
2026-01-11 07:15:00,61.51353598914381
2026-01-11 07:20:00,65.56010968960148
2026-01-11 07:25:00,62.230379899881385
2026-01-11 07:30:00,65.49965043202116
2026-01-11 07:35:00,64.56250895131713
2026-01-11 07:40:00,71.38260619154049
2026-01-11 07:45:00,67.0084938804799
2026-01-11 07:50:00,60.59900674365339
2026-01-11 07:55:00,64.67853193476515
2026-01-11 08:00:00,67.88845009228739
2026-01-11 08:05:00,62.92066401451677
2026-01-11 08:10:00,63.44358713052948
2026-01-11 08:15:00,59.139250188985486
2026-01-11 08:20:00,65.77795957924667
2026-01-11 08:25:00,67.55488242763762
2026-01-11 08:30:00,61.35692280276575
2026-01-11 08:35:00,65.63469007711137
2026-01-11 08:40:00,65.4000312438555
2026-01-11 08:45:00,62.91323433077231
2026-01-11 08:50:00,65.2712489845759
2026-01-11 08:55:00,62.99803552235056
2026-01-11 09:00:00,64.65787479884715
2026-01-11 09:05:00,60.974112827150115
2026-01-11 09:10:00,66.87181246094829
2026-01-11 09:15:00,59.89858106199111
2026-01-11 09:20:00,61.45794932012509
2026-01-11 09:25:00,63.03052840210346
2026-01-11 09:30:00,63.81155692572292
2026-01-11 09:35:00,67.48477283440849
2026-01-11 09:40:00,65.64760163181106
2026-01-11 09:45:00,64.28640283464885
2026-01-11 09:50:00,68.97314334544171
2026-01-11 09:55:00,60.67569062751079
2026-01-11 10:00:00,60.49390578214448
2026-01-11 10:05:00,63.88395626908599
2026-01-11 10:10:00,61.04159991392434
2026-01-11 10:15:00,59.567759550260575
2026-01-11 10:20:00,66.52488180978528
2026-01-11 10:25:00,66.7839770587793
2026-01-11 10:30:00,66.1616814252583
2026-01-11 10:35:00,64.44464177451583
2026-01-11 10:40:00,66.82157343938451
2026-01-11 10:45:00,70.19200082050912
2026-01-11 10:50:00,64.63107901457609
2026-01-11 10:55:00,65.11643251263028
2026-01-11 11:00:00,50.76473823876477
2026-01-11 11:05:00,46.27266399376728
2026-01-11 11:10:00,43.97344240378874
2026-01-11 11:15:00,53.81162241671703
2026-01-11 11:20:00,55.7778390019402
2026-01-11 11:25:00,44.82983941912271
2026-01-11 11:30:00,49.42294379872874
2026-01-11 11:35:00,40.39597513650696
2026-01-11 11:40:00,51.671687793208605
2026-01-11 11:45:00,52.173647514093844
2026-01-11 11:50:00,52.5316429303758
2026-01-11 11:55:00,48.81041569951159
2026-01-11 12:00:00,53.49007189375182
2026-01-11 12:05:00,53.066207825915086
2026-01-11 12:10:00,51.43567032983741
2026-01-11 12:15:00,49.39618106338907
2026-01-11 12:20:00,46.684352048564094
2026-01-11 12:25:00,48.199517651228575
2026-01-11 12:30:00,52.86280540828109
2026-01-11 12:35:00,50.01301674337346
2026-01-11 12:40:00,49.106756510554646
2026-01-11 12:45:00,52.78027598114444
2026-01-11 12:50:00,55.44615764584314
2026-01-11 12:55:00,60.31049326431018
2026-01-11 13:00:00,45.809453661531805
2026-01-11 13:05:00,52.43661865874549
2026-01-11 13:10:00,50.705674745801694
2026-01-11 13:15:00,51.5966569587046
2026-01-11 13:20:00,42.74384712837558
2026-01-11 13:25:00,54.18863931534416
2026-01-11 13:30:00,46.269543490774176
2026-01-11 13:35:00,47.60090049441115
2026-01-11 13:40:00,48.11227304184035
2026-01-11 13:45:00,47.801951408396
2026-01-11 13:50:00,44.55620637620208
2026-01-11 13:55:00,47.76005633232939
2026-01-11 14:00:00,48.79548031865902
2026-01-11 14:05:00,53.33437141691374
2026-01-11 14:10:00,52.50911797365625
2026-01-11 14:15:00,51.132667334694
2026-01-11 14:20:00,45.771733651494635
2026-01-11 14:25:00,48.22301573804813
2026-01-11 14:30:00,53.68242133484292
2026-01-11 14:35:00,46.731153373760066
2026-01-11 14:40:00,53.399238436223676
2026-01-11 14:45:00,48.600505328734386
2026-01-11 14:50:00,54.08318184240604
2026-01-11 14:55:00,54.37557249270312
2026-01-11 15:00:00,57.768534190303434
2026-01-11 15:05:00,48.6112879978691
2026-01-11 15:10:00,54.039822949590636
2026-01-11 15:15:00,47.827798635366975
2026-01-11 15:20:00,54.94959202209081
2026-01-11 15:25:00,42.27847220211167
2026-01-11 15:30:00,48.79096069774406
2026-01-11 15:35:00,50.25219367965783
2026-01-11 15:40:00,49.61922723421225
2026-01-11 15:45:00,47.256320403407145
2026-01-11 15:50:00,46.544573632195466
2026-01-11 15:55:00,43.526095111477744
2026-01-11 16:00:00,60.442806521203046
2026-01-11 16:05:00,67.97629898069476
2026-01-11 16:10:00,68.44985669762495
2026-01-11 16:15:00,67.36397025207206
2026-01-11 16:20:00,63.59892058201967
2026-01-11 16:25:00,59.42111968275573
2026-01-11 16:30:00,59.51815595547738
2026-01-11 16:35:00,65.23417070291514
2026-01-11 16:40:00,68.91232839621053
2026-01-11 16:45:00,61.64395028211712
2026-01-11 16:50:00,67.68872301258293
2026-01-11 16:55:00,63.165979907091526
2026-01-11 17:00:00,60.266876484562594
2026-01-11 17:05:00,67.33469583787404
2026-01-11 17:10:00,67.09085487939038
2026-01-11 17:15:00,68.9513136667565
2026-01-11 17:20:00,65.49714145001785
2026-01-11 17:25:00,63.888186816207515
2026-01-11 17:30:00,64.08946260925516
2026-01-11 17:35:00,61.233100729098126
2026-01-11 17:40:00,62.040955105112914
2026-01-11 17:45:00,62.97536578658909
2026-01-11 17:50:00,61.466055619572465
2026-01-11 17:55:00,64.04346979686585
2026-01-11 18:00:00,60.11241813969627
2026-01-11 18:05:00,64.5667447794282
2026-01-11 18:10:00,68.32316788678109
2026-01-11 18:15:00,65.93877326442038
2026-01-11 18:20:00,62.981837609451716
2026-01-11 18:25:00,65.3917359773963
2026-01-11 18:30:00,62.41781026638763
2026-01-11 18:35:00,57.07049969747165
2026-01-11 18:40:00,67.9241501005624
2026-01-11 18:45:00,67.65121860192637
2026-01-11 18:50:00,66.92921905100505
2026-01-11 18:55:00,65.62667149306344
2026-01-11 19:00:00,64.50575645735981
2026-01-11 19:05:00,63.59509980281749
2026-01-11 19:10:00,65.50184832257497
2026-01-11 19:15:00,64.53304061193055
2026-01-11 19:20:00,68.37013955826873
2026-01-11 19:25:00,62.235237577689624
2026-01-11 19:30:00,66.70828976001049
2026-01-11 19:35:00,64.6066726303752
2026-01-11 19:40:00,67.2025316912535
2026-01-11 19:45:00,61.7703581605622
2026-01-11 19:50:00,64.85387757245266
2026-01-11 19:55:00,63.385719865007886
2026-01-11 20:00:00,64.71109469565151
2026-01-11 20:05:00,66.28321779657335
2026-01-11 20:10:00,66.18224062357685
2026-01-11 20:15:00,64.90479969643008
2026-01-11 20:20:00,67.6290658905143
2026-01-11 20:25:00,62.77464124967032
2026-01-11 20:30:00,67.48314516088354
2026-01-11 20:35:00,66.92691891459555
2026-01-11 20:40:00,69.61744789156269
2026-01-11 20:45:00,62.03041059681982
2026-01-11 20:50:00,67.33482424459058
2026-01-11 20:55:00,65.5938485645678
2026-01-11 21:00:00,69.41614871567323
2026-01-11 21:05:00,67.20260201088144
2026-01-11 21:10:00,68.89410076259176
2026-01-11 21:15:00,68.88633071451795
2026-01-11 21:20:00,67.54008846767528
2026-01-11 21:25:00,66.49127169012277
2026-01-11 21:30:00,66.41042099327392
2026-01-11 21:35:00,65.76153490032176
2026-01-11 21:40:00,66.41206319372844
2026-01-11 21:45:00,66.55027029893455
2026-01-11 21:50:00,62.112614521178344
2026-01-11 21:55:00,67.51356886825423
2026-01-11 22:00:00,67.11634110496891
2026-01-11 22:05:00,66.42337715161788
2026-01-11 22:10:00,62.538612389825104
2026-01-11 22:15:00,64.02767011420819
2026-01-11 22:20:00,62.464152980943254
2026-01-11 22:25:00,66.91445200328425
2026-01-11 22:30:00,67.0953303749276
2026-01-11 22:35:00,64.15077252574514
2026-01-11 22:40:00,64.49972470558839
2026-01-11 22:45:00,67.09765402420429
2026-01-11 22:50:00,64.93414630883314
2026-01-11 22:55:00,61.53407851948721
2026-01-11 23:00:00,62.7721897024854
2026-01-11 23:05:00,58.822210744406
2026-01-11 23:10:00,68.04270863744985
2026-01-11 23:15:00,63.79607932076929
2026-01-11 23:20:00,65.4627894822305
2026-01-11 23:25:00,70.84376655626937
2026-01-11 23:30:00,67.26740558973596
2026-01-11 23:35:00,61.68494105285699
2026-01-11 23:40:00,61.86272120523504
2026-01-11 23:45:00,63.21757047652403
2026-01-11 23:50:00,63.10979714661899
2026-01-11 23:55:00,69.0521981597285
2026-01-12 00:00:00,66.87119243935678
2026-01-12 00:05:00,66.19170771259107
2026-01-12 00:10:00,67.39421620290071
2026-01-12 00:15:00,64.5548705417822
2026-01-12 00:20:00,66.79692860996488
2026-01-12 00:25:00,65.66325190141389
2026-01-12 00:30:00,60.51964450789363
2026-01-12 00:35:00,65.59874611006002
2026-01-12 00:40:00,67.68180157195847
2026-01-12 00:45:00,60.51741133503741
2026-01-12 00:50:00,59.439027476997715
2026-01-12 00:55:00,63.26420844874845
2026-01-12 01:00:00,61.31384076454298
2026-01-12 01:05:00,68.6839608560526
2026-01-12 01:10:00,64.94334376351387
2026-01-12 01:15:00,62.84552973960566
2026-01-12 01:20:00,70.492535188702
2026-01-12 01:25:00,69.31743462353957
2026-01-12 01:30:00,60.365603480299704
2026-01-12 01:35:00,64.17828046200137
2026-01-12 01:40:00,65.12637009097608
2026-01-12 01:45:00,57.70819509321207
2026-01-12 01:50:00,63.57149008255127
2026-01-12 01:55:00,62.1443862767786
2026-01-12 02:00:00,66.98339055902993
2026-01-12 02:05:00,67.20678992933465
2026-01-12 02:10:00,68.7691079778625
2026-01-12 02:15:00,62.61100496060496
2026-01-12 02:20:00,66.27107762102871
2026-01-12 02:25:00,64.82340823444028
2026-01-12 02:30:00,63.05178678385327
2026-01-12 02:35:00,66.04017082411046
2026-01-12 02:40:00,66.65060020194613
2026-01-12 02:45:00,63.003702283062104
2026-01-12 02:50:00,70.57369933850771
2026-01-12 02:55:00,67.50365946935844
2026-01-12 03:00:00,61.02021013035249
2026-01-12 03:05:00,61.645872726827264
2026-01-12 03:10:00,62.53800376143498
2026-01-12 03:15:00,64.15636796199936
2026-01-12 03:20:00,67.48825217397275
2026-01-12 03:25:00,63.929250996331795
2026-01-12 03:30:00,60.803030767306396
2026-01-12 03:35:00,63.073514713928596
2026-01-12 03:40:00,66.41115147821675
2026-01-12 03:45:00,62.53736754475114
2026-01-12 03:50:00,64.92852691030049
2026-01-12 03:55:00,64.46871271269185
2026-01-12 04:00:00,67.41326430709734
2026-01-12 04:05:00,65.73718205268194
2026-01-12 04:10:00,62.48195794782116
2026-01-12 04:15:00,60.00522113979155
2026-01-12 04:20:00,65.5721471086159
2026-01-12 04:25:00,66.2716210598762
2026-01-12 04:30:00,68.47668411497077
2026-01-12 04:35:00,70.80324321375633
2026-01-12 04:40:00,57.04012545080858
2026-01-12 04:45:00,67.04755530871574
2026-01-12 04:50:00,62.010660056830936
2026-01-12 04:55:00,64.49066503472434
2026-01-12 05:00:00,67.01292224624511
2026-01-12 05:05:00,73.95297557844695
2026-01-12 05:10:00,65.27450686365853
2026-01-12 05:15:00,65.86640161346752
2026-01-12 05:20:00,65.6763777443186
2026-01-12 05:25:00,68.15120158470428
2026-01-12 05:30:00,62.71273349024894
2026-01-12 05:35:00,63.902399074566645
2026-01-12 05:40:00,61.66595217523927
2026-01-12 05:45:00,71.74467714531579
2026-01-12 05:50:00,59.93121927373754
2026-01-12 05:55:00,63.507489947603965
2026-01-12 06:00:00,62.47293402371205
2026-01-12 06:05:00,65.13098466099524
2026-01-12 06:10:00,65.14307828333048
2026-01-12 06:15:00,64.68906605696729
2026-01-12 06:20:00,60.4282920255301
2026-01-12 06:25:00,68.39106909924952
2026-01-12 06:30:00,63.500705649101846
2026-01-12 06:35:00,63.81267844718137
2026-01-12 06:40:00,71.60716019380932
2026-01-12 06:45:00,65.85963239680491
2026-01-12 06:50:00,63.072251070022205
2026-01-12 06:55:00,67.93586764826527
2026-01-12 07:00:00,26.711724850356532
2026-01-12 07:05:00,27.31823586776336
2026-01-12 07:10:00,23.363274605861236
2026-01-12 07:15:00,43.21290388448585
2026-01-12 07:20:00,31.415941238294067
2026-01-12 07:25:00,43.814736556804526
2026-01-12 07:30:00,22.890432584879257
2026-01-12 07:35:00,37.788213304983145
2026-01-12 07:40:00,33.78496444170695
2026-01-12 07:45:00,37.037385523551585
2026-01-12 07:50:00,46.04362736205563
2026-01-12 07:55:00,42.14537590972391
2026-01-12 08:00:00,38.319517420892446
2026-01-12 08:05:00,31.477775395391323
2026-01-12 08:10:00,25.691407642662977
2026-01-12 08:15:00,43.87076544887401
2026-01-12 08:20:00,40.51650960977934
2026-01-12 08:25:00,35.10479711063665
2026-01-12 08:30:00,34.92553927852259
2026-01-12 08:35:00,29.994422629694224
2026-01-12 08:40:00,44.6419964582036
2026-01-12 08:45:00,27.046225941514944
2026-01-12 08:50:00,23.099081631131526
2026-01-12 08:55:00,26.999613075350116
2026-01-12 09:00:00,34.18074136660505
2026-01-12 09:05:00,24.145074153142914
2026-01-12 09:10:00,41.10725811841463
2026-01-12 09:15:00,34.799610015080475
2026-01-12 09:20:00,31.57200564380853
2026-01-12 09:25:00,35.73001978519516
2026-01-12 09:30:00,33.33645856723913
2026-01-12 09:35:00,34.41785586781542
2026-01-12 09:40:00,42.037941837885164
2026-01-12 09:45:00,26.214196846773945
2026-01-12 09:50:00,31.966338790131665
2026-01-12 09:55:00,27.600883377054753
2026-01-12 10:00:00,59.639107775718024
2026-01-12 10:05:00,62.637649544959295
2026-01-12 10:10:00,56.59073842717156
2026-01-12 10:15:00,56.81980498194081
2026-01-12 10:20:00,62.655355770132836
2026-01-12 10:25:00,60.116752959805524
2026-01-12 10:30:00,53.466449022756265
2026-01-12 10:35:00,61.1156204667546
2026-01-12 10:40:00,55.88666758729508
2026-01-12 10:45:00,51.74007495627524
2026-01-12 10:50:00,52.39361823487823
2026-01-12 10:55:00,58.36655046693372
2026-01-12 11:00:00,56.910932841474924
2026-01-12 11:05:00,48.97339055001821
2026-01-12 11:10:00,60.71964704710922
2026-01-12 11:15:00,56.9040956036254
2026-01-12 11:20:00,50.85124947295091
2026-01-12 11:25:00,57.90555517499477
2026-01-12 11:30:00,57.160942543289515
2026-01-12 11:35:00,56.16017024030798
2026-01-12 11:40:00,65.21998695926088
2026-01-12 11:45:00,50.04801918196192
2026-01-12 11:50:00,48.955829878942055
2026-01-12 11:55:00,57.554897885085836
2026-01-12 12:00:00,54.58444694490291
2026-01-12 12:05:00,54.240596610164545
2026-01-12 12:10:00,49.4163529860829
2026-01-12 12:15:00,62.12107535270313
2026-01-12 12:20:00,52.14743323557162
2026-01-12 12:25:00,53.39705949987947
2026-01-12 12:30:00,55.906082594282864
2026-01-12 12:35:00,52.94136371901471
2026-01-12 12:40:00,48.91445605740687
2026-01-12 12:45:00,53.42580490495687
2026-01-12 12:50:00,54.809303243703965
2026-01-12 12:55:00,63.215452795348085
2026-01-12 13:00:00,43.240958193015956
2026-01-12 13:05:00,54.82738797477846
2026-01-12 13:10:00,46.03128399975682
2026-01-12 13:15:00,52.21646710911279
2026-01-12 13:20:00,57.28320885400814
2026-01-12 13:25:00,53.879350473733176
2026-01-12 13:30:00,59.431351130614004
2026-01-12 13:35:00,47.7834561699498
2026-01-12 13:40:00,59.33031216939929
2026-01-12 13:45:00,50.2535209406022
2026-01-12 13:50:00,58.25102911455298
2026-01-12 13:55:00,62.911250261878806
2026-01-12 14:00:00,53.25775795017812
2026-01-12 14:05:00,54.84381405918878
2026-01-12 14:10:00,65.03345945407345
2026-01-12 14:15:00,52.18576492869967
2026-01-12 14:20:00,56.01792026389759
2026-01-12 14:25:00,45.82248804912039
2026-01-12 14:30:00,59.49047328373099
2026-01-12 14:35:00,55.041124562704084
2026-01-12 14:40:00,50.12685027847165
2026-01-12 14:45:00,57.384778708053744
2026-01-12 14:50:00,56.781372788752996
2026-01-12 14:55:00,48.70411616243415
2026-01-12 15:00:00,51.808805153600645
2026-01-12 15:05:00,53.68107280313741
2026-01-12 15:10:00,57.429941578335594
2026-01-12 15:15:00,59.56243995259732
2026-01-12 15:20:00,58.38741661518741
2026-01-12 15:25:00,56.17537926606385
2026-01-12 15:30:00,56.4810088050413
2026-01-12 15:35:00,60.59994810215707
2026-01-12 15:40:00,55.552029488595146
2026-01-12 15:45:00,59.33057021457884
2026-01-12 15:50:00,57.45459535344583
2026-01-12 15:55:00,66.14576655772056
2026-01-12 16:00:00,32.862562032038845
2026-01-12 16:05:00,21.57101235387749
2026-01-12 16:10:00,19.59406228979912
2026-01-12 16:15:00,35.601848207850985
2026-01-12 16:20:00,22.430485706151405
2026-01-12 16:25:00,38.736218164665544
2026-01-12 16:30:00,26.242814252819425
2026-01-12 16:35:00,29.853779261286967
2026-01-12 16:40:00,37.82814028338432
2026-01-12 16:45:00,22.68007015051357
2026-01-12 16:50:00,34.25367351204964
2026-01-12 16:55:00,32.081403990995014
2026-01-12 17:00:00,24.162203045229734
2026-01-12 17:05:00,23.17963197973749
2026-01-12 17:10:00,28.41867018251914
2026-01-12 17:15:00,24.215144803012166
2026-01-12 17:20:00,25.49471917947162
2026-01-12 17:25:00,38.334168767154544
2026-01-12 17:30:00,27.865135965733593
2026-01-12 17:35:00,34.89435906834292
2026-01-12 17:40:00,39.455209041998444
2026-01-12 17:45:00,24.743040208679904
2026-01-12 17:50:00,38.70530598520456
2026-01-12 17:55:00,19.474015557181932
2026-01-12 18:00:00,41.559026982465056
2026-01-12 18:05:00,29.368170868704503
2026-01-12 18:10:00,24.078081039236274
2026-01-12 18:15:00,32.10009516624036
2026-01-12 18:20:00,23.87679215064741
2026-01-12 18:25:00,32.85842103940975
2026-01-12 18:30:00,30.647021722047395
2026-01-12 18:35:00,28.003572605910804
2026-01-12 18:40:00,40.567743622274875
2026-01-12 18:45:00,36.98761275695867
2026-01-12 18:50:00,30.580210271932323
2026-01-12 18:55:00,33.207953810187284
2026-01-12 19:00:00,39.16580832100964
2026-01-12 19:05:00,36.74691016505237
2026-01-12 19:10:00,18.342333527693707
2026-01-12 19:15:00,33.41696611257619
2026-01-12 19:20:00,21.070391670120344
2026-01-12 19:25:00,33.30726835142397
2026-01-12 19:30:00,30.47655087456056
2026-01-12 19:35:00,29.05116152755226
2026-01-12 19:40:00,36.50818255123784
2026-01-12 19:45:00,23.53704406565237
2026-01-12 19:50:00,36.52848652302241
2026-01-12 19:55:00,34.27607711755236
2026-01-12 20:00:00,69.81091779305709
2026-01-12 20:05:00,63.05584737074144
2026-01-12 20:10:00,64.12837224727107
2026-01-12 20:15:00,64.3727519909704
2026-01-12 20:20:00,65.46650223076547
2026-01-12 20:25:00,64.71085531434355
2026-01-12 20:30:00,60.9470656777878
2026-01-12 20:35:00,64.51984487529457
2026-01-12 20:40:00,72.70318478362455
2026-01-12 20:45:00,65.38882079909233
2026-01-12 20:50:00,64.9354699647108
2026-01-12 20:55:00,66.16041815358646
2026-01-12 21:00:00,64.41268292553109
2026-01-12 21:05:00,61.10246361382488
2026-01-12 21:10:00,64.1216109048533
2026-01-12 21:15:00,63.503831471498
2026-01-12 21:20:00,65.49642216138653
2026-01-12 21:25:00,69.9761892489199
2026-01-12 21:30:00,64.67750192692034
2026-01-12 21:35:00,68.44186304040305
2026-01-12 21:40:00,60.91639337354551
2026-01-12 21:45:00,64.28837761626572
2026-01-12 21:50:00,67.51896438025715
2026-01-12 21:55:00,65.35577338145968
2026-01-12 22:00:00,59.83359070842795
2026-01-12 22:05:00,61.04979969468693
2026-01-12 22:10:00,68.75850433638766
2026-01-12 22:15:00,64.78443321621731
2026-01-12 22:20:00,61.5674722951604
2026-01-12 22:25:00,70.5128875141015
2026-01-12 22:30:00,63.866518723814515
2026-01-12 22:35:00,71.67257636371572
2026-01-12 22:40:00,65.9610320897549
2026-01-12 22:45:00,58.48544504582111
2026-01-12 22:50:00,65.65679766622448
2026-01-12 22:55:00,64.9956350214794
2026-01-12 23:00:00,62.86252731728251
2026-01-12 23:05:00,61.124539326662735
2026-01-12 23:10:00,68.72855569609848
2026-01-12 23:15:00,73.83718458425354
2026-01-12 23:20:00,71.21336108564778
2026-01-12 23:25:00,68.18918691170862
2026-01-12 23:30:00,69.86599625445416
2026-01-12 23:35:00,69.47215775598242
2026-01-12 23:40:00,64.14237721139264
2026-01-12 23:45:00,59.525249507464395
2026-01-12 23:50:00,66.11946361368327
2026-01-12 23:55:00,65.88534668258032
2026-01-13 00:00:00,63.87775798627575
2026-01-13 00:05:00,59.224963435010295
2026-01-13 00:10:00,67.24957343678643
2026-01-13 00:15:00,68.894572535411
2026-01-13 00:20:00,60.463019340394446
2026-01-13 00:25:00,63.01208301646459
2026-01-13 00:30:00,63.746620561734346
2026-01-13 00:35:00,64.03337253176451
2026-01-13 00:40:00,64.61011536884277
2026-01-13 00:45:00,61.78828237522646
2026-01-13 00:50:00,64.05999043674261
2026-01-13 00:55:00,59.928672176640056
2026-01-13 01:00:00,61.73037766104832
2026-01-13 01:05:00,71.73646440638782
2026-01-13 01:10:00,69.11785571357117
2026-01-13 01:15:00,61.20874017299058
2026-01-13 01:20:00,68.1539413265209
2026-01-13 01:25:00,68.6387806968274
2026-01-13 01:30:00,67.08643090492683
2026-01-13 01:35:00,61.92018696086399
2026-01-13 01:40:00,66.09733808924022
2026-01-13 01:45:00,61.60640701296198
2026-01-13 01:50:00,64.59597853553034
2026-01-13 01:55:00,67.87959934765698
2026-01-13 02:00:00,65.3126537166517
2026-01-13 02:05:00,63.78970596424857
2026-01-13 02:10:00,65.29310543797351
2026-01-13 02:15:00,63.599558338112686
2026-01-13 02:20:00,61.68045607451261
2026-01-13 02:25:00,69.88225728476696
2026-01-13 02:30:00,66.60409031578419
2026-01-13 02:35:00,61.8107897571159
2026-01-13 02:40:00,66.93629886769395
2026-01-13 02:45:00,62.222953506459724
2026-01-13 02:50:00,67.63720667859965
2026-01-13 02:55:00,66.90034012111695
2026-01-13 03:00:00,65.87806639555563
2026-01-13 03:05:00,67.74045717828763
2026-01-13 03:10:00,66.70719089292221
2026-01-13 03:15:00,65.62779522006537
2026-01-13 03:20:00,68.46221006017323
2026-01-13 03:25:00,61.91984231020213
2026-01-13 03:30:00,68.02474000223512
2026-01-13 03:35:00,61.7209671942476
2026-01-13 03:40:00,64.22789741682985
2026-01-13 03:45:00,63.85137424002235
2026-01-13 03:50:00,65.54361942825334
2026-01-13 03:55:00,64.02835404300275
2026-01-13 04:00:00,62.6390876216078
2026-01-13 04:05:00,63.62254072050363
2026-01-13 04:10:00,69.55559415446439
2026-01-13 04:15:00,63.610145836924914
2026-01-13 04:20:00,60.91549358323912
2026-01-13 04:25:00,63.644521185297464
2026-01-13 04:30:00,71.16438711383998
2026-01-13 04:35:00,62.664583688278874
2026-01-13 04:40:00,71.94354821598706
2026-01-13 04:45:00,63.117889749736925
2026-01-13 04:50:00,60.75489892623679
2026-01-13 04:55:00,62.00614189442374
2026-01-13 05:00:00,61.73704801167492
2026-01-13 05:05:00,64.62943280037148
2026-01-13 05:10:00,63.43458637163986
2026-01-13 05:15:00,62.4311301018418
2026-01-13 05:20:00,59.241116057894736
2026-01-13 05:25:00,64.29458055847293
2026-01-13 05:30:00,66.5910991585134
2026-01-13 05:35:00,66.2844468211046
2026-01-13 05:40:00,65.99723455729296
2026-01-13 05:45:00,61.529503291882705
2026-01-13 05:50:00,60.37108365015628
2026-01-13 05:55:00,65.77772002598735
2026-01-13 06:00:00,63.36326500508532
2026-01-13 06:05:00,64.65076304762619
2026-01-13 06:10:00,68.3715245547779
2026-01-13 06:15:00,59.46598904788378
2026-01-13 06:20:00,67.63115280140818
2026-01-13 06:25:00,62.607944210630066
2026-01-13 06:30:00,63.5208152645629
2026-01-13 06:35:00,69.1990538293573
2026-01-13 06:40:00,64.17726575161265
2026-01-13 06:45:00,66.79869986619293
2026-01-13 06:50:00,64.25477357307908
2026-01-13 06:55:00,66.22662985643969
2026-01-13 07:00:00,39.957972152754145
2026-01-13 07:05:00,41.00937493118789
2026-01-13 07:10:00,42.95305138923477
2026-01-13 07:15:00,29.596042361262274
2026-01-13 07:20:00,38.901335226151204
2026-01-13 07:25:00,40.97732062195642
2026-01-13 07:30:00,42.400027690287075
2026-01-13 07:35:00,34.92206965078333
2026-01-13 07:40:00,31.662706417357597
2026-01-13 07:45:00,44.43273106090548
2026-01-13 07:50:00,34.935161992623776
2026-01-13 07:55:00,39.01721600352536
2026-01-13 08:00:00,45.081745205354665
2026-01-13 08:05:00,42.73586264031592
2026-01-13 08:10:00,36.5165960822573
2026-01-13 08:15:00,30.016752670057127
2026-01-13 08:20:00,29.106499182178037
2026-01-13 08:25:00,35.06791364592602
2026-01-13 08:30:00,33.4386596459658
2026-01-13 08:35:00,35.24102015502883
2026-01-13 08:40:00,28.148362916297526
2026-01-13 08:45:00,40.97217112500299
2026-01-13 08:50:00,47.141664709912966
2026-01-13 08:55:00,35.91982848849276
2026-01-13 09:00:00,45.15851521596512
2026-01-13 09:05:00,42.17029190229959
2026-01-13 09:10:00,33.9766015440365
2026-01-13 09:15:00,42.506289878510366
2026-01-13 09:20:00,27.89729261648882
2026-01-13 09:25:00,33.827995085588924
2026-01-13 09:30:00,33.12203335504105
2026-01-13 09:35:00,39.14909664509584
2026-01-13 09:40:00,33.44326798708544
2026-01-13 09:45:00,26.73706734755293
2026-01-13 09:50:00,28.67877185330824
2026-01-13 09:55:00,42.32687041230991
2026-01-13 10:00:00,50.7214554845612
2026-01-13 10:05:00,60.5086471572648
2026-01-13 10:10:00,59.13261717751646
2026-01-13 10:15:00,55.47172171029804
2026-01-13 10:20:00,52.338618487369736
2026-01-13 10:25:00,60.773927382101235
2026-01-13 10:30:00,57.874911560390274
2026-01-13 10:35:00,61.49729800528636
2026-01-13 10:40:00,60.437969302331766
2026-01-13 10:45:00,54.35422237329149
2026-01-13 10:50:00,52.04871176271647
2026-01-13 10:55:00,57.94724385719379
2026-01-13 11:00:00,46.95679439826902
2026-01-13 11:05:00,48.81155200959136
2026-01-13 11:10:00,66.18958702709223
2026-01-13 11:15:00,50.01763238547122
2026-01-13 11:20:00,55.22607268055237
2026-01-13 11:25:00,52.370993235778705
2026-01-13 11:30:00,55.43792311759231
2026-01-13 11:35:00,48.13821997954116
2026-01-13 11:40:00,47.14053056248763
2026-01-13 11:45:00,51.84821993921615
2026-01-13 11:50:00,50.86358091450027
2026-01-13 11:55:00,55.120718555121115
2026-01-13 12:00:00,48.29152181104237
2026-01-13 12:05:00,55.82256479538438
2026-01-13 12:10:00,63.01958925711039
2026-01-13 12:15:00,56.449580754473025
2026-01-13 12:20:00,54.21203610238617
2026-01-13 12:25:00,62.35934074182794
2026-01-13 12:30:00,55.10463794289764
2026-01-13 12:35:00,54.731759746878595
2026-01-13 12:40:00,55.49727978779022
2026-01-13 12:45:00,52.57850340419309
2026-01-13 12:50:00,55.31060204503708
2026-01-13 12:55:00,60.88953787228007
2026-01-13 13:00:00,56.04841425571591
2026-01-13 13:05:00,49.8858541095578
2026-01-13 13:10:00,53.89214480096831
2026-01-13 13:15:00,53.7704159271042
2026-01-13 13:20:00,49.68092378760748
2026-01-13 13:25:00,50.608927196354976
2026-01-13 13:30:00,57.23086673182203
2026-01-13 13:35:00,54.71391661294827
2026-01-13 13:40:00,52.51179960526192
2026-01-13 13:45:00,58.28594556045641
2026-01-13 13:50:00,61.574179998311784
2026-01-13 13:55:00,52.419190890931965
2026-01-13 14:00:00,52.65567453347561
2026-01-13 14:05:00,60.94084011467911
2026-01-13 14:10:00,58.330595523410175
2026-01-13 14:15:00,54.878814512671276
2026-01-13 14:20:00,56.18063123950117
2026-01-13 14:25:00,50.30287165252219
2026-01-13 14:30:00,54.97424704319344
2026-01-13 14:35:00,50.17212988829618
2026-01-13 14:40:00,52.85692251460705
2026-01-13 14:45:00,55.055506022736274
2026-01-13 14:50:00,51.480461293849835
2026-01-13 14:55:00,53.269744264880615
2026-01-13 15:00:00,54.20569010400703
2026-01-13 15:05:00,55.71746812592521
2026-01-13 15:10:00,63.228419077702
2026-01-13 15:15:00,52.35755784718006
2026-01-13 15:20:00,61.094487618412806
2026-01-13 15:25:00,57.72606000001007
2026-01-13 15:30:00,61.27171233825359
2026-01-13 15:35:00,53.9442035632336
2026-01-13 15:40:00,57.08850345188378
2026-01-13 15:45:00,56.405261199235646
2026-01-13 15:50:00,57.33670670304364
2026-01-13 15:55:00,58.11434138014206
2026-01-13 16:00:00,20.674342482335803
2026-01-13 16:05:00,29.825563699288164
2026-01-13 16:10:00,24.15818212075215
2026-01-13 16:15:00,34.770053720818744
2026-01-13 16:20:00,33.280564798822816
2026-01-13 16:25:00,26.112657292095093
2026-01-13 16:30:00,34.505489131892276
2026-01-13 16:35:00,28.184377108179383
2026-01-13 16:40:00,18.226857358772364
2026-01-13 16:45:00,29.013863298041624
2026-01-13 16:50:00,27.283771416083557
2026-01-13 16:55:00,29.702874473968727
2026-01-13 17:00:00,20.15064176953924
2026-01-13 17:05:00,23.07308090586155
2026-01-13 17:10:00,34.42044067959042
2026-01-13 17:15:00,42.58655196316932
2026-01-13 17:20:00,35.23361038027149
2026-01-13 17:25:00,21.979550571548295
2026-01-13 17:30:00,40.853139970009664
2026-01-13 17:35:00,24.625236811452293
2026-01-13 17:40:00,31.834948700142522
2026-01-13 17:45:00,19.00256850928957
2026-01-13 17:50:00,24.988395246073853
2026-01-13 17:55:00,22.66910378857486
2026-01-13 18:00:00,22.755591691756976
2026-01-13 18:05:00,32.17426420862141
2026-01-13 18:10:00,32.53522490197709
2026-01-13 18:15:00,29.52300592857527
2026-01-13 18:20:00,35.592251202416094
2026-01-13 18:25:00,32.74020463847912
2026-01-13 18:30:00,24.292838998209938
2026-01-13 18:35:00,35.179032215070876
2026-01-13 18:40:00,27.47265753203029
2026-01-13 18:45:00,28.653593969437406
2026-01-13 18:50:00,26.94948009524145
2026-01-13 18:55:00,35.193331641949925
2026-01-13 19:00:00,28.601746082148267
2026-01-13 19:05:00,27.65538412713346
2026-01-13 19:10:00,35.97470271296099
2026-01-13 19:15:00,20.841868844776457
2026-01-13 19:20:00,27.4708884990658
2026-01-13 19:25:00,21.798005932248476
2026-01-13 19:30:00,27.401004229848652
2026-01-13 19:35:00,32.363772123109854
2026-01-13 19:40:00,23.722808851037986
2026-01-13 19:45:00,29.739004931145082
2026-01-13 19:50:00,38.7134479193971
2026-01-13 19:55:00,32.9123461567746
2026-01-13 20:00:00,63.918816392237915
2026-01-13 20:05:00,62.79489332697996
2026-01-13 20:10:00,62.182590689541826
2026-01-13 20:15:00,69.35736115266175
2026-01-13 20:20:00,64.29046270951467
2026-01-13 20:25:00,68.95347384887334
2026-01-13 20:30:00,65.65461251157227
2026-01-13 20:35:00,65.18881678755722
2026-01-13 20:40:00,65.63568308445562
2026-01-13 20:45:00,65.54935853151348
2026-01-13 20:50:00,70.32793629905422
2026-01-13 20:55:00,64.05031769050474
2026-01-13 21:00:00,62.41757331276425
2026-01-13 21:05:00,65.38976789145802
2026-01-13 21:10:00,61.779559653691905
2026-01-13 21:15:00,70.07779379174346
2026-01-13 21:20:00,58.8365945590282
2026-01-13 21:25:00,64.96711005392915
2026-01-13 21:30:00,67.14840944181591
2026-01-13 21:35:00,66.76794067660407
2026-01-13 21:40:00,64.74150143917133
2026-01-13 21:45:00,63.46963049241514
2026-01-13 21:50:00,65.08112170846384
2026-01-13 21:55:00,66.5971898719701
2026-01-13 22:00:00,66.96952024307791
2026-01-13 22:05:00,62.72514002359222
2026-01-13 22:10:00,65.92763210246058
2026-01-13 22:15:00,64.30269598434393
2026-01-13 22:20:00,66.103393392468
2026-01-13 22:25:00,64.45539562804312
2026-01-13 22:30:00,63.687123009192945
2026-01-13 22:35:00,62.71930242859322
2026-01-13 22:40:00,66.06123668560022
2026-01-13 22:45:00,64.61889104765339
2026-01-13 22:50:00,66.13334332293812
2026-01-13 22:55:00,66.17900698978968
2026-01-13 23:00:00,68.01115133182091
2026-01-13 23:05:00,67.62975062785688
2026-01-13 23:10:00,63.78363000397014
2026-01-13 23:15:00,63.11452553546654
2026-01-13 23:20:00,62.432906316966715
2026-01-13 23:25:00,63.81462727012132
2026-01-13 23:30:00,64.75024139861071
2026-01-13 23:35:00,65.81084781107708
2026-01-13 23:40:00,65.49336998564009
2026-01-13 23:45:00,66.49573402854746
2026-01-13 23:50:00,66.12285321176225
2026-01-13 23:55:00,65.7780190356585
2026-01-14 00:00:00,64.62501623845927
2026-01-14 00:05:00,67.49066178826573
2026-01-14 00:10:00,70.36047921875075
2026-01-14 00:15:00,68.26520193017724
2026-01-14 00:20:00,65.24328026238432
2026-01-14 00:25:00,68.11336126057024
2026-01-14 00:30:00,66.1103545371933
2026-01-14 00:35:00,59.45480523496033
2026-01-14 00:40:00,62.472330010605305
2026-01-14 00:45:00,65.36591009009169
2026-01-14 00:50:00,67.41322985363365
2026-01-14 00:55:00,65.39028421579627
2026-01-14 01:00:00,63.511392860870984
2026-01-14 01:05:00,69.75895644599125
2026-01-14 01:10:00,65.40312630846114
2026-01-14 01:15:00,67.01479905729269
2026-01-14 01:20:00,70.74978673505254
2026-01-14 01:25:00,68.70480823353795
2026-01-14 01:30:00,64.36164939309252
2026-01-14 01:35:00,65.82086015134742
2026-01-14 01:40:00,58.54277985247132
2026-01-14 01:45:00,64.48985115985506
2026-01-14 01:50:00,62.78889714796731
2026-01-14 01:55:00,61.631569978148875
2026-01-14 02:00:00,67.16808115001876
2026-01-14 02:05:00,65.43398295101488
2026-01-14 02:10:00,64.32455287600253
2026-01-14 02:15:00,67.88562955211238
2026-01-14 02:20:00,64.53568584649942
2026-01-14 02:25:00,69.55641133306878
2026-01-14 02:30:00,67.95473858787302
2026-01-14 02:35:00,63.83984790307145
2026-01-14 02:40:00,63.80479176624178
2026-01-14 02:45:00,61.35864362191177
2026-01-14 02:50:00,61.15847991902214
2026-01-14 02:55:00,64.6035358154057
2026-01-14 03:00:00,65.76491614597636
2026-01-14 03:05:00,67.24601315833958
2026-01-14 03:10:00,62.034833417125135
2026-01-14 03:15:00,62.234251607965774
2026-01-14 03:20:00,64.07705129011607
2026-01-14 03:25:00,64.8649892914487
2026-01-14 03:30:00,66.30055376659234
2026-01-14 03:35:00,67.48241607307419
2026-01-14 03:40:00,64.78853954724387
2026-01-14 03:45:00,66.04555573633982
2026-01-14 03:50:00,62.08797889174629
2026-01-14 03:55:00,62.52323922747205
2026-01-14 04:00:00,66.33618980109914
2026-01-14 04:05:00,64.65798036307709
2026-01-14 04:10:00,69.46649848676205
2026-01-14 04:15:00,69.53437527050369
2026-01-14 04:20:00,67.05087056861333
2026-01-14 04:25:00,64.95546890796759
2026-01-14 04:30:00,65.543785814787
2026-01-14 04:35:00,64.88159006826582
2026-01-14 04:40:00,73.48105312431085
2026-01-14 04:45:00,61.07891152130735
2026-01-14 04:50:00,61.96025688949858
2026-01-14 04:55:00,70.90959759910527
2026-01-14 05:00:00,67.09905222018398
2026-01-14 05:05:00,65.52774729863789
2026-01-14 05:10:00,65.2392576217144
2026-01-14 05:15:00,63.13349722156331
2026-01-14 05:20:00,61.962947925177545
2026-01-14 05:25:00,62.89171564474168
2026-01-14 05:30:00,63.02582081876001
2026-01-14 05:35:00,66.59513002625232
2026-01-14 05:40:00,61.611742066017946
2026-01-14 05:45:00,65.89567921603489
2026-01-14 05:50:00,70.75478886972392
2026-01-14 05:55:00,60.96358277027301
2026-01-14 06:00:00,62.29337974652052
2026-01-14 06:05:00,66.84245072952575
2026-01-14 06:10:00,64.12317999782346
2026-01-14 06:15:00,60.099062158918045
2026-01-14 06:20:00,67.17318343934633
2026-01-14 06:25:00,63.49049916470816
2026-01-14 06:30:00,65.2665962204488
2026-01-14 06:35:00,67.11009167952263
2026-01-14 06:40:00,65.1422013520551
2026-01-14 06:45:00,62.25728139467948
2026-01-14 06:50:00,67.11793120067868
2026-01-14 06:55:00,67.34616179404591
2026-01-14 07:00:00,43.61731195344685
2026-01-14 07:05:00,37.567577308466426
2026-01-14 07:10:00,46.231322862984875
2026-01-14 07:15:00,25.216355430819863
2026-01-14 07:20:00,30.115412219457266
2026-01-14 07:25:00,31.676864373772464
2026-01-14 07:30:00,37.76845029956333
2026-01-14 07:35:00,33.136366585345634
2026-01-14 07:40:00,34.88428634274297
2026-01-14 07:45:00,29.151953342580565
2026-01-14 07:50:00,40.68574754757023
2026-01-14 07:55:00,33.4345470771138
2026-01-14 08:00:00,42.10762127726378
2026-01-14 08:05:00,45.798252084447086
2026-01-14 08:10:00,39.572286509111784
2026-01-14 08:15:00,43.87945935189668
2026-01-14 08:20:00,39.50947010288306
2026-01-14 08:25:00,29.275421827214043
2026-01-14 08:30:00,29.771376720884305
2026-01-14 08:35:00,39.0658009619677
2026-01-14 08:40:00,34.423851421429696
2026-01-14 08:45:00,40.69364115171708
2026-01-14 08:50:00,42.303887774123766
2026-01-14 08:55:00,34.56224128728531
2026-01-14 09:00:00,36.98159259245959
2026-01-14 09:05:00,39.79249182477818
2026-01-14 09:10:00,29.105735221028326
2026-01-14 09:15:00,38.297594395720324
2026-01-14 09:20:00,27.5569213866502
2026-01-14 09:25:00,34.48165273169161
2026-01-14 09:30:00,29.206693162150582
2026-01-14 09:35:00,39.16813093307111
2026-01-14 09:40:00,30.512260617400848
2026-01-14 09:45:00,33.93990093706873
2026-01-14 09:50:00,34.1439704538827
2026-01-14 09:55:00,32.5443453872636
2026-01-14 10:00:00,54.67152697319921
2026-01-14 10:05:00,51.3285133539978
2026-01-14 10:10:00,49.26698327405745
2026-01-14 10:15:00,61.98761154740923
2026-01-14 10:20:00,56.47708953397917
2026-01-14 10:25:00,48.25380428993314
2026-01-14 10:30:00,56.934467959929336
2026-01-14 10:35:00,55.034364054161735
2026-01-14 10:40:00,54.299423695884684
2026-01-14 10:45:00,44.97238926691086
2026-01-14 10:50:00,55.853962684755786
2026-01-14 10:55:00,62.9237003543394
2026-01-14 11:00:00,62.49798393225354
2026-01-14 11:05:00,57.523268602829674
2026-01-14 11:10:00,60.3228130117057
2026-01-14 11:15:00,56.27453207789392
2026-01-14 11:20:00,54.03791009505759
2026-01-14 11:25:00,56.02070930362755
2026-01-14 11:30:00,49.144354995800036
2026-01-14 11:35:00,50.19015268217437
2026-01-14 11:40:00,51.339024079886215
2026-01-14 11:45:00,57.54074607869021
2026-01-14 11:50:00,58.6158185305401
2026-01-14 11:55:00,59.57015933978873
2026-01-14 12:00:00,53.612003687275426
2026-01-14 12:05:00,51.738345267695614
2026-01-14 12:10:00,55.18246526280727
2026-01-14 12:15:00,53.73532020727894
2026-01-14 12:20:00,58.16728998471142
2026-01-14 12:25:00,53.38427203697568
2026-01-14 12:30:00,53.238202466320104
2026-01-14 12:35:00,61.8806068117314
2026-01-14 12:40:00,52.98284358176321
2026-01-14 12:45:00,55.02907144609405
2026-01-14 12:50:00,50.350360402170516
2026-01-14 12:55:00,57.105750739733324
2026-01-14 13:00:00,48.14527280816323
2026-01-14 13:05:00,53.66005453246568
2026-01-14 13:10:00,55.27245250304168
2026-01-14 13:15:00,51.816989942328185
2026-01-14 13:20:00,54.79124964850272
2026-01-14 13:25:00,58.12816970413212
2026-01-14 13:30:00,47.494926304397104
2026-01-14 13:35:00,51.510240951528196
2026-01-14 13:40:00,54.71086569848219
2026-01-14 13:45:00,64.50455594839103
2026-01-14 13:50:00,58.51941594695203
2026-01-14 13:55:00,54.05319556261631
2026-01-14 14:00:00,58.313756192453326
2026-01-14 14:05:00,50.68620729175954
2026-01-14 14:10:00,54.1611949028218
2026-01-14 14:15:00,61.82416204748635
2026-01-14 14:20:00,57.00283666019283
2026-01-14 14:25:00,55.307985302401164
2026-01-14 14:30:00,54.21386270726079
2026-01-14 14:35:00,58.49937148843388
2026-01-14 14:40:00,58.6702288748145
2026-01-14 14:45:00,57.12480245558313
2026-01-14 14:50:00,49.949996549477234
2026-01-14 14:55:00,53.0709815723837
2026-01-14 15:00:00,53.62283108517842
2026-01-14 15:05:00,53.18453274215341
2026-01-14 15:10:00,57.7862705428008
2026-01-14 15:15:00,61.55041410511085
2026-01-14 15:20:00,60.43292117154592
2026-01-14 15:25:00,49.55894679775972
2026-01-14 15:30:00,48.65339496146459
2026-01-14 15:35:00,49.718324008963236
2026-01-14 15:40:00,50.041589896812994
2026-01-14 15:45:00,55.6581989380857
2026-01-14 15:50:00,53.669075071001636
2026-01-14 15:55:00,54.97660486516898
2026-01-14 16:00:00,36.58678937401604
2026-01-14 16:05:00,33.0929683828338
2026-01-14 16:10:00,31.92967138214563
2026-01-14 16:15:00,35.125146485748125
2026-01-14 16:20:00,32.92729661488417
2026-01-14 16:25:00,35.67098369301834
2026-01-14 16:30:00,34.282574347037794
2026-01-14 16:35:00,26.44582863311861
2026-01-14 16:40:00,26.640677549583028
2026-01-14 16:45:00,35.57303497533208
2026-01-14 16:50:00,31.291064116933246
2026-01-14 16:55:00,24.84052253936225
2026-01-14 17:00:00,40.32359536936002
2026-01-14 17:05:00,30.920712548963074
2026-01-14 17:10:00,36.75220128071585
2026-01-14 17:15:00,24.67006702446964
2026-01-14 17:20:00,23.10411694693534
2026-01-14 17:25:00,29.59460809388498
2026-01-14 17:30:00,28.749590484631923
2026-01-14 17:35:00,33.76564680125882
2026-01-14 17:40:00,26.93729203863954
2026-01-14 17:45:00,29.345427846790706
2026-01-14 17:50:00,35.65829008279077
2026-01-14 17:55:00,42.7733072211397
2026-01-14 18:00:00,29.964261422103117
2026-01-14 18:05:00,38.25185332719349
2026-01-14 18:10:00,28.075198213606672
2026-01-14 18:15:00,37.132668281528524
2026-01-14 18:20:00,30.053070616879243
2026-01-14 18:25:00,30.62573905465791
2026-01-14 18:30:00,33.36591958193018
2026-01-14 18:35:00,26.035541484656484
2026-01-14 18:40:00,31.033332008784814
2026-01-14 18:45:00,24.260720792514128
2026-01-14 18:50:00,29.67664714898689
2026-01-14 18:55:00,39.792917104385225
2026-01-14 19:00:00,33.201445763919146
2026-01-14 19:05:00,26.255248621952227
2026-01-14 19:10:00,19.300161011067477
2026-01-14 19:15:00,21.666001886759645
2026-01-14 19:20:00,26.46503265510974
2026-01-14 19:25:00,36.02979043689928
2026-01-14 19:30:00,23.886317971827197
2026-01-14 19:35:00,41.306715281585426
2026-01-14 19:40:00,39.38596853266902
2026-01-14 19:45:00,20.317770090100755
2026-01-14 19:50:00,21.607923657913897
2026-01-14 19:55:00,33.59607498399823
2026-01-14 20:00:00,67.54568964485713
2026-01-14 20:05:00,60.76166695284226
2026-01-14 20:10:00,61.001407688076775
2026-01-14 20:15:00,60.60223646961721
2026-01-14 20:20:00,60.83407949079582
2026-01-14 20:25:00,60.500760979120095
2026-01-14 20:30:00,68.1832425350936
2026-01-14 20:35:00,67.33155728409541
2026-01-14 20:40:00,65.40427365395978
2026-01-14 20:45:00,68.70564553684461
2026-01-14 20:50:00,67.98024350871479
2026-01-14 20:55:00,57.676584364665736
2026-01-14 21:00:00,62.26248086358295
2026-01-14 21:05:00,55.77045283280633
2026-01-14 21:10:00,67.81548266675401
2026-01-14 21:15:00,62.05146640219114
2026-01-14 21:20:00,65.42622296422986
2026-01-14 21:25:00,63.36939546527081
2026-01-14 21:30:00,66.10798256371196
2026-01-14 21:35:00,63.93342558080011
2026-01-14 21:40:00,61.18728844940888
2026-01-14 21:45:00,66.85421771149898
2026-01-14 21:50:00,59.88980762446638
2026-01-14 21:55:00,65.2829159496862
2026-01-14 22:00:00,64.35744557811083
2026-01-14 22:05:00,62.20574793647307
2026-01-14 22:10:00,64.69098004300925
2026-01-14 22:15:00,62.921942752214065
2026-01-14 22:20:00,65.07423556026595
2026-01-14 22:25:00,65.27175250519916
2026-01-14 22:30:00,63.34796119761095
2026-01-14 22:35:00,61.919216008211826
2026-01-14 22:40:00,60.975104057316614
2026-01-14 22:45:00,64.21009012144663
2026-01-14 22:50:00,68.82508168420202
2026-01-14 22:55:00,65.28881795994499
2026-01-14 23:00:00,63.31846062310996
2026-01-14 23:05:00,67.53773363311478
2026-01-14 23:10:00,71.37064551711876
2026-01-14 23:15:00,67.35256124579797
2026-01-14 23:20:00,63.274150471569655
2026-01-14 23:25:00,68.62970554674501
2026-01-14 23:30:00,61.56282655121455
2026-01-14 23:35:00,59.540007303051965
2026-01-14 23:40:00,68.30485395025487
2026-01-14 23:45:00,64.79309971319894
2026-01-14 23:50:00,62.85095697135611
2026-01-14 23:55:00,60.97254362458311
2026-01-15 00:00:00,64.82157676727223
2026-01-15 00:05:00,64.46747687493361
2026-01-15 00:10:00,65.83712558863891
2026-01-15 00:15:00,64.09735742946809
2026-01-15 00:20:00,63.05767058321631
2026-01-15 00:25:00,67.49399029766555
2026-01-15 00:30:00,62.38718768851526
2026-01-15 00:35:00,63.0776049757079
2026-01-15 00:40:00,68.25064309226163
2026-01-15 00:45:00,60.88952174299348
2026-01-15 00:50:00,63.348259648832816
2026-01-15 00:55:00,64.49750050016121
2026-01-15 01:00:00,62.87701382060575
2026-01-15 01:05:00,66.26743242549686
2026-01-15 01:10:00,62.168172126524446
2026-01-15 01:15:00,63.78931992648921
2026-01-15 01:20:00,65.82418153769233
2026-01-15 01:25:00,68.10422756636986
2026-01-15 01:30:00,63.74541881805984
2026-01-15 01:35:00,64.56444664262385
2026-01-15 01:40:00,62.45973388218444
2026-01-15 01:45:00,66.05621215375263
2026-01-15 01:50:00,61.29286879220757
2026-01-15 01:55:00,68.18994362986112
2026-01-15 02:00:00,60.06219135791957
2026-01-15 02:05:00,60.45434155624874
2026-01-15 02:10:00,69.72203681350209
2026-01-15 02:15:00,65.69744998675992
2026-01-15 02:20:00,67.8779817573344
2026-01-15 02:25:00,64.80757135479264
2026-01-15 02:30:00,64.12078725404005
2026-01-15 02:35:00,64.07693353978117
2026-01-15 02:40:00,65.49413491322171
2026-01-15 02:45:00,62.03627427762787
2026-01-15 02:50:00,62.47358474950299
2026-01-15 02:55:00,65.32529116807
2026-01-15 03:00:00,61.08506388914994
2026-01-15 03:05:00,64.47854236892275
2026-01-15 03:10:00,68.04279246947718
2026-01-15 03:15:00,64.48074686533744
2026-01-15 03:20:00,65.70968748729548
2026-01-15 03:25:00,64.38155407760014
2026-01-15 03:30:00,64.58997509393905
2026-01-15 03:35:00,61.2974901493648
2026-01-15 03:40:00,63.61890295997008
2026-01-15 03:45:00,69.11601750141514
2026-01-15 03:50:00,67.53575860058628
2026-01-15 03:55:00,63.94732452129646
2026-01-15 04:00:00,63.27612410431603
2026-01-15 04:05:00,59.95353314407388
2026-01-15 04:10:00,61.9965105906244
2026-01-15 04:15:00,71.26914158904243
2026-01-15 04:20:00,66.0120382073655
2026-01-15 04:25:00,66.54872567167892
2026-01-15 04:30:00,61.994768818036114
2026-01-15 04:35:00,63.7146643420614
2026-01-15 04:40:00,64.84875223627326
2026-01-15 04:45:00,67.04750743832864
2026-01-15 04:50:00,66.49179933401736
2026-01-15 04:55:00,64.42566128244458
2026-01-15 05:00:00,68.74134273391725
2026-01-15 05:05:00,66.25615171421236
2026-01-15 05:10:00,63.134716021451936
2026-01-15 05:15:00,60.971208864218084
2026-01-15 05:20:00,66.4909325858461
2026-01-15 05:25:00,64.58901445821672
2026-01-15 05:30:00,61.30175714815396
2026-01-15 05:35:00,63.73160155582635
2026-01-15 05:40:00,65.9667337104433
2026-01-15 05:45:00,65.43280887082379
2026-01-15 05:50:00,70.76225411071087
2026-01-15 05:55:00,69.28274020462496
2026-01-15 06:00:00,63.21012693314199
2026-01-15 06:05:00,64.8140678595933
2026-01-15 06:10:00,68.10090076102603
2026-01-15 06:15:00,64.99058774024826
2026-01-15 06:20:00,59.70539505582838
2026-01-15 06:25:00,61.05197944265343
2026-01-15 06:30:00,64.43428092953017
2026-01-15 06:35:00,58.32788512611513
2026-01-15 06:40:00,61.221445953527635
2026-01-15 06:45:00,64.81285297486322
2026-01-15 06:50:00,60.49068670707432
2026-01-15 06:55:00,65.82897340593478
2026-01-15 07:00:00,37.286659052344206
2026-01-15 07:05:00,33.93436270623778
2026-01-15 07:10:00,25.10198644922239
2026-01-15 07:15:00,46.23941925351709
2026-01-15 07:20:00,25.75310457332032
2026-01-15 07:25:00,38.10711187992353
2026-01-15 07:30:00,39.08599174298345
2026-01-15 07:35:00,33.43366550253088
2026-01-15 07:40:00,24.326506010223397
2026-01-15 07:45:00,38.850105230658755
2026-01-15 07:50:00,34.749887319567385
2026-01-15 07:55:00,28.688479100779205
2026-01-15 08:00:00,43.91743862230239
2026-01-15 08:05:00,46.389151215929274
2026-01-15 08:10:00,25.67527272060032
2026-01-15 08:15:00,45.648587360425694
2026-01-15 08:20:00,39.458558272853594
2026-01-15 08:25:00,32.232273020459274
2026-01-15 08:30:00,47.224376414850525
2026-01-15 08:35:00,38.6823178065448
2026-01-15 08:40:00,32.434056613637935
2026-01-15 08:45:00,39.30854955644783
2026-01-15 08:50:00,40.79520126039105
2026-01-15 08:55:00,37.76070955490055
2026-01-15 09:00:00,42.50292507784936
2026-01-15 09:05:00,40.76402926753566
2026-01-15 09:10:00,23.611034663591855
2026-01-15 09:15:00,27.893349078617987
2026-01-15 09:20:00,42.010521857091994
2026-01-15 09:25:00,39.154358805818916
2026-01-15 09:30:00,29.3500114140337
2026-01-15 09:35:00,33.50065596642394
2026-01-15 09:40:00,38.38554240482049
2026-01-15 09:45:00,36.20506663011899
2026-01-15 09:50:00,39.74494890007164
2026-01-15 09:55:00,26.423019569915418
2026-01-15 10:00:00,50.41214237315623
2026-01-15 10:05:00,55.132308733035444
2026-01-15 10:10:00,57.87910621329997
2026-01-15 10:15:00,54.80241614475679
2026-01-15 10:20:00,60.716994630405324
2026-01-15 10:25:00,55.35220821379979
2026-01-15 10:30:00,58.19260533122959
2026-01-15 10:35:00,51.924292433073575
2026-01-15 10:40:00,56.49348291428153
2026-01-15 10:45:00,56.823387348068046
2026-01-15 10:50:00,59.218329982693014
2026-01-15 10:55:00,51.228991093832484
2026-01-15 11:00:00,47.68697177412302
2026-01-15 11:05:00,60.86394418013337
2026-01-15 11:10:00,57.9390543399775
2026-01-15 11:15:00,53.90554674333323
2026-01-15 11:20:00,50.275072815660856
2026-01-15 11:25:00,54.87797017202537
2026-01-15 11:30:00,52.026325069068406
2026-01-15 11:35:00,55.17719169861297
2026-01-15 11:40:00,51.449458787111176
2026-01-15 11:45:00,57.23887329524958
2026-01-15 11:50:00,54.18584461879756
2026-01-15 11:55:00,59.28943486828965
2026-01-15 12:00:00,57.12004192592066
2026-01-15 12:05:00,48.93914140201982
2026-01-15 12:10:00,51.922041036587636
2026-01-15 12:15:00,49.99678252331986
2026-01-15 12:20:00,57.18525939607047
2026-01-15 12:25:00,55.31581485210008
2026-01-15 12:30:00,61.16715238213281
2026-01-15 12:35:00,51.91951649465639
2026-01-15 12:40:00,51.78629163369634
2026-01-15 12:45:00,53.81894546979763
2026-01-15 12:50:00,49.58214399624047
2026-01-15 12:55:00,53.13835764380589
2026-01-15 13:00:00,48.713579607642046
2026-01-15 13:05:00,53.264824877947504
2026-01-15 13:10:00,59.516591570875974
2026-01-15 13:15:00,51.561168903142566
2026-01-15 13:20:00,56.847306570034526
2026-01-15 13:25:00,57.24269336433623
2026-01-15 13:30:00,54.96340323374282
2026-01-15 13:35:00,60.330748907884086
2026-01-15 13:40:00,57.359449698769474
2026-01-15 13:45:00,50.85247340292803
2026-01-15 13:50:00,59.71781756970233
2026-01-15 13:55:00,54.29633352002674
2026-01-15 14:00:00,56.57156564379468
2026-01-15 14:05:00,51.48707101988175
2026-01-15 14:10:00,52.68824228592235
2026-01-15 14:15:00,61.85762993355688
2026-01-15 14:20:00,49.328245596270634
2026-01-15 14:25:00,53.14707263656667
2026-01-15 14:30:00,52.951796526406774
2026-01-15 14:35:00,49.33164612904406
2026-01-15 14:40:00,48.402489708546476
2026-01-15 14:45:00,46.725495776108986
2026-01-15 14:50:00,50.92376256246335
2026-01-15 14:55:00,54.151935209235106
2026-01-15 15:00:00,57.273322168574616
2026-01-15 15:05:00,51.99004806063683
2026-01-15 15:10:00,53.87043526639154
2026-01-15 15:15:00,57.77808646249564
2026-01-15 15:20:00,51.18830085543695
2026-01-15 15:25:00,53.53998200697526
2026-01-15 15:30:00,59.537865677923065
2026-01-15 15:35:00,63.445491031322675
2026-01-15 15:40:00,53.32233774434471
2026-01-15 15:45:00,55.385570449193914
2026-01-15 15:50:00,59.84559204320206
2026-01-15 15:55:00,62.809442708898615
2026-01-15 16:00:00,36.734112843255424
2026-01-15 16:05:00,17.755429532969906
2026-01-15 16:10:00,22.771575559096583
2026-01-15 16:15:00,32.19506275497051
2026-01-15 16:20:00,36.26505224130384
2026-01-15 16:25:00,21.554906549144096
2026-01-15 16:30:00,43.27125825596035
2026-01-15 16:35:00,42.22230608040928
2026-01-15 16:40:00,30.755219055843092
2026-01-15 16:45:00,31.70862796586666
2026-01-15 16:50:00,26.792852268587847
2026-01-15 16:55:00,28.978312243053168
2026-01-15 17:00:00,33.602338249697965
2026-01-15 17:05:00,25.89969269162798
2026-01-15 17:10:00,15.429076754216087
2026-01-15 17:15:00,28.78688665497144
2026-01-15 17:20:00,24.513686319436285
2026-01-15 17:25:00,18.800442481686115
2026-01-15 17:30:00,34.2717500232376
2026-01-15 17:35:00,33.1722132260722
2026-01-15 17:40:00,25.438047045957138
2026-01-15 17:45:00,19.090386865067284
2026-01-15 17:50:00,38.20801237517271
2026-01-15 17:55:00,29.093456146681703
2026-01-15 18:00:00,21.231167379128607
2026-01-15 18:05:00,23.858449959817808
2026-01-15 18:10:00,36.42695904586175
2026-01-15 18:15:00,26.15614107694877
2026-01-15 18:20:00,15.094072560668783
2026-01-15 18:25:00,32.325193546313834
2026-01-15 18:30:00,34.16967304391703
2026-01-15 18:35:00,31.556258923053633
2026-01-15 18:40:00,40.67874493206724
2026-01-15 18:45:00,31.72099542139819
2026-01-15 18:50:00,27.60696341550544
2026-01-15 18:55:00,24.73710905796283
2026-01-15 19:00:00,28.59056771116604
2026-01-15 19:05:00,28.962773087818736
2026-01-15 19:10:00,35.296660683934036
2026-01-15 19:15:00,39.03452386293161
2026-01-15 19:20:00,34.47840515946856
2026-01-15 19:25:00,32.04084868690259
2026-01-15 19:30:00,23.13927565455993
2026-01-15 19:35:00,30.21138307115299
2026-01-15 19:40:00,24.296660510054487
2026-01-15 19:45:00,22.65120648872027
2026-01-15 19:50:00,26.767625800040015
2026-01-15 19:55:00,32.167661810131406
2026-01-15 20:00:00,67.6061972446701
2026-01-15 20:05:00,68.62732161296972
2026-01-15 20:10:00,64.02535372925561
2026-01-15 20:15:00,64.38540343690423
2026-01-15 20:20:00,70.35573166474632
2026-01-15 20:25:00,60.90221961152485
2026-01-15 20:30:00,65.4627799512887
2026-01-15 20:35:00,65.77217941679712
2026-01-15 20:40:00,63.83634358621792
2026-01-15 20:45:00,66.16515266822192
2026-01-15 20:50:00,62.689775672676035
2026-01-15 20:55:00,60.16691967720317
2026-01-15 21:00:00,66.89699594054093
2026-01-15 21:05:00,63.27031065920223
2026-01-15 21:10:00,61.55680851326078
2026-01-15 21:15:00,64.48872082839473
2026-01-15 21:20:00,69.39536819035017
2026-01-15 21:25:00,63.60427759372133
2026-01-15 21:30:00,62.9763612881207
2026-01-15 21:35:00,66.26832446487701
2026-01-15 21:40:00,64.12014715077042
2026-01-15 21:45:00,65.52110678862806
2026-01-15 21:50:00,64.1114594167561
2026-01-15 21:55:00,65.97422861743873
2026-01-15 22:00:00,67.2612882589671
2026-01-15 22:05:00,65.98845588002335
2026-01-15 22:10:00,61.014899321342746
2026-01-15 22:15:00,66.24206009137781
2026-01-15 22:20:00,67.82802220292398
2026-01-15 22:25:00,68.64335156608203
2026-01-15 22:30:00,65.07699472424092
2026-01-15 22:35:00,65.01284246943256
2026-01-15 22:40:00,66.24417783733844
2026-01-15 22:45:00,65.30208786062911
2026-01-15 22:50:00,66.21602721070106
2026-01-15 22:55:00,68.87941728317169
2026-01-15 23:00:00,64.46641480544342
2026-01-15 23:05:00,63.31106453606376
2026-01-15 23:10:00,65.81733863834498
2026-01-15 23:15:00,70.56928275469939
2026-01-15 23:20:00,65.23568036282694
2026-01-15 23:25:00,66.88184975612336
2026-01-15 23:30:00,63.11384430770661
2026-01-15 23:35:00,63.520607742767645
2026-01-15 23:40:00,65.89594101023347
2026-01-15 23:45:00,61.52883457925467
2026-01-15 23:50:00,61.012504602559844
2026-01-15 23:55:00,64.76286237595481
2026-01-16 00:00:00,66.00584676934906
2026-01-16 00:05:00,66.56338502123384
2026-01-16 00:10:00,62.18116600448597
2026-01-16 00:15:00,61.433522232759195
2026-01-16 00:20:00,65.82211201738133
2026-01-16 00:25:00,63.71077343038087
2026-01-16 00:30:00,66.58080991907329
2026-01-16 00:35:00,66.61649072308651
2026-01-16 00:40:00,64.62587249263201
2026-01-16 00:45:00,61.50263410647796
2026-01-16 00:50:00,69.23397159823945
2026-01-16 00:55:00,63.57837073279412
2026-01-16 01:00:00,63.87269598316693
2026-01-16 01:05:00,65.23009688146041
2026-01-16 01:10:00,66.50625387240896
2026-01-16 01:15:00,68.23367018843447
2026-01-16 01:20:00,58.215401616516786
2026-01-16 01:25:00,62.824779001844135
2026-01-16 01:30:00,64.63928334825019
2026-01-16 01:35:00,62.87943083388945
2026-01-16 01:40:00,70.76695531978682
2026-01-16 01:45:00,69.57026477903109
2026-01-16 01:50:00,62.4838725026318
2026-01-16 01:55:00,65.15680595781541
2026-01-16 02:00:00,64.69552073907039
2026-01-16 02:05:00,71.7882637495033
2026-01-16 02:10:00,65.57265807950806
2026-01-16 02:15:00,62.58716399986899
2026-01-16 02:20:00,70.27132097031588
2026-01-16 02:25:00,61.950064485136295
2026-01-16 02:30:00,64.51644608619624
2026-01-16 02:35:00,61.006353369813496
2026-01-16 02:40:00,63.17090740806242
2026-01-16 02:45:00,69.9690320541571
2026-01-16 02:50:00,63.94492644457435
2026-01-16 02:55:00,60.83823052527316
2026-01-16 03:00:00,64.32427527829797
2026-01-16 03:05:00,70.34720324254484
2026-01-16 03:10:00,64.48227127764365
2026-01-16 03:15:00,65.45798347833278
2026-01-16 03:20:00,65.80152296955043
2026-01-16 03:25:00,65.05971045665413
2026-01-16 03:30:00,66.52127934185522
2026-01-16 03:35:00,66.97877477357038
2026-01-16 03:40:00,65.7850416405054
2026-01-16 03:45:00,66.15218153943349
2026-01-16 03:50:00,66.71908142913675
2026-01-16 03:55:00,61.75701204653827
2026-01-16 04:00:00,63.81161188010237
2026-01-16 04:05:00,66.5194209969138
2026-01-16 04:10:00,64.6180226103729
2026-01-16 04:15:00,63.23494998624793
2026-01-16 04:20:00,66.08848136738445
2026-01-16 04:25:00,60.63505211433418
2026-01-16 04:30:00,64.64857879793847
2026-01-16 04:35:00,58.94203735507727
2026-01-16 04:40:00,62.62060304632147
2026-01-16 04:45:00,64.75300141599871
2026-01-16 04:50:00,65.19864942565027
2026-01-16 04:55:00,64.57752502843111
2026-01-16 05:00:00,61.995580304766236
2026-01-16 05:05:00,58.01886014822301
2026-01-16 05:10:00,64.67323838980083
2026-01-16 05:15:00,64.59098701044523
2026-01-16 05:20:00,60.71847274758954
2026-01-16 05:25:00,67.79475708201288
2026-01-16 05:30:00,64.50561055135664
2026-01-16 05:35:00,68.35362597808756
2026-01-16 05:40:00,63.62781065285804
2026-01-16 05:45:00,65.19437556996512
2026-01-16 05:50:00,63.96506422389373
2026-01-16 05:55:00,62.166030763521775
2026-01-16 06:00:00,61.96851879292995
2026-01-16 06:05:00,65.06008307403901
2026-01-16 06:10:00,65.26703861653746
2026-01-16 06:15:00,61.500847781275574
2026-01-16 06:20:00,61.447492188978394
2026-01-16 06:25:00,69.89146428347708
2026-01-16 06:30:00,65.08071812917224
2026-01-16 06:35:00,65.9712932932866
2026-01-16 06:40:00,71.77450118818903
2026-01-16 06:45:00,60.60604707388626
2026-01-16 06:50:00,58.99496255152046
2026-01-16 06:55:00,63.48515940449948
2026-01-16 07:00:00,40.405554163261975
2026-01-16 07:05:00,30.278692663950206
2026-01-16 07:10:00,32.90875939049156
2026-01-16 07:15:00,24.4234187401244
2026-01-16 07:20:00,36.94976488993594
2026-01-16 07:25:00,36.667153601751764
2026-01-16 07:30:00,48.8811087601132
2026-01-16 07:35:00,26.13677872442503
2026-01-16 07:40:00,43.00254988312517
2026-01-16 07:45:00,35.4410433956814
2026-01-16 07:50:00,43.22241039348025
2026-01-16 07:55:00,21.957149319790386
2026-01-16 08:00:00,30.56834185400951
2026-01-16 08:05:00,26.2680732402539
2026-01-16 08:10:00,29.239972320235985
2026-01-16 08:15:00,42.80324971108388
2026-01-16 08:20:00,31.111112704720387
2026-01-16 08:25:00,30.536692269871203
2026-01-16 08:30:00,35.86802863235959
2026-01-16 08:35:00,43.32225777975025
2026-01-16 08:40:00,27.240722907959416
2026-01-16 08:45:00,26.581185423627268
2026-01-16 08:50:00,46.06906508960142
2026-01-16 08:55:00,26.327002369587
2026-01-16 09:00:00,37.308176012498066
2026-01-16 09:05:00,31.739509925835424
2026-01-16 09:10:00,28.623850701657492
2026-01-16 09:15:00,37.548980865879386
2026-01-16 09:20:00,37.41325207711231
2026-01-16 09:25:00,47.16589879579947
2026-01-16 09:30:00,42.66734109072873
2026-01-16 09:35:00,39.01205074783341
2026-01-16 09:40:00,38.282428724922774
2026-01-16 09:45:00,35.99314971384136
2026-01-16 09:50:00,30.582152628241452
2026-01-16 09:55:00,43.10289873587182
2026-01-16 10:00:00,55.63505949971641
2026-01-16 10:05:00,51.26046640384235
2026-01-16 10:10:00,49.63442310178809
2026-01-16 10:15:00,54.419552219180886
2026-01-16 10:20:00,48.892221174055535
2026-01-16 10:25:00,62.391488183874216
2026-01-16 10:30:00,54.00639566507268
2026-01-16 10:35:00,49.38980461533708
2026-01-16 10:40:00,57.41131886241882
2026-01-16 10:45:00,54.321762151486446
2026-01-16 10:50:00,53.7446651508945
2026-01-16 10:55:00,58.12653390940366
2026-01-16 11:00:00,61.05689339536202
2026-01-16 11:05:00,53.17767712066488
2026-01-16 11:10:00,53.28028228591951
2026-01-16 11:15:00,55.9219273515277
2026-01-16 11:20:00,56.654766561678535
2026-01-16 11:25:00,57.418831201926814
2026-01-16 11:30:00,60.00352757254559
2026-01-16 11:35:00,53.7564169604991
2026-01-16 11:40:00,50.770411278759696
2026-01-16 11:45:00,51.359227870853424
2026-01-16 11:50:00,53.91846115115192
2026-01-16 11:55:00,57.78646517308705
2026-01-16 12:00:00,61.475511503708255
2026-01-16 12:05:00,51.31112491208931
2026-01-16 12:10:00,48.7662511757407
2026-01-16 12:15:00,55.31825075443648
2026-01-16 12:20:00,48.552977495329735
2026-01-16 12:25:00,59.15969423383679
2026-01-16 12:30:00,55.6111043817659
2026-01-16 12:35:00,57.054317979701395
2026-01-16 12:40:00,61.08550312957982
2026-01-16 12:45:00,60.70923358611782
2026-01-16 12:50:00,49.81119497544296
2026-01-16 12:55:00,58.7518740275724
2026-01-16 13:00:00,57.99872343004482
2026-01-16 13:05:00,60.6095007016754
2026-01-16 13:10:00,58.22258139609856
2026-01-16 13:15:00,63.076008679909904
2026-01-16 13:20:00,53.80473073248072
2026-01-16 13:25:00,51.28522377365132
2026-01-16 13:30:00,49.75884000869088
2026-01-16 13:35:00,54.895065389523666
2026-01-16 13:40:00,57.03041238660551
2026-01-16 13:45:00,53.4761322752329
2026-01-16 13:50:00,61.42568004233573
2026-01-16 13:55:00,48.81804194308368
2026-01-16 14:00:00,57.63680767606754
2026-01-16 14:05:00,60.0391202412402
2026-01-16 14:10:00,52.14194521712609
2026-01-16 14:15:00,58.07630986521812
2026-01-16 14:20:00,52.748500761398454
2026-01-16 14:25:00,48.64372177845761
2026-01-16 14:30:00,63.13233159709904
2026-01-16 14:35:00,55.30464406128557
2026-01-16 14:40:00,59.26291433197045
2026-01-16 14:45:00,55.641583384327085
2026-01-16 14:50:00,50.18942907865054
2026-01-16 14:55:00,61.60412641057878
2026-01-16 15:00:00,60.2549009975657
2026-01-16 15:05:00,52.85976909641156
2026-01-16 15:10:00,51.12324118855549
2026-01-16 15:15:00,64.59613126561749
2026-01-16 15:20:00,58.78981990681122
2026-01-16 15:25:00,55.01964896567773
2026-01-16 15:30:00,54.82508401223906
2026-01-16 15:35:00,58.312054959692766
2026-01-16 15:40:00,50.584531982744274
2026-01-16 15:45:00,55.80916937432434
2026-01-16 15:50:00,57.08142505356642
2026-01-16 15:55:00,57.40061385524369
2026-01-16 16:00:00,35.296584809352325
2026-01-16 16:05:00,29.88634822321368
2026-01-16 16:10:00,37.56634213695587
2026-01-16 16:15:00,29.18054379471222
2026-01-16 16:20:00,31.984000540659565
2026-01-16 16:25:00,26.268971498407264
2026-01-16 16:30:00,25.248194281236543
2026-01-16 16:35:00,26.67241504138675
2026-01-16 16:40:00,30.21100951415717
2026-01-16 16:45:00,26.72456077817879
2026-01-16 16:50:00,35.90393882842183
2026-01-16 16:55:00,35.3196348988615
2026-01-16 17:00:00,17.992412459953783
2026-01-16 17:05:00,40.18875393237181
2026-01-16 17:10:00,23.41417543172369
2026-01-16 17:15:00,36.76641320678006
2026-01-16 17:20:00,19.94687494221201
2026-01-16 17:25:00,30.30555751631898
2026-01-16 17:30:00,33.35562330661885
2026-01-16 17:35:00,26.996759460711846
2026-01-16 17:40:00,26.48037953071929
2026-01-16 17:45:00,37.343316019279165
2026-01-16 17:50:00,23.42725193908644
2026-01-16 17:55:00,22.35519281303671
2026-01-16 18:00:00,18.20900532979448
2026-01-16 18:05:00,25.051895513895122
2026-01-16 18:10:00,28.394396896669395
2026-01-16 18:15:00,41.727709416442025
2026-01-16 18:20:00,43.97744699884794
2026-01-16 18:25:00,26.806828274649163
2026-01-16 18:30:00,41.54670133598886
2026-01-16 18:35:00,33.491844343248665
2026-01-16 18:40:00,31.72423134423806
2026-01-16 18:45:00,36.58951040216252
2026-01-16 18:50:00,19.677085557823506
2026-01-16 18:55:00,36.634653868013544
2026-01-16 19:00:00,36.81465793569317
2026-01-16 19:05:00,31.85146131310329
2026-01-16 19:10:00,38.96059655522618
2026-01-16 19:15:00,21.582999761618986
2026-01-16 19:20:00,38.873236626843656
2026-01-16 19:25:00,22.5511091760052
2026-01-16 19:30:00,27.41249074544025
2026-01-16 19:35:00,38.05942311821825
2026-01-16 19:40:00,30.8693874401961
2026-01-16 19:45:00,38.72998538002642
2026-01-16 19:50:00,24.932419194016646
2026-01-16 19:55:00,35.866284848923186
2026-01-16 20:00:00,68.93118700722995
2026-01-16 20:05:00,65.36764479370052
2026-01-16 20:10:00,62.80151504638221
2026-01-16 20:15:00,67.88699591254574
2026-01-16 20:20:00,65.69977050662928
2026-01-16 20:25:00,64.95662310635683
2026-01-16 20:30:00,69.84118718946027
2026-01-16 20:35:00,61.77963878923391
2026-01-16 20:40:00,61.830506871433506
2026-01-16 20:45:00,68.34581920234112
2026-01-16 20:50:00,67.7206194025933
2026-01-16 20:55:00,63.96018753218284
2026-01-16 21:00:00,66.45001974282444
2026-01-16 21:05:00,64.82761719200909
2026-01-16 21:10:00,64.56604764679969
2026-01-16 21:15:00,66.22996232794435
2026-01-16 21:20:00,65.48460916002429
2026-01-16 21:25:00,70.0877263277833
2026-01-16 21:30:00,67.07223563774629
2026-01-16 21:35:00,68.3645144822014
2026-01-16 21:40:00,66.336496091225
2026-01-16 21:45:00,60.92594752776543
2026-01-16 21:50:00,62.41434038075529
2026-01-16 21:55:00,63.508602195021595
2026-01-16 22:00:00,64.3640570107829
2026-01-16 22:05:00,61.36299424995543
2026-01-16 22:10:00,62.17602683358712
2026-01-16 22:15:00,67.30795592604541
2026-01-16 22:20:00,67.11280880292064
2026-01-16 22:25:00,71.51067228586174
2026-01-16 22:30:00,65.66821197219198
2026-01-16 22:35:00,67.33146745765373
2026-01-16 22:40:00,67.9650305987281
2026-01-16 22:45:00,61.69384324550545
2026-01-16 22:50:00,67.14067094423058
2026-01-16 22:55:00,69.97913706075677
2026-01-16 23:00:00,63.79003452323875
2026-01-16 23:05:00,67.44582058102456
2026-01-16 23:10:00,65.86647618803053
2026-01-16 23:15:00,67.18858054556591
2026-01-16 23:20:00,65.46984541116761
2026-01-16 23:25:00,65.93170474424981
2026-01-16 23:30:00,65.59585721061414
2026-01-16 23:35:00,63.19059318779027
2026-01-16 23:40:00,66.82217765246233
2026-01-16 23:45:00,65.3951158778907
2026-01-16 23:50:00,62.87934661346775
2026-01-16 23:55:00,62.02234919299168
2026-01-17 00:00:00,59.43923010039823
2026-01-17 00:05:00,69.649157024225
2026-01-17 00:10:00,64.39985225150502
2026-01-17 00:15:00,68.04533707770709
2026-01-17 00:20:00,60.802980901019
2026-01-17 00:25:00,70.03288954872755
2026-01-17 00:30:00,62.03511098697952
2026-01-17 00:35:00,62.38443726716784
2026-01-17 00:40:00,62.18604699918544
2026-01-17 00:45:00,60.74309914205993
2026-01-17 00:50:00,61.831083492403096
2026-01-17 00:55:00,62.75661331400349
2026-01-17 01:00:00,65.54187467210174
2026-01-17 01:05:00,66.97252843175865
2026-01-17 01:10:00,61.6948660057531
2026-01-17 01:15:00,65.54575181402295
2026-01-17 01:20:00,69.16163748772149
2026-01-17 01:25:00,64.78552718130739
2026-01-17 01:30:00,62.57104048026324
2026-01-17 01:35:00,62.19830368215845
2026-01-17 01:40:00,65.11027538848195
2026-01-17 01:45:00,63.052747025740636
2026-01-17 01:50:00,65.32754959824382
2026-01-17 01:55:00,71.54331669982389
2026-01-17 02:00:00,65.57044541385393
2026-01-17 02:05:00,61.871444101501076
2026-01-17 02:10:00,61.89691939593507
2026-01-17 02:15:00,65.2200307628305
2026-01-17 02:20:00,68.10137224476088
2026-01-17 02:25:00,60.30917632538445
2026-01-17 02:30:00,66.49415079636837
2026-01-17 02:35:00,59.69187444867748
2026-01-17 02:40:00,66.11518139991168
2026-01-17 02:45:00,72.11866842103697
2026-01-17 02:50:00,61.98066751226066
2026-01-17 02:55:00,60.481910691297685
2026-01-17 03:00:00,63.53158001967462
2026-01-17 03:05:00,63.884704438601936
2026-01-17 03:10:00,62.66392083114471
2026-01-17 03:15:00,64.71399082961156
2026-01-17 03:20:00,67.75345221397342
2026-01-17 03:25:00,67.61777334902553
2026-01-17 03:30:00,63.8712498880123
2026-01-17 03:35:00,65.0523772513557
2026-01-17 03:40:00,64.33896202791455
2026-01-17 03:45:00,66.11708140280346
2026-01-17 03:50:00,65.92089449331937
2026-01-17 03:55:00,66.7977918453972
2026-01-17 04:00:00,63.70579231008612
2026-01-17 04:05:00,62.36907610719775
2026-01-17 04:10:00,61.66747423088967
2026-01-17 04:15:00,71.50989543558624
2026-01-17 04:20:00,67.62610720443426
2026-01-17 04:25:00,60.49450064704781
2026-01-17 04:30:00,65.31832704140882
2026-01-17 04:35:00,62.95383070081711
2026-01-17 04:40:00,64.4160345275948
2026-01-17 04:45:00,65.14448369214084
2026-01-17 04:50:00,62.601661539987326
2026-01-17 04:55:00,65.42205923619792
2026-01-17 05:00:00,62.69014894787518
2026-01-17 05:05:00,64.56974845767603
2026-01-17 05:10:00,62.8397707029828
2026-01-17 05:15:00,61.59380059547467
2026-01-17 05:20:00,60.400700602998434
2026-01-17 05:25:00,65.48479022031665
2026-01-17 05:30:00,66.13087942638215
2026-01-17 05:35:00,65.66400694358329
2026-01-17 05:40:00,65.13938350587367
2026-01-17 05:45:00,65.92986496294665
2026-01-17 05:50:00,65.03521444033717
2026-01-17 05:55:00,57.656245587682776
2026-01-17 06:00:00,66.3636498834578
2026-01-17 06:05:00,68.96364521307355
2026-01-17 06:10:00,64.8263042038122
2026-01-17 06:15:00,64.30151777666441
2026-01-17 06:20:00,66.30626872721396
2026-01-17 06:25:00,63.07388299191645
2026-01-17 06:30:00,59.57244322765789
2026-01-17 06:35:00,57.488898606534434
2026-01-17 06:40:00,69.18920916620658
2026-01-17 06:45:00,67.13157123008783
2026-01-17 06:50:00,63.93741891010737
2026-01-17 06:55:00,64.79801097227589
2026-01-17 07:00:00,63.793689359823595
2026-01-17 07:05:00,65.04085170747796
2026-01-17 07:10:00,62.085073218860046
2026-01-17 07:15:00,67.82294170875375
2026-01-17 07:20:00,60.68882557023399
2026-01-17 07:25:00,67.27764684711144
2026-01-17 07:30:00,67.71881983773137
2026-01-17 07:35:00,64.0632238990064
2026-01-17 07:40:00,63.05209682832024
2026-01-17 07:45:00,66.21925666690946
2026-01-17 07:50:00,63.13420123843315
2026-01-17 07:55:00,65.51727494874933
2026-01-17 08:00:00,68.13087225450059
2026-01-17 08:05:00,58.48225800377774
2026-01-17 08:10:00,62.71223489662657
2026-01-17 08:15:00,67.58231535928473
2026-01-17 08:20:00,59.39413179891378
2026-01-17 08:25:00,66.90235283084908
2026-01-17 08:30:00,63.158205097273026
2026-01-17 08:35:00,64.73155571966149
2026-01-17 08:40:00,64.4256336384013
2026-01-17 08:45:00,62.51512012709507
2026-01-17 08:50:00,58.29971034825435
2026-01-17 08:55:00,64.15773971133432
2026-01-17 09:00:00,67.20678681143136
2026-01-17 09:05:00,64.31392839725302
2026-01-17 09:10:00,64.55047646522621
2026-01-17 09:15:00,69.57787168371105
2026-01-17 09:20:00,64.07141896193663
2026-01-17 09:25:00,65.67715781668075
2026-01-17 09:30:00,57.66651970504388
2026-01-17 09:35:00,63.91908542182528
2026-01-17 09:40:00,66.21537308911522
2026-01-17 09:45:00,62.81771757334574
2026-01-17 09:50:00,68.29720038610877
2026-01-17 09:55:00,63.63795650582207
2026-01-17 10:00:00,62.05807873285636
2026-01-17 10:05:00,65.47139918548359
2026-01-17 10:10:00,65.97139400281836
2026-01-17 10:15:00,62.28098882256188
2026-01-17 10:20:00,69.83069362617343
2026-01-17 10:25:00,67.07893572363122
2026-01-17 10:30:00,69.06206506381147
2026-01-17 10:35:00,61.225856615166926
2026-01-17 10:40:00,63.78057165650598
2026-01-17 10:45:00,68.30485705034336
2026-01-17 10:50:00,60.66321931465435
2026-01-17 10:55:00,74.064916557032
2026-01-17 11:00:00,48.910968051171146
2026-01-17 11:05:00,51.76844794737157
2026-01-17 11:10:00,46.298816121047736
2026-01-17 11:15:00,47.85959595886658
2026-01-17 11:20:00,50.48409110568892
2026-01-17 11:25:00,53.15963110277481
2026-01-17 11:30:00,55.08773164308384
2026-01-17 11:35:00,50.07340607982123
2026-01-17 11:40:00,46.4734637259257
2026-01-17 11:45:00,38.813631512367806
2026-01-17 11:50:00,57.470425576864805
2026-01-17 11:55:00,50.609966112178455
2026-01-17 12:00:00,45.74006675789234
2026-01-17 12:05:00,48.55812442900676
2026-01-17 12:10:00,47.480163288275925
2026-01-17 12:15:00,49.59413062768557
2026-01-17 12:20:00,56.91674651845912
2026-01-17 12:25:00,54.70734444935208
2026-01-17 12:30:00,52.526121310291636
2026-01-17 12:35:00,46.21185950062719
2026-01-17 12:40:00,44.913165251717096
2026-01-17 12:45:00,51.445452180382674
2026-01-17 12:50:00,51.085072387404644
2026-01-17 12:55:00,56.215422481992775
2026-01-17 13:00:00,55.450206013072915
2026-01-17 13:05:00,53.20274546087871
2026-01-17 13:10:00,48.72012647198091
2026-01-17 13:15:00,55.467968658734826
2026-01-17 13:20:00,50.083976541163736
2026-01-17 13:25:00,49.657220054182964
2026-01-17 13:30:00,52.18606108331413
2026-01-17 13:35:00,54.34247492543115
2026-01-17 13:40:00,47.88884920309961
2026-01-17 13:45:00,50.03243208868196
2026-01-17 13:50:00,55.305822404304145
2026-01-17 13:55:00,46.66415899879061
2026-01-17 14:00:00,43.851384651948194
2026-01-17 14:05:00,43.405685768768656
2026-01-17 14:10:00,47.0955822012388
2026-01-17 14:15:00,48.301125657099966
2026-01-17 14:20:00,52.74170143943987
2026-01-17 14:25:00,50.426770638913545
2026-01-17 14:30:00,42.63271483398555
2026-01-17 14:35:00,51.1871536062696
2026-01-17 14:40:00,52.78800310478986
2026-01-17 14:45:00,51.98615058680039
2026-01-17 14:50:00,45.55132098186064
2026-01-17 14:55:00,45.91296662713381
2026-01-17 15:00:00,45.63801483061943
2026-01-17 15:05:00,52.34869903147997
2026-01-17 15:10:00,53.93016832306953
2026-01-17 15:15:00,55.93036910192953
2026-01-17 15:20:00,47.943021630923056
2026-01-17 15:25:00,52.35262063522682
2026-01-17 15:30:00,49.82978724436498
2026-01-17 15:35:00,47.60363298689312
2026-01-17 15:40:00,50.55434838774333
2026-01-17 15:45:00,57.490525519893175
2026-01-17 15:50:00,47.22330775316342
2026-01-17 15:55:00,50.31954370362514
2026-01-17 16:00:00,59.47645978103816
2026-01-17 16:05:00,62.104285827377794
2026-01-17 16:10:00,64.94448145103935
2026-01-17 16:15:00,64.73271742918651
2026-01-17 16:20:00,66.81405215848588
2026-01-17 16:25:00,62.64034361429752
2026-01-17 16:30:00,64.37540286756229
2026-01-17 16:35:00,70.77771305065428
2026-01-17 16:40:00,64.01384761429618
2026-01-17 16:45:00,68.23880830667892
2026-01-17 16:50:00,65.52459212557703
2026-01-17 16:55:00,60.950937033344246
2026-01-17 17:00:00,61.29055271474469
2026-01-17 17:05:00,59.49612155972906
2026-01-17 17:10:00,63.0637813074856
2026-01-17 17:15:00,66.44673687917356
2026-01-17 17:20:00,67.95119771298039
2026-01-17 17:25:00,62.92530873772927
2026-01-17 17:30:00,63.7423635226137
2026-01-17 17:35:00,61.82517329660057
2026-01-17 17:40:00,63.44134340610543
2026-01-17 17:45:00,63.56246711657243
2026-01-17 17:50:00,66.38143435713445
2026-01-17 17:55:00,60.63917208731073
2026-01-17 18:00:00,68.27800193812351
2026-01-17 18:05:00,66.76462613130036
2026-01-17 18:10:00,61.78013292157052
2026-01-17 18:15:00,66.02794031329677
2026-01-17 18:20:00,70.79744728815426
2026-01-17 18:25:00,68.0254956537301
2026-01-17 18:30:00,68.94670568926236
2026-01-17 18:35:00,70.68491887471264
2026-01-17 18:40:00,68.95374446731047
2026-01-17 18:45:00,74.20529436093332
2026-01-17 18:50:00,62.88996489221134
2026-01-17 18:55:00,65.82234706770593
2026-01-17 19:00:00,62.65311257012719
2026-01-17 19:05:00,64.06850747192094
2026-01-17 19:10:00,60.10527067347955
2026-01-17 19:15:00,62.11572365462087
2026-01-17 19:20:00,58.27303700707284
2026-01-17 19:25:00,68.834723684878
2026-01-17 19:30:00,65.8304428360974
2026-01-17 19:35:00,67.03070259915619
2026-01-17 19:40:00,67.98214010453277
2026-01-17 19:45:00,69.6284500747119
2026-01-17 19:50:00,70.03762746588907
2026-01-17 19:55:00,66.69171955632038
2026-01-17 20:00:00,70.28353664518038
2026-01-17 20:05:00,67.12166739954111
2026-01-17 20:10:00,64.14255800063697
2026-01-17 20:15:00,62.36852522818859
2026-01-17 20:20:00,64.75814814182026
2026-01-17 20:25:00,64.73146907274189
2026-01-17 20:30:00,69.44623150847893
2026-01-17 20:35:00,64.78268733170253
2026-01-17 20:40:00,65.37412638838062
2026-01-17 20:45:00,68.78968108724797
2026-01-17 20:50:00,67.31919393630969
2026-01-17 20:55:00,64.36753000534785
2026-01-17 21:00:00,67.0045647859368
2026-01-17 21:05:00,61.08925793662944
2026-01-17 21:10:00,64.25232012823099
2026-01-17 21:15:00,64.60969232148884
2026-01-17 21:20:00,62.44377556109302
2026-01-17 21:25:00,64.19566555271354
2026-01-17 21:30:00,62.48512870486593
2026-01-17 21:35:00,62.88553426945515
2026-01-17 21:40:00,60.64605764442156
2026-01-17 21:45:00,65.88062106726701
2026-01-17 21:50:00,67.54353246736055
2026-01-17 21:55:00,67.98526824942468
2026-01-17 22:00:00,62.29080452633234
2026-01-17 22:05:00,63.68837379985758
2026-01-17 22:10:00,62.63998106121396
2026-01-17 22:15:00,68.21385945607797
2026-01-17 22:20:00,64.56782883411653
2026-01-17 22:25:00,64.2502962614627
2026-01-17 22:30:00,67.98326158715608
2026-01-17 22:35:00,65.63461924487062
2026-01-17 22:40:00,70.72491579729683
2026-01-17 22:45:00,66.22118857323319
2026-01-17 22:50:00,65.43770981113556
2026-01-17 22:55:00,69.40601464503625
2026-01-17 23:00:00,67.04853814764064
2026-01-17 23:05:00,63.12233977429412
2026-01-17 23:10:00,67.95270020816957
2026-01-17 23:15:00,64.48528102893047
2026-01-17 23:20:00,62.34221672307084
2026-01-17 23:25:00,62.45949137781086
2026-01-17 23:30:00,64.31632065415216
2026-01-17 23:35:00,65.41141010538853
2026-01-17 23:40:00,64.3677433063292
2026-01-17 23:45:00,61.79953608000653
2026-01-17 23:50:00,62.34420669046192
2026-01-17 23:55:00,66.62203590345965
2026-01-18 00:00:00,63.767002747095674
2026-01-18 00:05:00,64.15072663695129
2026-01-18 00:10:00,65.25666284662054
2026-01-18 00:15:00,69.42901575779007
2026-01-18 00:20:00,68.62606664210657
2026-01-18 00:25:00,67.68718781008921
2026-01-18 00:30:00,66.42649698916371
2026-01-18 00:35:00,67.20558406393224
2026-01-18 00:40:00,66.47376041510853
2026-01-18 00:45:00,63.31372825157814
2026-01-18 00:50:00,65.62244907660175
2026-01-18 00:55:00,64.96511516164492
2026-01-18 01:00:00,64.73944826359869
2026-01-18 01:05:00,62.90575299772021
2026-01-18 01:10:00,66.51168009420093
2026-01-18 01:15:00,63.69466363245352
2026-01-18 01:20:00,63.781716130361495
2026-01-18 01:25:00,66.28265976145362
2026-01-18 01:30:00,64.40843596761866
2026-01-18 01:35:00,61.40858230925308
2026-01-18 01:40:00,58.11402969163875
2026-01-18 01:45:00,63.729286702893546
2026-01-18 01:50:00,63.67766523586448
2026-01-18 01:55:00,66.83223294276364
2026-01-18 02:00:00,69.20095233487743
2026-01-18 02:05:00,65.70409998776441
2026-01-18 02:10:00,63.299759815244826
2026-01-18 02:15:00,67.91575977562135
2026-01-18 02:20:00,62.29759321969033
2026-01-18 02:25:00,64.50055517102372
2026-01-18 02:30:00,67.51177651795476
2026-01-18 02:35:00,69.25922278413584
2026-01-18 02:40:00,65.97760946437148
2026-01-18 02:45:00,61.33282220132554
2026-01-18 02:50:00,61.3792126485904
2026-01-18 02:55:00,66.91263667896678
2026-01-18 03:00:00,64.04104082950126
2026-01-18 03:05:00,65.83581633760619
2026-01-18 03:10:00,66.0298911419581
2026-01-18 03:15:00,64.24900773721437
2026-01-18 03:20:00,62.24984730614407
2026-01-18 03:25:00,64.27176725718385
2026-01-18 03:30:00,66.2746285201072
2026-01-18 03:35:00,66.78965238105388
2026-01-18 03:40:00,63.830548119497834
2026-01-18 03:45:00,66.83882187855156
2026-01-18 03:50:00,60.420858259664165
2026-01-18 03:55:00,60.67803965076283
2026-01-18 04:00:00,61.706480035391564
2026-01-18 04:05:00,56.3881751436206
2026-01-18 04:10:00,65.70526144404123
2026-01-18 04:15:00,61.23467242492234
2026-01-18 04:20:00,68.87948081790395
2026-01-18 04:25:00,65.04449353788347
2026-01-18 04:30:00,56.94881745039836
2026-01-18 04:35:00,61.19883081567296
2026-01-18 04:40:00,64.52989267687697
2026-01-18 04:45:00,56.93585209811336
2026-01-18 04:50:00,63.64702315959728
2026-01-18 04:55:00,67.38534270642494
2026-01-18 05:00:00,60.457013011687074
2026-01-18 05:05:00,64.65002259080418
2026-01-18 05:10:00,61.35921409244055
2026-01-18 05:15:00,65.74117000682736
2026-01-18 05:20:00,69.69892587864125
2026-01-18 05:25:00,67.80688322532491
2026-01-18 05:30:00,69.1785486414407
2026-01-18 05:35:00,67.86415504443309
2026-01-18 05:40:00,62.85754057341308
2026-01-18 05:45:00,61.80322057674331
2026-01-18 05:50:00,59.27124342692141
2026-01-18 05:55:00,70.67179062301864
2026-01-18 06:00:00,67.54187482570319
2026-01-18 06:05:00,69.50818101426681
2026-01-18 06:10:00,61.10352778145465
2026-01-18 06:15:00,65.44800382311973
2026-01-18 06:20:00,60.91399441982314
2026-01-18 06:25:00,68.2855273471221
2026-01-18 06:30:00,61.83098665444887
2026-01-18 06:35:00,60.626794170753456
2026-01-18 06:40:00,67.56904688107568
2026-01-18 06:45:00,60.23838020537586
2026-01-18 06:50:00,66.36670145605265
2026-01-18 06:55:00,59.52457233846981
2026-01-18 07:00:00,66.21557779142142
2026-01-18 07:05:00,65.55183409553123
2026-01-18 07:10:00,65.89549934994965
2026-01-18 07:15:00,69.52748233774217
2026-01-18 07:20:00,68.62251195140163
2026-01-18 07:25:00,66.34662421877665
2026-01-18 07:30:00,59.29478245623387
2026-01-18 07:35:00,62.20905550370497
2026-01-18 07:40:00,61.57366376566745
2026-01-18 07:45:00,59.89543061697962
2026-01-18 07:50:00,64.84024349533205
2026-01-18 07:55:00,62.835933034179746
2026-01-18 08:00:00,69.47178928873399
2026-01-18 08:05:00,68.92562499862125
2026-01-18 08:10:00,68.68938356445153
2026-01-18 08:15:00,64.39586155758978
2026-01-18 08:20:00,69.59968626019253
2026-01-18 08:25:00,71.3581431375069
2026-01-18 08:30:00,66.68711080695216
2026-01-18 08:35:00,64.89968682590032
2026-01-18 08:40:00,68.87847890202451
2026-01-18 08:45:00,64.89063518178006
2026-01-18 08:50:00,61.191713566705886
2026-01-18 08:55:00,64.1296241911391
2026-01-18 09:00:00,62.79061489400345
2026-01-18 09:05:00,67.45919760492568
2026-01-18 09:10:00,62.126217615266874
2026-01-18 09:15:00,66.74419886453711
2026-01-18 09:20:00,64.87826377538184
2026-01-18 09:25:00,63.779587259067895
2026-01-18 09:30:00,66.48557343270897
2026-01-18 09:35:00,63.67625894253741
2026-01-18 09:40:00,65.66143102605125
2026-01-18 09:45:00,64.25994243399742
2026-01-18 09:50:00,63.235808013592404
2026-01-18 09:55:00,64.81061657869063
2026-01-18 10:00:00,68.00561557303989
2026-01-18 10:05:00,66.1185526765941
2026-01-18 10:10:00,65.95870558420424
2026-01-18 10:15:00,68.08375118826426
2026-01-18 10:20:00,62.80785163756497
2026-01-18 10:25:00,64.77011676090984
2026-01-18 10:30:00,66.06032463080949
2026-01-18 10:35:00,64.63728194781044
2026-01-18 10:40:00,66.14465859051123
2026-01-18 10:45:00,62.63031980016992
2026-01-18 10:50:00,61.22330085498095
2026-01-18 10:55:00,70.65476254356173
2026-01-18 11:00:00,48.2264066027643
2026-01-18 11:05:00,53.26850746286847
2026-01-18 11:10:00,54.14539581519059
2026-01-18 11:15:00,57.22277467454604
2026-01-18 11:20:00,45.61007406072523
2026-01-18 11:25:00,44.964512799276
2026-01-18 11:30:00,43.86129178580551
2026-01-18 11:35:00,57.44936348793079
2026-01-18 11:40:00,48.26668419903311
2026-01-18 11:45:00,48.14615496571072
2026-01-18 11:50:00,47.804679970820835
2026-01-18 11:55:00,52.469653346204716
2026-01-18 12:00:00,47.257288057409255
2026-01-18 12:05:00,49.041812651062045
2026-01-18 12:10:00,51.57582010878249
2026-01-18 12:15:00,49.60984612799725
2026-01-18 12:20:00,45.69457520743648
2026-01-18 12:25:00,42.31870662989908
2026-01-18 12:30:00,47.03730296025026
2026-01-18 12:35:00,50.120035788515395
2026-01-18 12:40:00,49.86722470789549
2026-01-18 12:45:00,46.319445860352765
2026-01-18 12:50:00,49.42452100067731
2026-01-18 12:55:00,54.820218176960545
2026-01-18 13:00:00,48.49685217722622
2026-01-18 13:05:00,51.3829716684931
2026-01-18 13:10:00,54.441094386935944
2026-01-18 13:15:00,49.536314837748044
2026-01-18 13:20:00,49.41394531658779
2026-01-18 13:25:00,47.40968268919524
2026-01-18 13:30:00,45.38148061733715
2026-01-18 13:35:00,42.11132055281972
2026-01-18 13:40:00,49.16207310792921
2026-01-18 13:45:00,54.16840451807204
2026-01-18 13:50:00,44.22262130045032
2026-01-18 13:55:00,48.94533982181816
2026-01-18 14:00:00,48.88456610194147
2026-01-18 14:05:00,43.450067785943126
2026-01-18 14:10:00,47.265532481058045
2026-01-18 14:15:00,52.27376200107323
2026-01-18 14:20:00,49.39008317294687
2026-01-18 14:25:00,43.19699181129564
2026-01-18 14:30:00,55.80670694883999
2026-01-18 14:35:00,50.04345246360544
2026-01-18 14:40:00,55.14867764010067
2026-01-18 14:45:00,43.537842463295505
2026-01-18 14:50:00,53.734329762023265
2026-01-18 14:55:00,54.21705342253187
2026-01-18 15:00:00,53.900954128961274
2026-01-18 15:05:00,45.64736576060278
2026-01-18 15:10:00,47.76534513348266
2026-01-18 15:15:00,50.10092792692378
2026-01-18 15:20:00,53.12445953227369
2026-01-18 15:25:00,36.54077607120395
2026-01-18 15:30:00,47.46538830555455
2026-01-18 15:35:00,47.88519999415135
2026-01-18 15:40:00,55.77453941067681
2026-01-18 15:45:00,51.24554956552777
2026-01-18 15:50:00,45.32646370933127
2026-01-18 15:55:00,51.315263432996154
2026-01-18 16:00:00,60.186829538825684
2026-01-18 16:05:00,67.82379390351294
2026-01-18 16:10:00,65.94584014370662
2026-01-18 16:15:00,63.87509266699373
2026-01-18 16:20:00,65.36132822896273
2026-01-18 16:25:00,68.59941732233109
2026-01-18 16:30:00,64.85119425897888
2026-01-18 16:35:00,66.22014219495435
2026-01-18 16:40:00,61.122210828563084
2026-01-18 16:45:00,66.17908021668022
2026-01-18 16:50:00,69.4674820324482
2026-01-18 16:55:00,66.05595084937465
2026-01-18 17:00:00,59.828749266748424
2026-01-18 17:05:00,62.15600860441363
2026-01-18 17:10:00,64.8254900070289
2026-01-18 17:15:00,62.21040017803393
2026-01-18 17:20:00,59.54661116590354
2026-01-18 17:25:00,66.1952720550884
2026-01-18 17:30:00,66.00050483855006
2026-01-18 17:35:00,64.30464403301605
2026-01-18 17:40:00,63.60214697508863
2026-01-18 17:45:00,63.56085721759894
2026-01-18 17:50:00,63.98148662538896
2026-01-18 17:55:00,63.83079025232761
2026-01-18 18:00:00,64.46225287559406
2026-01-18 18:05:00,65.9128241751223
2026-01-18 18:10:00,67.32221227058406
2026-01-18 18:15:00,62.57510496810683
2026-01-18 18:20:00,63.64773932183029
2026-01-18 18:25:00,60.67333348928445
2026-01-18 18:30:00,64.9922764223239
2026-01-18 18:35:00,68.03283576063882
2026-01-18 18:40:00,65.70198953877818
2026-01-18 18:45:00,64.8242206002766
2026-01-18 18:50:00,65.6297823140561
2026-01-18 18:55:00,62.40007460211296
2026-01-18 19:00:00,62.493778112847565
2026-01-18 19:05:00,66.59293083437102
2026-01-18 19:10:00,64.55693542852819
2026-01-18 19:15:00,62.67013371994818
2026-01-18 19:20:00,64.31839773908071
2026-01-18 19:25:00,63.334628946250064
2026-01-18 19:30:00,65.88580005691894
2026-01-18 19:35:00,63.13305666628461
2026-01-18 19:40:00,66.73229967081105
2026-01-18 19:45:00,63.20477017358719
2026-01-18 19:50:00,61.789712044906324
2026-01-18 19:55:00,60.7859805716295
2026-01-18 20:00:00,63.14281503941253
2026-01-18 20:05:00,64.24534334344914
2026-01-18 20:10:00,64.11714148599096
2026-01-18 20:15:00,68.1679298938569
2026-01-18 20:20:00,62.53146446011603
2026-01-18 20:25:00,60.46752275204875
2026-01-18 20:30:00,65.82478810860667
2026-01-18 20:35:00,66.10053889163517
2026-01-18 20:40:00,63.598409660923664
2026-01-18 20:45:00,61.65135413501398
2026-01-18 20:50:00,68.12547739367395
2026-01-18 20:55:00,63.123211149492526
2026-01-18 21:00:00,62.224374793793295
2026-01-18 21:05:00,69.92784273596794
2026-01-18 21:10:00,64.06650564177694
2026-01-18 21:15:00,58.41545756178868
2026-01-18 21:20:00,60.395026066867366
2026-01-18 21:25:00,67.1890236640043
2026-01-18 21:30:00,65.7463225556675
2026-01-18 21:35:00,63.60955693351276
2026-01-18 21:40:00,66.33344232585978
2026-01-18 21:45:00,64.03352626434393
2026-01-18 21:50:00,65.81952525197248
2026-01-18 21:55:00,65.92054988757839
2026-01-18 22:00:00,65.02818210299584
2026-01-18 22:05:00,64.20156576822035
2026-01-18 22:10:00,65.40390980545686
2026-01-18 22:15:00,64.32311572235652
2026-01-18 22:20:00,66.2674594392969
2026-01-18 22:25:00,67.08351214546502
2026-01-18 22:30:00,65.10339519444956
2026-01-18 22:35:00,65.26297117037697
2026-01-18 22:40:00,67.27647158721498
2026-01-18 22:45:00,67.61965101997731
2026-01-18 22:50:00,66.37977283065563
2026-01-18 22:55:00,63.482360566028234
2026-01-18 23:00:00,64.80342609103124
2026-01-18 23:05:00,63.16744978326366
2026-01-18 23:10:00,67.45409398872857
2026-01-18 23:15:00,62.954724147890865
2026-01-18 23:20:00,68.5666241280997
2026-01-18 23:25:00,63.67179733624922
2026-01-18 23:30:00,64.40266472588546
2026-01-18 23:35:00,67.17307308645897
2026-01-18 23:40:00,65.14917413406798
2026-01-18 23:45:00,64.44299716830054
2026-01-18 23:50:00,64.48220348659805
2026-01-18 23:55:00,66.42648667533703
2026-01-19 00:00:00,62.997385853651934
2026-01-19 00:05:00,63.987557269635936
2026-01-19 00:10:00,64.96585406258731
2026-01-19 00:15:00,69.62649980966906
2026-01-19 00:20:00,63.75967193425001
2026-01-19 00:25:00,65.69524048693067
2026-01-19 00:30:00,67.00962192518895
2026-01-19 00:35:00,64.71835523731963
2026-01-19 00:40:00,64.88828590191468
2026-01-19 00:45:00,67.98471723242092
2026-01-19 00:50:00,62.744751598572975
2026-01-19 00:55:00,63.893131343943956
2026-01-19 01:00:00,61.36504873322038
2026-01-19 01:05:00,62.48611261029544
2026-01-19 01:10:00,61.99497588802899
2026-01-19 01:15:00,63.34860427664131
2026-01-19 01:20:00,61.25498098887852
2026-01-19 01:25:00,68.735607168813
2026-01-19 01:30:00,66.20521590989782
2026-01-19 01:35:00,67.04277283219062
2026-01-19 01:40:00,62.7319554693453
2026-01-19 01:45:00,60.974886617720635
2026-01-19 01:50:00,60.290462188918006
2026-01-19 01:55:00,65.20352708504096
2026-01-19 02:00:00,64.53028343167273
2026-01-19 02:05:00,69.11892398571217
2026-01-19 02:10:00,62.22462456304772
2026-01-19 02:15:00,62.78692254551261
2026-01-19 02:20:00,65.32552614856944
2026-01-19 02:25:00,60.71415817989322
2026-01-19 02:30:00,66.1436317375227
2026-01-19 02:35:00,69.26318402671694
2026-01-19 02:40:00,66.73578478188618
2026-01-19 02:45:00,66.75896222025138
2026-01-19 02:50:00,65.85586732528482
2026-01-19 02:55:00,64.97267390849231
2026-01-19 03:00:00,64.71006108094822
2026-01-19 03:05:00,66.72594380149917
2026-01-19 03:10:00,62.918833135496364
2026-01-19 03:15:00,65.43685888663063
2026-01-19 03:20:00,68.27713915263041
2026-01-19 03:25:00,66.7890490986018
2026-01-19 03:30:00,64.45107549744208
2026-01-19 03:35:00,59.04257753181253
2026-01-19 03:40:00,63.89193886275441
2026-01-19 03:45:00,66.62781651375973
2026-01-19 03:50:00,64.00501084017212
2026-01-19 03:55:00,61.42394003478187
2026-01-19 04:00:00,65.56765370119871
2026-01-19 04:05:00,65.57896554316612
2026-01-19 04:10:00,64.52790288010279
2026-01-19 04:15:00,58.60109840423155
2026-01-19 04:20:00,66.6238265789418
2026-01-19 04:25:00,60.771927108686825
2026-01-19 04:30:00,62.430239380876685
2026-01-19 04:35:00,66.19909375652138
2026-01-19 04:40:00,61.35263389793804
2026-01-19 04:45:00,65.98770688442916
2026-01-19 04:50:00,65.8895722549875
2026-01-19 04:55:00,62.355428132134534
2026-01-19 05:00:00,63.947251909905674
2026-01-19 05:05:00,61.285623067682266
2026-01-19 05:10:00,64.75034296891268
2026-01-19 05:15:00,68.58177322989954
2026-01-19 05:20:00,65.68011876028883
2026-01-19 05:25:00,62.624514606400844
2026-01-19 05:30:00,60.73725858020488
2026-01-19 05:35:00,68.24418770183034
2026-01-19 05:40:00,64.74392865925762
2026-01-19 05:45:00,66.96715858990629
2026-01-19 05:50:00,63.32128018089173
2026-01-19 05:55:00,65.54744795336008
2026-01-19 06:00:00,64.15598750646606
2026-01-19 06:05:00,64.37344125169423
2026-01-19 06:10:00,58.748960246860705
2026-01-19 06:15:00,63.326004800858264
2026-01-19 06:20:00,67.6714557769011
2026-01-19 06:25:00,67.2968734595891
2026-01-19 06:30:00,66.63507742074347
2026-01-19 06:35:00,62.199252044256525
2026-01-19 06:40:00,65.69163252309963
2026-01-19 06:45:00,63.78965707496515
2026-01-19 06:50:00,65.17962533920924
2026-01-19 06:55:00,67.2232156208882
2026-01-19 07:00:00,23.022901904998662
2026-01-19 07:05:00,35.908216233875024
2026-01-19 07:10:00,41.5349387293572
2026-01-19 07:15:00,29.077981658700335
2026-01-19 07:20:00,42.659702649957104
2026-01-19 07:25:00,36.9451819089813
2026-01-19 07:30:00,37.83482061703157
2026-01-19 07:35:00,35.75953634495413
2026-01-19 07:40:00,39.487901213467126
2026-01-19 07:45:00,29.793520825606326
2026-01-19 07:50:00,31.699000410098375
2026-01-19 07:55:00,36.653865312556825
2026-01-19 08:00:00,25.870551681113177
2026-01-19 08:05:00,29.650547182544216
2026-01-19 08:10:00,37.70551863030828
2026-01-19 08:15:00,22.08376029970607
2026-01-19 08:20:00,32.287652221946466
2026-01-19 08:25:00,34.41878373103668
2026-01-19 08:30:00,26.852784999039763
2026-01-19 08:35:00,37.296913569922324
2026-01-19 08:40:00,20.024000323648117
2026-01-19 08:45:00,37.68367960685686
2026-01-19 08:50:00,33.87299238011458
2026-01-19 08:55:00,35.83481251861575
2026-01-19 09:00:00,39.16900307320966
2026-01-19 09:05:00,38.35613822079675
2026-01-19 09:10:00,37.34622981040329
2026-01-19 09:15:00,39.62099754121226
2026-01-19 09:20:00,22.621440491932344
2026-01-19 09:25:00,39.65876869363337
2026-01-19 09:30:00,41.123546629739245
2026-01-19 09:35:00,28.015236307607786
2026-01-19 09:40:00,33.01750756335308
2026-01-19 09:45:00,43.487199320405864
2026-01-19 09:50:00,48.75468035660687
2026-01-19 09:55:00,33.14977368027072
2026-01-19 10:00:00,50.772234868787265
2026-01-19 10:05:00,46.544236063856715
2026-01-19 10:10:00,49.3860351271574
2026-01-19 10:15:00,59.880956822453285
2026-01-19 10:20:00,54.785432261171856
2026-01-19 10:25:00,62.41381491645521
2026-01-19 10:30:00,52.375268225954436
2026-01-19 10:35:00,52.644151723256655
2026-01-19 10:40:00,53.957760704883654
2026-01-19 10:45:00,47.79531583670994
2026-01-19 10:50:00,49.81474380124884
2026-01-19 10:55:00,53.5700144457926
2026-01-19 11:00:00,50.28567548019146
2026-01-19 11:05:00,56.454374239416516
2026-01-19 11:10:00,56.59634708394951
2026-01-19 11:15:00,57.84871575890528
2026-01-19 11:20:00,57.718009114161816
2026-01-19 11:25:00,54.35048430027466
2026-01-19 11:30:00,64.04518837138724
2026-01-19 11:35:00,54.777732186011896
2026-01-19 11:40:00,52.81970146285317
2026-01-19 11:45:00,55.372730462895376
2026-01-19 11:50:00,51.6124136891525
2026-01-19 11:55:00,58.170093569073686
2026-01-19 12:00:00,54.582546641438995
2026-01-19 12:05:00,52.9960793816019
2026-01-19 12:10:00,60.20239488604906
2026-01-19 12:15:00,53.46066211759193
2026-01-19 12:20:00,56.589299532086415
2026-01-19 12:25:00,64.86320053577887
2026-01-19 12:30:00,61.794597852203346
2026-01-19 12:35:00,57.677400033309866
2026-01-19 12:40:00,54.154988723130906
2026-01-19 12:45:00,54.54158288585358
2026-01-19 12:50:00,52.80102390976509
2026-01-19 12:55:00,58.0752338074678
2026-01-19 13:00:00,55.0444041790987
2026-01-19 13:05:00,59.15996576673081
2026-01-19 13:10:00,51.52207862807646
2026-01-19 13:15:00,51.31368114801122
2026-01-19 13:20:00,56.11765775083824
2026-01-19 13:25:00,58.18826194513862
2026-01-19 13:30:00,51.7916176926868
2026-01-19 13:35:00,54.17204464169205
2026-01-19 13:40:00,51.054293094528234
2026-01-19 13:45:00,54.39629260610981
2026-01-19 13:50:00,55.187975153299796
2026-01-19 13:55:00,56.80774794762296
2026-01-19 14:00:00,52.34160107669451
2026-01-19 14:05:00,53.54428575374914
2026-01-19 14:10:00,54.4331329770222
2026-01-19 14:15:00,58.982918078136535
2026-01-19 14:20:00,62.39943977690222
2026-01-19 14:25:00,52.94800956570857
2026-01-19 14:30:00,53.229750758935225
2026-01-19 14:35:00,51.52964733158009
2026-01-19 14:40:00,53.9673582882279
2026-01-19 14:45:00,57.40305947378193
2026-01-19 14:50:00,60.569218368941726
2026-01-19 14:55:00,63.56091449420228
2026-01-19 15:00:00,56.1025394411337
2026-01-19 15:05:00,49.63561442584264
2026-01-19 15:10:00,60.70639327341212
2026-01-19 15:15:00,60.31793807942103
2026-01-19 15:20:00,56.71043426156044
2026-01-19 15:25:00,54.56211800057728
2026-01-19 15:30:00,53.602685919559114
2026-01-19 15:35:00,60.12819391645539
2026-01-19 15:40:00,53.45218380065382
2026-01-19 15:45:00,51.78967543439873
2026-01-19 15:50:00,66.85473227705971
2026-01-19 15:55:00,58.5635515534187
2026-01-19 16:00:00,38.397694927757954
2026-01-19 16:05:00,41.05498083290007
2026-01-19 16:10:00,28.032790015039012
2026-01-19 16:15:00,19.56604362523695
2026-01-19 16:20:00,33.12174543862046
2026-01-19 16:25:00,21.78987066642737
2026-01-19 16:30:00,25.124997214157084
2026-01-19 16:35:00,33.630445570741955
2026-01-19 16:40:00,19.932792603050583
2026-01-19 16:45:00,36.20659635213982
2026-01-19 16:50:00,38.222346991552
2026-01-19 16:55:00,37.18733287264969
2026-01-19 17:00:00,33.27449355045003
2026-01-19 17:05:00,30.13712918853874
2026-01-19 17:10:00,24.77139330950704
2026-01-19 17:15:00,26.561314228478203
2026-01-19 17:20:00,27.885588031891686
2026-01-19 17:25:00,38.35718471555276
2026-01-19 17:30:00,36.48896988241848
2026-01-19 17:35:00,34.32256868405983
2026-01-19 17:40:00,18.924055707122175
2026-01-19 17:45:00,16.441382025812672
2026-01-19 17:50:00,30.623170829893283
2026-01-19 17:55:00,29.818565665561795
2026-01-19 18:00:00,23.54818331528794
2026-01-19 18:05:00,43.91942762579783
2026-01-19 18:10:00,29.415068316047893
2026-01-19 18:15:00,36.06818618774753
2026-01-19 18:20:00,32.77432226178017
2026-01-19 18:25:00,24.359064608463378
2026-01-19 18:30:00,28.34037355470485
2026-01-19 18:35:00,40.387536419933696
2026-01-19 18:40:00,25.2585682938506
2026-01-19 18:45:00,27.264490794996146
2026-01-19 18:50:00,16.76444493743421
2026-01-19 18:55:00,26.771548892996005
2026-01-19 19:00:00,31.075520273039356
2026-01-19 19:05:00,26.558858600381242
2026-01-19 19:10:00,26.647251252195687
2026-01-19 19:15:00,23.426831332191856
2026-01-19 19:20:00,33.274151915719
2026-01-19 19:25:00,38.9194349318158
2026-01-19 19:30:00,24.80367401138604
2026-01-19 19:35:00,36.93837346887121
2026-01-19 19:40:00,27.669948965765315
2026-01-19 19:45:00,35.57184484230219
2026-01-19 19:50:00,19.41741703987566
2026-01-19 19:55:00,38.683867029898146
2026-01-19 20:00:00,69.3062031702046
2026-01-19 20:05:00,63.617725367420356
2026-01-19 20:10:00,65.77066218927395
2026-01-19 20:15:00,67.3269413971302
2026-01-19 20:20:00,62.168087694477514
2026-01-19 20:25:00,59.61861645681776
2026-01-19 20:30:00,60.21617647494936
2026-01-19 20:35:00,66.25303428664992
2026-01-19 20:40:00,65.06139556638745
2026-01-19 20:45:00,62.48642249852679
2026-01-19 20:50:00,64.64811896338522
2026-01-19 20:55:00,64.05539652661426
2026-01-19 21:00:00,66.6149110709063
2026-01-19 21:05:00,68.59993693340488
2026-01-19 21:10:00,67.84826330169933
2026-01-19 21:15:00,64.0086465872933
2026-01-19 21:20:00,69.99168198853933
2026-01-19 21:25:00,67.34834027802383
2026-01-19 21:30:00,56.13538688682995
2026-01-19 21:35:00,69.17179048004775
2026-01-19 21:40:00,62.640469080371375
2026-01-19 21:45:00,64.51983598197083
2026-01-19 21:50:00,63.95471450319697
2026-01-19 21:55:00,67.90966906848372
2026-01-19 22:00:00,62.28031229566033
2026-01-19 22:05:00,61.23609575607988
2026-01-19 22:10:00,63.61024327001994
2026-01-19 22:15:00,66.10059762770565
2026-01-19 22:20:00,66.14459812845337
2026-01-19 22:25:00,71.71854739177212
2026-01-19 22:30:00,62.16332153935612
2026-01-19 22:35:00,67.34574285968807
2026-01-19 22:40:00,63.44650094323669
2026-01-19 22:45:00,69.2245618192401
2026-01-19 22:50:00,60.66127300198437
2026-01-19 22:55:00,63.532072599359225
2026-01-19 23:00:00,69.58885507054441
2026-01-19 23:05:00,64.90668090402312
2026-01-19 23:10:00,60.69004913367847
2026-01-19 23:15:00,64.28401605226598
2026-01-19 23:20:00,64.65667430641754
2026-01-19 23:25:00,63.92560679957436
2026-01-19 23:30:00,70.29383561655811
2026-01-19 23:35:00,60.54855042489933
2026-01-19 23:40:00,64.80815958913924
2026-01-19 23:45:00,64.81730399259943
2026-01-19 23:50:00,58.335906225275394
2026-01-19 23:55:00,68.09986342584402
2026-01-20 00:00:00,61.80316877054808
2026-01-20 00:05:00,66.56220201081848
2026-01-20 00:10:00,62.66253076553947
2026-01-20 00:15:00,61.221397415040705
2026-01-20 00:20:00,67.27607798952099
2026-01-20 00:25:00,62.67858007255415
2026-01-20 00:30:00,66.12282808025029
2026-01-20 00:35:00,68.91125651877995
2026-01-20 00:40:00,62.96918441166195
2026-01-20 00:45:00,71.48149404685384
2026-01-20 00:50:00,61.23888194225614
2026-01-20 00:55:00,66.17711448042154
2026-01-20 01:00:00,63.13665651980308
2026-01-20 01:05:00,62.86213708717791
2026-01-20 01:10:00,60.634702439342334
2026-01-20 01:15:00,66.85785513449184
2026-01-20 01:20:00,61.851836097232976
2026-01-20 01:25:00,69.72540476455264
2026-01-20 01:30:00,63.59824279450702
2026-01-20 01:35:00,66.32633678658964
2026-01-20 01:40:00,65.04914136602807
2026-01-20 01:45:00,62.93646266374219
2026-01-20 01:50:00,65.04179227768732
2026-01-20 01:55:00,69.73032112314046
2026-01-20 02:00:00,64.74815783052306
2026-01-20 02:05:00,64.65817817078472
2026-01-20 02:10:00,66.69196080442991
2026-01-20 02:15:00,61.69641007887056
2026-01-20 02:20:00,64.31917559082049
2026-01-20 02:25:00,68.3967041841636
2026-01-20 02:30:00,64.98799990054529
2026-01-20 02:35:00,65.14999265963415
2026-01-20 02:40:00,65.25889236398655
2026-01-20 02:45:00,61.94138113103838
2026-01-20 02:50:00,65.10714512117045
2026-01-20 02:55:00,66.34167498993547
2026-01-20 03:00:00,63.60036162571544
2026-01-20 03:05:00,66.5765179829663
2026-01-20 03:10:00,58.355617284545
2026-01-20 03:15:00,62.45297725279531
2026-01-20 03:20:00,66.78555712920439
2026-01-20 03:25:00,59.53285708603348
2026-01-20 03:30:00,69.18127962544709
2026-01-20 03:35:00,65.87024395998161
2026-01-20 03:40:00,66.79939398883782
2026-01-20 03:45:00,62.735851654160335
2026-01-20 03:50:00,63.11562045710146
2026-01-20 03:55:00,62.565210024869955
2026-01-20 04:00:00,65.20387661071841
2026-01-20 04:05:00,65.40715488157127
2026-01-20 04:10:00,62.69612210702729
2026-01-20 04:15:00,64.56197445213316
2026-01-20 04:20:00,68.47475041673117
2026-01-20 04:25:00,67.85653956653591
2026-01-20 04:30:00,65.23044985147264
2026-01-20 04:35:00,65.25085721143499
2026-01-20 04:40:00,64.04413620006898
2026-01-20 04:45:00,68.92904681839451
2026-01-20 04:50:00,66.16187919578772
2026-01-20 04:55:00,63.069862348831705
2026-01-20 05:00:00,63.8247779698327
2026-01-20 05:05:00,61.80086424702144
2026-01-20 05:10:00,62.00487878251567
2026-01-20 05:15:00,67.40411377381113
2026-01-20 05:20:00,65.29676081513264
2026-01-20 05:25:00,64.11551161234283
2026-01-20 05:30:00,65.93876186378148
2026-01-20 05:35:00,68.03227886221018
2026-01-20 05:40:00,66.90254782385188
2026-01-20 05:45:00,67.59242640148226
2026-01-20 05:50:00,58.882475061967426
2026-01-20 05:55:00,67.13043612620383
2026-01-20 06:00:00,61.7612293397838
2026-01-20 06:05:00,65.11177199391705
2026-01-20 06:10:00,64.59110669702564
2026-01-20 06:15:00,67.42696684359608
2026-01-20 06:20:00,58.08170578272743
2026-01-20 06:25:00,60.20150623094183
2026-01-20 06:30:00,60.55296014882349
2026-01-20 06:35:00,60.06192459945183
2026-01-20 06:40:00,64.77650016674572
2026-01-20 06:45:00,68.05134973207404
2026-01-20 06:50:00,63.52231220725877
2026-01-20 06:55:00,60.46511907662843
2026-01-20 07:00:00,23.38708504765772
2026-01-20 07:05:00,28.039790858733504
2026-01-20 07:10:00,33.49546674476516
2026-01-20 07:15:00,25.84489630754444
2026-01-20 07:20:00,42.53479885022368
2026-01-20 07:25:00,31.097292954240956
2026-01-20 07:30:00,32.605935772224846
2026-01-20 07:35:00,40.635928304429854
2026-01-20 07:40:00,35.82613540128972
2026-01-20 07:45:00,41.687297942899654
2026-01-20 07:50:00,36.23246292737764
2026-01-20 07:55:00,24.41351519233709
2026-01-20 08:00:00,37.90266200810934
2026-01-20 08:05:00,36.937153732297126
2026-01-20 08:10:00,42.392434919320486
2026-01-20 08:15:00,28.355133680188814
2026-01-20 08:20:00,40.978653262280645
2026-01-20 08:25:00,43.33349198378302
2026-01-20 08:30:00,37.14811781915728
2026-01-20 08:35:00,46.21753331286153
2026-01-20 08:40:00,30.232226662775776
2026-01-20 08:45:00,42.49427354546854
2026-01-20 08:50:00,42.588450083766865
2026-01-20 08:55:00,34.630254531768365
2026-01-20 09:00:00,43.0258886638245
2026-01-20 09:05:00,47.31874079164577
2026-01-20 09:10:00,35.232335653733365
2026-01-20 09:15:00,32.61451165411415
2026-01-20 09:20:00,28.73815313657685
2026-01-20 09:25:00,34.97030614453808
2026-01-20 09:30:00,37.27211791937567
2026-01-20 09:35:00,36.082543714978364
2026-01-20 09:40:00,35.67685519280625
2026-01-20 09:45:00,32.73283347039661
2026-01-20 09:50:00,41.5041975081174
2026-01-20 09:55:00,36.235248927124616
2026-01-20 10:00:00,55.86191068578893
2026-01-20 10:05:00,55.023709248901525
2026-01-20 10:10:00,56.29239040945064
2026-01-20 10:15:00,55.49257559551356
2026-01-20 10:20:00,54.22272019494982
2026-01-20 10:25:00,58.13371171021369
2026-01-20 10:30:00,56.53697178397009
2026-01-20 10:35:00,56.75537017152914
2026-01-20 10:40:00,53.93875911506152
2026-01-20 10:45:00,62.04924456140167
2026-01-20 10:50:00,50.00113034147544
2026-01-20 10:55:00,65.0212275166927
2026-01-20 11:00:00,53.5544786592852
2026-01-20 11:05:00,65.04928541502824
2026-01-20 11:10:00,52.313759019611176
2026-01-20 11:15:00,53.991980045005775
2026-01-20 11:20:00,57.158324646969966
2026-01-20 11:25:00,50.269222733223486
2026-01-20 11:30:00,61.65322107406244
2026-01-20 11:35:00,48.055256384575486
2026-01-20 11:40:00,47.32451755549596
2026-01-20 11:45:00,59.666296565142964
2026-01-20 11:50:00,53.70241750247152
2026-01-20 11:55:00,51.88792508670219
2026-01-20 12:00:00,58.09168066474679
2026-01-20 12:05:00,53.839287812021695
2026-01-20 12:10:00,46.01179694651961
2026-01-20 12:15:00,50.685502681201434
2026-01-20 12:20:00,56.68851298171605
2026-01-20 12:25:00,48.494513177976785
2026-01-20 12:30:00,58.247060884829246
2026-01-20 12:35:00,56.19497666520582
2026-01-20 12:40:00,65.49304924431092
2026-01-20 12:45:00,58.86944799610722
2026-01-20 12:50:00,53.44765319467986
2026-01-20 12:55:00,53.069430130570645
2026-01-20 13:00:00,65.17912495462588
2026-01-20 13:05:00,61.493993866685415
2026-01-20 13:10:00,54.06394883536213
2026-01-20 13:15:00,49.91102009511737
2026-01-20 13:20:00,52.989775592315
2026-01-20 13:25:00,54.57570160590644
2026-01-20 13:30:00,56.25480727443466
2026-01-20 13:35:00,50.870660553671264
2026-01-20 13:40:00,58.313970056756176
2026-01-20 13:45:00,48.49660167818432
2026-01-20 13:50:00,56.21891907847068
2026-01-20 13:55:00,54.60843236220716
2026-01-20 14:00:00,57.40755505259015
2026-01-20 14:05:00,49.86886742133365
2026-01-20 14:10:00,60.91874176138738
2026-01-20 14:15:00,47.290265888517304
2026-01-20 14:20:00,54.169332275977226
2026-01-20 14:25:00,55.82013629052318
2026-01-20 14:30:00,57.063946586630756
2026-01-20 14:35:00,57.74648443436005
2026-01-20 14:40:00,55.925899858002154
2026-01-20 14:45:00,49.84850165380911
2026-01-20 14:50:00,52.45875882843978
2026-01-20 14:55:00,51.81790527448775
2026-01-20 15:00:00,59.534773586859586
2026-01-20 15:05:00,57.98979348065224
2026-01-20 15:10:00,49.49002537217939
2026-01-20 15:15:00,54.93878476921045
2026-01-20 15:20:00,59.318409255021855
2026-01-20 15:25:00,55.860049142338006
2026-01-20 15:30:00,61.6245054382426
2026-01-20 15:35:00,56.51770232442113
2026-01-20 15:40:00,52.57093565871371
2026-01-20 15:45:00,55.763941267269054
2026-01-20 15:50:00,54.4437555950359
2026-01-20 15:55:00,51.625866814796716
2026-01-20 16:00:00,36.54461471536351
2026-01-20 16:05:00,34.87892094930938
2026-01-20 16:10:00,24.10773981939157
2026-01-20 16:15:00,29.68879525439847
2026-01-20 16:20:00,32.78057397358377
2026-01-20 16:25:00,37.62439143987456
2026-01-20 16:30:00,39.52390213989511
2026-01-20 16:35:00,33.14918054839902
2026-01-20 16:40:00,18.91344525988232
2026-01-20 16:45:00,24.61703664453767
2026-01-20 16:50:00,38.164298057886356
2026-01-20 16:55:00,37.85466025317633
2026-01-20 17:00:00,38.96862905927148
2026-01-20 17:05:00,30.63094798235844
2026-01-20 17:10:00,26.95589732121031
2026-01-20 17:15:00,34.47461585829323
2026-01-20 17:20:00,29.75422122167437
2026-01-20 17:25:00,18.741602420778886
2026-01-20 17:30:00,31.386726343296584
2026-01-20 17:35:00,32.56764659135283
2026-01-20 17:40:00,21.921373633376156
2026-01-20 17:45:00,17.994946631680406
2026-01-20 17:50:00,37.409005167949545
2026-01-20 17:55:00,35.142741045886936
2026-01-20 18:00:00,16.630134180019862
2026-01-20 18:05:00,30.530025931065403
2026-01-20 18:10:00,41.72668539724634
2026-01-20 18:15:00,27.016846304937047
2026-01-20 18:20:00,32.778137589505306
2026-01-20 18:25:00,29.547458871623956
2026-01-20 18:30:00,35.54150898720439
2026-01-20 18:35:00,37.724308357028676
2026-01-20 18:40:00,26.216830988212998
2026-01-20 18:45:00,20.66684600694348
2026-01-20 18:50:00,37.84342591007604
2026-01-20 18:55:00,25.09859306289421
2026-01-20 19:00:00,23.522618513864796
2026-01-20 19:05:00,23.248007352016092
2026-01-20 19:10:00,23.81120565511359
2026-01-20 19:15:00,40.55179340565091
2026-01-20 19:20:00,35.84877677475181
2026-01-20 19:25:00,33.03673015541282
2026-01-20 19:30:00,31.060097794205035
2026-01-20 19:35:00,30.26263894109914
2026-01-20 19:40:00,28.446019446739594
2026-01-20 19:45:00,24.764845005061954
2026-01-20 19:50:00,37.211485830919706
2026-01-20 19:55:00,37.334665538279
2026-01-20 20:00:00,66.28535670331738
2026-01-20 20:05:00,64.91711908951717
2026-01-20 20:10:00,64.89515566279124
2026-01-20 20:15:00,62.62086295841705
2026-01-20 20:20:00,64.45362020237172
2026-01-20 20:25:00,67.75474320973989
2026-01-20 20:30:00,63.024470462889646
2026-01-20 20:35:00,64.14864691514832
2026-01-20 20:40:00,67.61169363271539
2026-01-20 20:45:00,62.89435651027653
2026-01-20 20:50:00,60.919857359994786
2026-01-20 20:55:00,61.37193110661099
2026-01-20 21:00:00,71.26579301888664
2026-01-20 21:05:00,64.20080677470781
2026-01-20 21:10:00,68.09281972329546
2026-01-20 21:15:00,63.89301553595951
2026-01-20 21:20:00,64.05439810883742
2026-01-20 21:25:00,67.33238666114964
2026-01-20 21:30:00,65.00386532321852
2026-01-20 21:35:00,65.33161901554568
2026-01-20 21:40:00,67.53420413029708
2026-01-20 21:45:00,59.07577258337691
2026-01-20 21:50:00,63.255133814051106
2026-01-20 21:55:00,68.22386030740014
2026-01-20 22:00:00,64.00743127034998
2026-01-20 22:05:00,64.15245084207271
2026-01-20 22:10:00,61.39651367460841
2026-01-20 22:15:00,67.83213510449559
2026-01-20 22:20:00,66.26263489812169
2026-01-20 22:25:00,59.848521886816876
2026-01-20 22:30:00,66.49625538577615
2026-01-20 22:35:00,68.36503817106079
2026-01-20 22:40:00,66.58523573581941
2026-01-20 22:45:00,63.88480539340843
2026-01-20 22:50:00,56.08194510997154
2026-01-20 22:55:00,66.84640796556639
2026-01-20 23:00:00,64.11024518290162
2026-01-20 23:05:00,70.77938051146047
2026-01-20 23:10:00,61.7750089492586
2026-01-20 23:15:00,61.398208230354015
2026-01-20 23:20:00,66.56101696484434
2026-01-20 23:25:00,64.23403060876682
2026-01-20 23:30:00,66.6300355008487
2026-01-20 23:35:00,67.33869561915338
2026-01-20 23:40:00,63.3337449969149
2026-01-20 23:45:00,63.226136991913165
2026-01-20 23:50:00,71.0619476063546
2026-01-20 23:55:00,68.53674972977348
2026-01-21 00:00:00,65.2632922558821
2026-01-21 00:05:00,63.764058859990925
2026-01-21 00:10:00,66.46148316646828
2026-01-21 00:15:00,66.14437525617207
2026-01-21 00:20:00,65.32831682801323
2026-01-21 00:25:00,63.453588412928106
2026-01-21 00:30:00,66.75999340132952
2026-01-21 00:35:00,62.34451207711279
2026-01-21 00:40:00,67.80901423274949
2026-01-21 00:45:00,67.16295866775187
2026-01-21 00:50:00,67.25643398078064
2026-01-21 00:55:00,65.92836519017371
2026-01-21 01:00:00,67.26103907323981
2026-01-21 01:05:00,62.07538103849344
2026-01-21 01:10:00,63.80475954673647
2026-01-21 01:15:00,67.61184468005995
2026-01-21 01:20:00,65.26723015520727
2026-01-21 01:25:00,63.96063859337993
2026-01-21 01:30:00,65.00225983922206
2026-01-21 01:35:00,63.68522492343822
2026-01-21 01:40:00,68.50558183893287
2026-01-21 01:45:00,63.43670493615489
2026-01-21 01:50:00,67.53863266765345
2026-01-21 01:55:00,62.94765178120751
2026-01-21 02:00:00,61.55734202792
2026-01-21 02:05:00,65.4418278134946
2026-01-21 02:10:00,67.69738199705247
2026-01-21 02:15:00,61.05976196132188
2026-01-21 02:20:00,68.08436619044248
2026-01-21 02:25:00,62.51666393544014
2026-01-21 02:30:00,63.32913191289554
2026-01-21 02:35:00,60.11927577383597
2026-01-21 02:40:00,57.311203635072985
2026-01-21 02:45:00,62.64818734513396
2026-01-21 02:50:00,66.52516221419395
2026-01-21 02:55:00,69.4963388417824
2026-01-21 03:00:00,66.79154373534162
2026-01-21 03:05:00,61.880534222465165
2026-01-21 03:10:00,65.99080486941544
2026-01-21 03:15:00,72.29515030389234
2026-01-21 03:20:00,63.301978365286196
2026-01-21 03:25:00,64.78170783385016
2026-01-21 03:30:00,61.4244613589021
2026-01-21 03:35:00,65.87051696262448
2026-01-21 03:40:00,62.296805300262506
2026-01-21 03:45:00,63.00056824888902
2026-01-21 03:50:00,67.069807294048
2026-01-21 03:55:00,58.58739760440093
2026-01-21 04:00:00,64.11945314038476
2026-01-21 04:05:00,61.627077386893795
2026-01-21 04:10:00,62.916454727990214
2026-01-21 04:15:00,71.92952783284176
2026-01-21 04:20:00,59.54850013782407
2026-01-21 04:25:00,65.14390517627521
2026-01-21 04:30:00,63.51573700601495
2026-01-21 04:35:00,63.59188719613339
2026-01-21 04:40:00,64.00666407734712
2026-01-21 04:45:00,64.78468064703281
2026-01-21 04:50:00,68.34929578003454
2026-01-21 04:55:00,62.1451703595555
2026-01-21 05:00:00,62.69283093758789
2026-01-21 05:05:00,67.63868000872715
2026-01-21 05:10:00,64.8704061152674
2026-01-21 05:15:00,64.62811953963684
2026-01-21 05:20:00,58.18898086395539
2026-01-21 05:25:00,62.1676207357125
2026-01-21 05:30:00,66.64995277345794
2026-01-21 05:35:00,66.96964599219238
2026-01-21 05:40:00,66.63362499691584
2026-01-21 05:45:00,68.11601954827788
2026-01-21 05:50:00,62.275385168233555
2026-01-21 05:55:00,68.06894775199832
2026-01-21 06:00:00,63.65184444314404
2026-01-21 06:05:00,64.37637627640797
2026-01-21 06:10:00,67.97572247135153
2026-01-21 06:15:00,63.60190998175865
2026-01-21 06:20:00,61.227983310945085
2026-01-21 06:25:00,66.63357510970741
2026-01-21 06:30:00,70.05615860751406
2026-01-21 06:35:00,63.93278857182177
2026-01-21 06:40:00,67.81568731332635
2026-01-21 06:45:00,63.554483939136105
2026-01-21 06:50:00,61.877360550001534
2026-01-21 06:55:00,66.40550634640175
2026-01-21 07:00:00,39.169214441052134
2026-01-21 07:05:00,33.68921506515556
2026-01-21 07:10:00,28.146568901225848
2026-01-21 07:15:00,35.16719317250721
2026-01-21 07:20:00,46.47131849105806
2026-01-21 07:25:00,35.63464730059545
2026-01-21 07:30:00,30.580233708591077
2026-01-21 07:35:00,31.04785587276557
2026-01-21 07:40:00,33.757784086996416
2026-01-21 07:45:00,45.64261048557295
2026-01-21 07:50:00,42.73997174685569
2026-01-21 07:55:00,34.09677988292383
2026-01-21 08:00:00,43.72140941326827
2026-01-21 08:05:00,36.56588052782342
2026-01-21 08:10:00,38.95834904491217
2026-01-21 08:15:00,28.33814962973554
2026-01-21 08:20:00,40.12678427894094
2026-01-21 08:25:00,36.1683790746623
2026-01-21 08:30:00,24.944057934733674
2026-01-21 08:35:00,50.342367261724604
2026-01-21 08:40:00,27.037889544566575
2026-01-21 08:45:00,36.7402027993018
2026-01-21 08:50:00,33.77335420217003
2026-01-21 08:55:00,44.06132760747889
2026-01-21 09:00:00,40.13009043635852
2026-01-21 09:05:00,25.49074512169353
2026-01-21 09:10:00,28.611629853988436
2026-01-21 09:15:00,35.717767012857294
2026-01-21 09:20:00,44.19061555213182
2026-01-21 09:25:00,42.606200821991216
2026-01-21 09:30:00,43.05233523442887
2026-01-21 09:35:00,40.04000264841876
2026-01-21 09:40:00,29.215994135302758
2026-01-21 09:45:00,27.685902087588826
2026-01-21 09:50:00,24.939511971924492
2026-01-21 09:55:00,40.29983024976403
2026-01-21 10:00:00,59.85401067131968
2026-01-21 10:05:00,56.76027284451523
2026-01-21 10:10:00,50.53368982135019
2026-01-21 10:15:00,59.87417192475539
2026-01-21 10:20:00,52.630139363815175
2026-01-21 10:25:00,52.135485522226006
2026-01-21 10:30:00,50.22194469986855
2026-01-21 10:35:00,54.69022475233351
2026-01-21 10:40:00,52.489100261180035
2026-01-21 10:45:00,52.754401907132916
2026-01-21 10:50:00,56.927267679008054
2026-01-21 10:55:00,59.617506965501846
2026-01-21 11:00:00,53.09606093125132
2026-01-21 11:05:00,53.804512174437264
2026-01-21 11:10:00,59.23509245876888
2026-01-21 11:15:00,46.80404167930715
2026-01-21 11:20:00,52.846343724538656
2026-01-21 11:25:00,53.1316079073627
2026-01-21 11:30:00,53.742458557477086
2026-01-21 11:35:00,59.58414369028442
2026-01-21 11:40:00,56.66385528744846
2026-01-21 11:45:00,50.92439831408702
2026-01-21 11:50:00,54.207861893976535
2026-01-21 11:55:00,58.83458968243655
2026-01-21 12:00:00,56.47391857820973
2026-01-21 12:05:00,60.20885030087515
2026-01-21 12:10:00,55.41516608326965
2026-01-21 12:15:00,55.57324710356196
2026-01-21 12:20:00,48.36862614839511
2026-01-21 12:25:00,58.02316398702044
2026-01-21 12:30:00,59.419750585738534
2026-01-21 12:35:00,56.15773892926545
2026-01-21 12:40:00,51.36189397143533
2026-01-21 12:45:00,56.9706868704985
2026-01-21 12:50:00,55.167025164235426
2026-01-21 12:55:00,48.15790961709496
2026-01-21 13:00:00,49.78396046928255
2026-01-21 13:05:00,52.94325186121823
2026-01-21 13:10:00,53.33652329420139
2026-01-21 13:15:00,58.91714774548915
2026-01-21 13:20:00,62.4306422767951
2026-01-21 13:25:00,52.40476001706085
2026-01-21 13:30:00,63.02827474425126
2026-01-21 13:35:00,53.29230784750205
2026-01-21 13:40:00,55.728044947727156
2026-01-21 13:45:00,56.682362537051524
2026-01-21 13:50:00,52.60195707877721
2026-01-21 13:55:00,56.46795397407572
2026-01-21 14:00:00,50.07819151358121
2026-01-21 14:05:00,48.27102328548959
2026-01-21 14:10:00,57.601869880212924
2026-01-21 14:15:00,54.09592828551784
2026-01-21 14:20:00,60.27085205155025
2026-01-21 14:25:00,53.304640200163746
2026-01-21 14:30:00,54.04410821104148
2026-01-21 14:35:00,51.36311021016098
2026-01-21 14:40:00,61.074626709039904
2026-01-21 14:45:00,55.77796854947071
2026-01-21 14:50:00,52.60176064301412
2026-01-21 14:55:00,58.961266009250174
2026-01-21 15:00:00,55.302143346155674
2026-01-21 15:05:00,59.66219014896486
2026-01-21 15:10:00,60.25820457313503
2026-01-21 15:15:00,59.4180839807902
2026-01-21 15:20:00,60.766806950360234
2026-01-21 15:25:00,54.52222809439291
2026-01-21 15:30:00,49.491901228224634
2026-01-21 15:35:00,50.442904798088975
2026-01-21 15:40:00,53.90107670820005
2026-01-21 15:45:00,51.20538822306141
2026-01-21 15:50:00,54.60448894124039
2026-01-21 15:55:00,53.58900060840778
2026-01-21 16:00:00,33.168747843032044
2026-01-21 16:05:00,33.899446980893956
2026-01-21 16:10:00,35.150130292467814
2026-01-21 16:15:00,24.855775969557953
2026-01-21 16:20:00,40.99609157035148
2026-01-21 16:25:00,30.20897310491595
2026-01-21 16:30:00,34.56321164366744
2026-01-21 16:35:00,39.26193802925011
2026-01-21 16:40:00,24.08894347049499
2026-01-21 16:45:00,27.75847653762616
2026-01-21 16:50:00,29.548640886602833
2026-01-21 16:55:00,29.142117250676105
2026-01-21 17:00:00,34.705411493399794
2026-01-21 17:05:00,42.76249150667968
2026-01-21 17:10:00,31.240770018693933
2026-01-21 17:15:00,26.580452848922246
2026-01-21 17:20:00,26.903829775035728
2026-01-21 17:25:00,42.31048145449219
2026-01-21 17:30:00,30.30102595569581
2026-01-21 17:35:00,33.98737175576755
2026-01-21 17:40:00,20.898856378785528
2026-01-21 17:45:00,14.891282760146556
2026-01-21 17:50:00,33.994333415030795
2026-01-21 17:55:00,32.520747489769775
2026-01-21 18:00:00,40.176628228241285
2026-01-21 18:05:00,22.271493585663862
2026-01-21 18:10:00,36.37344742519153
2026-01-21 18:15:00,29.841911552905625
2026-01-21 18:20:00,33.3939693850606
2026-01-21 18:25:00,41.85666836216566
2026-01-21 18:30:00,28.480760071807932
2026-01-21 18:35:00,34.33711324301001
2026-01-21 18:40:00,28.63474115356083
2026-01-21 18:45:00,45.338572502591305
2026-01-21 18:50:00,38.668568520869094
2026-01-21 18:55:00,31.330735721764547
2026-01-21 19:00:00,24.34196620738438
2026-01-21 19:05:00,29.840462878032362
2026-01-21 19:10:00,28.90682541407871
2026-01-21 19:15:00,39.226456787829434
2026-01-21 19:20:00,24.190624018270455
2026-01-21 19:25:00,35.755415602289915
2026-01-21 19:30:00,28.63062231384991
2026-01-21 19:35:00,40.96880127166815
2026-01-21 19:40:00,23.35847087306885
2026-01-21 19:45:00,37.398292976632185
2026-01-21 19:50:00,23.536141401352914
2026-01-21 19:55:00,33.011377326173246
2026-01-21 20:00:00,60.707782956546666
2026-01-21 20:05:00,61.95267412684535
2026-01-21 20:10:00,63.54585585574909
2026-01-21 20:15:00,65.26986729760804
2026-01-21 20:20:00,72.09189501329291
2026-01-21 20:25:00,65.13845077076695
2026-01-21 20:30:00,67.2973441937825
2026-01-21 20:35:00,59.71502566322749
2026-01-21 20:40:00,63.40427901363816
2026-01-21 20:45:00,60.80905015049604
2026-01-21 20:50:00,60.666940714351355
2026-01-21 20:55:00,63.1835251406144
2026-01-21 21:00:00,67.5322041678015
2026-01-21 21:05:00,64.91995635741657
2026-01-21 21:10:00,59.88371480953243
2026-01-21 21:15:00,67.03899611509539
2026-01-21 21:20:00,64.7746250784846
2026-01-21 21:25:00,66.40568773104947
2026-01-21 21:30:00,65.18617711822121
2026-01-21 21:35:00,62.69892243562495
2026-01-21 21:40:00,66.89376012508872
2026-01-21 21:45:00,61.146388685630725
2026-01-21 21:50:00,69.16810042457493
2026-01-21 21:55:00,63.59578351865879
2026-01-21 22:00:00,58.426593789986995
2026-01-21 22:05:00,63.065954653217865
2026-01-21 22:10:00,66.48549098233349
2026-01-21 22:15:00,64.0008021719072
2026-01-21 22:20:00,64.44431578724627
2026-01-21 22:25:00,66.45007566165921
2026-01-21 22:30:00,64.97173977863163
2026-01-21 22:35:00,61.37681900938924
2026-01-21 22:40:00,67.82410330720063
2026-01-21 22:45:00,57.95809854808406
2026-01-21 22:50:00,67.12453757938744
2026-01-21 22:55:00,62.49067654678756
2026-01-21 23:00:00,69.61490019799648
2026-01-21 23:05:00,60.23024931947475
2026-01-21 23:10:00,65.61685092697371
2026-01-21 23:15:00,63.10358435056645
2026-01-21 23:20:00,66.98431425709259
2026-01-21 23:25:00,63.019960724146884
2026-01-21 23:30:00,66.82211562384677
2026-01-21 23:35:00,68.82350212294062
2026-01-21 23:40:00,67.06042731219857
2026-01-21 23:45:00,67.55515648835447
2026-01-21 23:50:00,59.61280992008673
2026-01-21 23:55:00,66.90623685159753
2026-01-22 00:00:00,66.3919002209587
2026-01-22 00:05:00,66.80657042713418
2026-01-22 00:10:00,66.20078142653105
2026-01-22 00:15:00,65.30594931037066
2026-01-22 00:20:00,61.4094838360355
2026-01-22 00:25:00,72.402573735316
2026-01-22 00:30:00,62.89916741394447
2026-01-22 00:35:00,65.63413079357386
2026-01-22 00:40:00,67.1811830005945
2026-01-22 00:45:00,62.44682249111257
2026-01-22 00:50:00,63.769654292913785
2026-01-22 00:55:00,63.94807613080812
2026-01-22 01:00:00,66.79129525578045
2026-01-22 01:05:00,66.77186748812444
2026-01-22 01:10:00,65.5009965740087
2026-01-22 01:15:00,68.66749154591699
2026-01-22 01:20:00,63.28060863725285
2026-01-22 01:25:00,63.159380370483355
2026-01-22 01:30:00,64.54709284114315
2026-01-22 01:35:00,66.01936351713566
2026-01-22 01:40:00,62.75437691675578
2026-01-22 01:45:00,63.03367885855232
2026-01-22 01:50:00,63.48324018464665
2026-01-22 01:55:00,62.28641301583209
2026-01-22 02:00:00,66.89236848858741
2026-01-22 02:05:00,62.211626339542825
2026-01-22 02:10:00,66.06280985175266
2026-01-22 02:15:00,60.964176135939375
2026-01-22 02:20:00,65.60964460525395
2026-01-22 02:25:00,64.79792542368007
2026-01-22 02:30:00,64.61700114661907
2026-01-22 02:35:00,66.4862825027448
2026-01-22 02:40:00,63.85443368832765
2026-01-22 02:45:00,69.48014929433745
2026-01-22 02:50:00,62.890312329947164
2026-01-22 02:55:00,63.876741250686976
2026-01-22 03:00:00,62.35620209598404
2026-01-22 03:05:00,64.73524427585926
2026-01-22 03:10:00,60.766128285664166
2026-01-22 03:15:00,62.12640275182869
2026-01-22 03:20:00,68.70040369685444
2026-01-22 03:25:00,65.91678009232085
2026-01-22 03:30:00,67.28212740660939
2026-01-22 03:35:00,62.27395670527958
2026-01-22 03:40:00,64.99622038925013
2026-01-22 03:45:00,59.173829988584544
2026-01-22 03:50:00,67.60802982384526
2026-01-22 03:55:00,67.97248648871377
2026-01-22 04:00:00,67.11664356282375
2026-01-22 04:05:00,64.64159852299146
2026-01-22 04:10:00,62.10303895129034
2026-01-22 04:15:00,61.60645793725089
2026-01-22 04:20:00,64.5182749379672
2026-01-22 04:25:00,67.19754600750758
2026-01-22 04:30:00,64.83015808564858
2026-01-22 04:35:00,64.48914178356786
2026-01-22 04:40:00,66.25471369278384
2026-01-22 04:45:00,62.93130812916827
2026-01-22 04:50:00,67.32019113693657
2026-01-22 04:55:00,63.14519898710441
2026-01-22 05:00:00,63.736932710056394
2026-01-22 05:05:00,58.26426245732226
2026-01-22 05:10:00,66.06712811769168
2026-01-22 05:15:00,63.72378776707481
2026-01-22 05:20:00,64.56953419281872
2026-01-22 05:25:00,65.54144547285203
2026-01-22 05:30:00,59.45965687069003
2026-01-22 05:35:00,61.58023409666113
2026-01-22 05:40:00,68.21554890314313
2026-01-22 05:45:00,66.47115640481756
2026-01-22 05:50:00,59.30159243732332
2026-01-22 05:55:00,67.43233698996897
2026-01-22 06:00:00,64.22219580651524
2026-01-22 06:05:00,61.66061339810092
2026-01-22 06:10:00,63.203840318010734
2026-01-22 06:15:00,66.73123844146815
2026-01-22 06:20:00,70.9510387518299
2026-01-22 06:25:00,65.17270041492367
2026-01-22 06:30:00,65.63826577067127
2026-01-22 06:35:00,65.30550533521793
2026-01-22 06:40:00,65.17750417218637
2026-01-22 06:45:00,66.03040318387632
2026-01-22 06:50:00,63.825287963982134
2026-01-22 06:55:00,62.03980041817382
2026-01-22 07:00:00,41.65219446170578
2026-01-22 07:05:00,28.3380149297435
2026-01-22 07:10:00,30.56152253181706
2026-01-22 07:15:00,42.36661267622387
2026-01-22 07:20:00,38.053945498000715
2026-01-22 07:25:00,37.36014282313471
2026-01-22 07:30:00,33.316560000012316
2026-01-22 07:35:00,22.068998266635877
2026-01-22 07:40:00,28.595277540321653
2026-01-22 07:45:00,41.4636005829029
2026-01-22 07:50:00,23.61894146035332
2026-01-22 07:55:00,44.05211806126564
2026-01-22 08:00:00,31.14101680042473
2026-01-22 08:05:00,30.147118595469333
2026-01-22 08:10:00,36.35261409351729
2026-01-22 08:15:00,31.570921834891944
2026-01-22 08:20:00,43.646871483730266
2026-01-22 08:25:00,29.135482929694447
2026-01-22 08:30:00,22.81110487300517
2026-01-22 08:35:00,18.865759956560893
2026-01-22 08:40:00,35.30059697750196
2026-01-22 08:45:00,35.98374957644617
2026-01-22 08:50:00,39.710892729923
2026-01-22 08:55:00,37.47319514449602
2026-01-22 09:00:00,43.08453096151725
2026-01-22 09:05:00,30.88338369336938
2026-01-22 09:10:00,42.14671153287274
2026-01-22 09:15:00,31.081347787555256
2026-01-22 09:20:00,35.89661980828117
2026-01-22 09:25:00,41.482763065919556
2026-01-22 09:30:00,31.5662619906797
2026-01-22 09:35:00,35.84368009235095
2026-01-22 09:40:00,45.38219503244391
2026-01-22 09:45:00,29.47862594075434
2026-01-22 09:50:00,28.44365851625085
2026-01-22 09:55:00,31.307469553363966
2026-01-22 10:00:00,47.733030082164134
2026-01-22 10:05:00,49.4316334880682
2026-01-22 10:10:00,54.92249225641006
2026-01-22 10:15:00,54.37234608185881
2026-01-22 10:20:00,54.737508751864155
2026-01-22 10:25:00,62.26784261613176
2026-01-22 10:30:00,51.87590818565099
2026-01-22 10:35:00,48.001318494250455
2026-01-22 10:40:00,53.15033980402004
2026-01-22 10:45:00,52.614175169958756
2026-01-22 10:50:00,51.784044970700236
2026-01-22 10:55:00,59.35302471981057
2026-01-22 11:00:00,62.71318927184072
2026-01-22 11:05:00,60.92680880035476
2026-01-22 11:10:00,59.66610157550227
2026-01-22 11:15:00,53.96405135227539
2026-01-22 11:20:00,58.82715295470687
2026-01-22 11:25:00,56.86028867493981
2026-01-22 11:30:00,51.07379683002773
2026-01-22 11:35:00,48.630513359901556
2026-01-22 11:40:00,50.966535682571774
2026-01-22 11:45:00,51.922698909230675
2026-01-22 11:50:00,58.533712494202646
2026-01-22 11:55:00,47.00826842853054
2026-01-22 12:00:00,50.759218590571486
2026-01-22 12:05:00,51.55601388632597
2026-01-22 12:10:00,46.983060572991874
2026-01-22 12:15:00,57.75632240412223
2026-01-22 12:20:00,52.49599565172785
2026-01-22 12:25:00,50.9931230435932
2026-01-22 12:30:00,57.932559267590065
2026-01-22 12:35:00,47.707924405535096
2026-01-22 12:40:00,54.72579465794442
2026-01-22 12:45:00,63.1262232961045
2026-01-22 12:50:00,59.89607706886215
2026-01-22 12:55:00,62.281279415273275
2026-01-22 13:00:00,61.43100722268507
2026-01-22 13:05:00,58.98091681156146
2026-01-22 13:10:00,51.25103832359824
2026-01-22 13:15:00,48.2520439548253
2026-01-22 13:20:00,56.27437987534031
2026-01-22 13:25:00,50.932907795381084
2026-01-22 13:30:00,53.5304281337623
2026-01-22 13:35:00,56.49152037145513
2026-01-22 13:40:00,58.43197882932592
2026-01-22 13:45:00,60.92123480660743
2026-01-22 13:50:00,55.69128488284607
2026-01-22 13:55:00,59.38724112959889
2026-01-22 14:00:00,61.33418354794853
2026-01-22 14:05:00,56.13945426078773
2026-01-22 14:10:00,61.960119464948534
2026-01-22 14:15:00,49.47787237698975
2026-01-22 14:20:00,53.398869201294715
2026-01-22 14:25:00,53.137179380690064
2026-01-22 14:30:00,52.57120778665788
2026-01-22 14:35:00,58.640012354471565
2026-01-22 14:40:00,53.38439806620002
2026-01-22 14:45:00,50.823995830097
2026-01-22 14:50:00,52.55161663640335
2026-01-22 14:55:00,56.147821940527805
2026-01-22 15:00:00,57.98006659097447
2026-01-22 15:05:00,54.09437599098407
2026-01-22 15:10:00,43.94113583653553
2026-01-22 15:15:00,56.3911299812229
2026-01-22 15:20:00,54.989220282209686
2026-01-22 15:25:00,56.017931678875634
2026-01-22 15:30:00,57.243949780315624
2026-01-22 15:35:00,53.255802476366654
2026-01-22 15:40:00,54.483985105021105
2026-01-22 15:45:00,54.656462497899945
2026-01-22 15:50:00,53.28722195941032
2026-01-22 15:55:00,51.32878249995603
2026-01-22 16:00:00,39.45958891581219
2026-01-22 16:05:00,37.46844948290325
2026-01-22 16:10:00,23.34220839886976
2026-01-22 16:15:00,32.285461621711534
2026-01-22 16:20:00,42.11984062312113
2026-01-22 16:25:00,34.1527154021674
2026-01-22 16:30:00,21.287718009953217
2026-01-22 16:35:00,21.75255748752956
2026-01-22 16:40:00,35.266842065831646
2026-01-22 16:45:00,32.64964515189725
2026-01-22 16:50:00,35.91662225658378
2026-01-22 16:55:00,26.961309172630443
2026-01-22 17:00:00,22.959412658150818
2026-01-22 17:05:00,34.371814756486735
2026-01-22 17:10:00,35.973918896588955
2026-01-22 17:15:00,25.674050649195806
2026-01-22 17:20:00,31.428393406409825
2026-01-22 17:25:00,38.015707750442196
2026-01-22 17:30:00,22.77967090715209
2026-01-22 17:35:00,41.5534609248618
2026-01-22 17:40:00,25.914953932922966
2026-01-22 17:45:00,28.420863278598343
2026-01-22 17:50:00,19.811612183669865
2026-01-22 17:55:00,22.97356605161915
2026-01-22 18:00:00,21.276691088664254
2026-01-22 18:05:00,33.82043570045417
2026-01-22 18:10:00,37.673764523113384
2026-01-22 18:15:00,39.056106236660746
2026-01-22 18:20:00,24.57994246101874
2026-01-22 18:25:00,28.354736160181385
2026-01-22 18:30:00,35.99969667112116
2026-01-22 18:35:00,32.76352810047332
2026-01-22 18:40:00,32.26415880356862
2026-01-22 18:45:00,32.93255923267841
2026-01-22 18:50:00,27.422826854990802
2026-01-22 18:55:00,36.876007337363674
2026-01-22 19:00:00,35.13748331184996
2026-01-22 19:05:00,22.81486058601793
2026-01-22 19:10:00,24.854846871192372
2026-01-22 19:15:00,22.250227968221445
2026-01-22 19:20:00,37.673123761637015
2026-01-22 19:25:00,37.94355929551578
2026-01-22 19:30:00,19.662028299421145
2026-01-22 19:35:00,27.376852243205366
2026-01-22 19:40:00,30.259425216194625
2026-01-22 19:45:00,24.175003834453396
2026-01-22 19:50:00,39.17416380475101
2026-01-22 19:55:00,35.4338370573368
2026-01-22 20:00:00,61.28903296018403
2026-01-22 20:05:00,63.727068652957605
2026-01-22 20:10:00,60.26126125159445
2026-01-22 20:15:00,62.79349316354537
2026-01-22 20:20:00,64.31328152341159
2026-01-22 20:25:00,68.05272525099284
2026-01-22 20:30:00,65.88229187037501
2026-01-22 20:35:00,61.76155406095202
2026-01-22 20:40:00,65.06546236186102
2026-01-22 20:45:00,67.28542732707483
2026-01-22 20:50:00,67.22884521906877
2026-01-22 20:55:00,64.0029784833466
2026-01-22 21:00:00,64.97109903047811
2026-01-22 21:05:00,63.928352335269715
2026-01-22 21:10:00,64.17684488948946
2026-01-22 21:15:00,66.0222665423771
2026-01-22 21:20:00,66.82757500418356
2026-01-22 21:25:00,63.958934132529194
2026-01-22 21:30:00,66.68002639048713
2026-01-22 21:35:00,61.03613839761741
2026-01-22 21:40:00,62.77403922241885
2026-01-22 21:45:00,61.215250232880805
2026-01-22 21:50:00,66.93960841640646
2026-01-22 21:55:00,62.20271819531143
2026-01-22 22:00:00,66.77705690453274
2026-01-22 22:05:00,62.15888142376945
2026-01-22 22:10:00,63.631753177896314
2026-01-22 22:15:00,66.64916396543731
2026-01-22 22:20:00,63.95959113693662
2026-01-22 22:25:00,60.86328170160857
2026-01-22 22:30:00,69.76730954638745
2026-01-22 22:35:00,65.53289565621346
2026-01-22 22:40:00,64.53916165649781
2026-01-22 22:45:00,68.10581006142965
2026-01-22 22:50:00,62.055754079607354
2026-01-22 22:55:00,62.09886453361618
2026-01-22 23:00:00,66.16060032802079
2026-01-22 23:05:00,66.47905896318422
2026-01-22 23:10:00,64.78559717802999
2026-01-22 23:15:00,65.74881893519998
2026-01-22 23:20:00,62.74384067191843
2026-01-22 23:25:00,68.85807518792745
2026-01-22 23:30:00,70.11817442162972
2026-01-22 23:35:00,66.14397946585174
2026-01-22 23:40:00,63.982400438041736
2026-01-22 23:45:00,58.48776701190518
2026-01-22 23:50:00,67.99415226758703
2026-01-22 23:55:00,64.24669376496647
2026-01-23 00:00:00,68.70803257538813
2026-01-23 00:05:00,66.05133753486426
2026-01-23 00:10:00,68.49445569261566
2026-01-23 00:15:00,68.06360351973296
2026-01-23 00:20:00,61.24113558141968
2026-01-23 00:25:00,67.05836882880665
2026-01-23 00:30:00,65.13844403164613
2026-01-23 00:35:00,61.51844032833957
2026-01-23 00:40:00,58.84220195569955
2026-01-23 00:45:00,66.16364978889274
2026-01-23 00:50:00,68.34062678619429
2026-01-23 00:55:00,60.08854284305653
2026-01-23 01:00:00,67.00457666191559
2026-01-23 01:05:00,64.47180619209327
2026-01-23 01:10:00,62.230278765536525
2026-01-23 01:15:00,69.65080272314472
2026-01-23 01:20:00,64.10197642506326
2026-01-23 01:25:00,63.894700242214114
2026-01-23 01:30:00,63.59116731632214
2026-01-23 01:35:00,69.78924648776183
2026-01-23 01:40:00,65.00598678874958
2026-01-23 01:45:00,59.68740680029673
2026-01-23 01:50:00,62.743298120508015
2026-01-23 01:55:00,68.38135247211166
2026-01-23 02:00:00,64.80124904160982
2026-01-23 02:05:00,68.74113632141092
2026-01-23 02:10:00,70.81269562017216
2026-01-23 02:15:00,63.6759744852743
2026-01-23 02:20:00,62.91562788088286
2026-01-23 02:25:00,64.06818286299216
2026-01-23 02:30:00,63.96587973301851
2026-01-23 02:35:00,68.4240467626305
2026-01-23 02:40:00,68.15625864555399
2026-01-23 02:45:00,66.73121654191512
2026-01-23 02:50:00,67.47073154999451
2026-01-23 02:55:00,64.0430615817224
2026-01-23 03:00:00,68.28447171701308
2026-01-23 03:05:00,72.6972918451078
2026-01-23 03:10:00,68.42784440250456
2026-01-23 03:15:00,63.07721405129239
2026-01-23 03:20:00,63.04483940041987
2026-01-23 03:25:00,65.70599033652799
2026-01-23 03:30:00,67.10945793402784
2026-01-23 03:35:00,63.47951831320606
2026-01-23 03:40:00,64.81321043800496
2026-01-23 03:45:00,64.96627438598142
2026-01-23 03:50:00,67.56007167666213
2026-01-23 03:55:00,68.00831891874022
2026-01-23 04:00:00,69.57238413618022
2026-01-23 04:05:00,66.0611479188359
2026-01-23 04:10:00,65.28944904675474
2026-01-23 04:15:00,63.257524463566455
2026-01-23 04:20:00,69.07817076709202
2026-01-23 04:25:00,63.60643908320076
2026-01-23 04:30:00,63.125992203220896
2026-01-23 04:35:00,70.06841632006227
2026-01-23 04:40:00,70.68273805093486
2026-01-23 04:45:00,64.0331975999304
2026-01-23 04:50:00,65.21064806300296
2026-01-23 04:55:00,64.27513288774409
2026-01-23 05:00:00,63.64848244750172
2026-01-23 05:05:00,64.87039487279665
2026-01-23 05:10:00,66.67882782789916
2026-01-23 05:15:00,63.08259503682057
2026-01-23 05:20:00,65.38349568101225
2026-01-23 05:25:00,63.84658621142028
2026-01-23 05:30:00,64.24643354474466
2026-01-23 05:35:00,64.12933200906659
2026-01-23 05:40:00,65.07837813025861
2026-01-23 05:45:00,67.73139171153298
2026-01-23 05:50:00,67.89334219605038
2026-01-23 05:55:00,65.5780143610367
2026-01-23 06:00:00,67.38670271178162
2026-01-23 06:05:00,67.7474957057814
2026-01-23 06:10:00,60.098843336942195
2026-01-23 06:15:00,66.47105877422307
2026-01-23 06:20:00,57.09709630488447
2026-01-23 06:25:00,69.93235515639357
2026-01-23 06:30:00,62.18134374296009
2026-01-23 06:35:00,65.27558165754074
2026-01-23 06:40:00,68.4443637695911
2026-01-23 06:45:00,63.56714659735848
2026-01-23 06:50:00,67.02647877946812
2026-01-23 06:55:00,68.55637166191755
2026-01-23 07:00:00,31.44356571090816
2026-01-23 07:05:00,37.319271005189016
2026-01-23 07:10:00,24.68836347679902
2026-01-23 07:15:00,40.54460484066893
2026-01-23 07:20:00,47.41967142870835
2026-01-23 07:25:00,24.861648229476337
2026-01-23 07:30:00,26.89518675871209
2026-01-23 07:35:00,33.45499799049629
2026-01-23 07:40:00,47.864397539620555
2026-01-23 07:45:00,42.34684566212518
2026-01-23 07:50:00,31.207561537735188
2026-01-23 07:55:00,22.546991802882996
2026-01-23 08:00:00,25.43648029763194
2026-01-23 08:05:00,32.49130600270927
2026-01-23 08:10:00,43.69366748028317
2026-01-23 08:15:00,31.60932214738836
2026-01-23 08:20:00,41.82574684458797
2026-01-23 08:25:00,23.978917390938303
2026-01-23 08:30:00,40.329050884895715
2026-01-23 08:35:00,39.26988732475047
2026-01-23 08:40:00,30.142587469145624
2026-01-23 08:45:00,32.99674581857684
2026-01-23 08:50:00,39.068375314504344
2026-01-23 08:55:00,31.449298508991426
2026-01-23 09:00:00,41.73248947268917
2026-01-23 09:05:00,40.09432406710278
2026-01-23 09:10:00,21.979908773594584
2026-01-23 09:15:00,35.34412079837571
2026-01-23 09:20:00,25.145214131720593
2026-01-23 09:25:00,35.75544366781836
2026-01-23 09:30:00,35.382753448463916
2026-01-23 09:35:00,40.28130918897044
2026-01-23 09:40:00,21.007869767901944
2026-01-23 09:45:00,24.58440032664976
2026-01-23 09:50:00,26.665827763751288
2026-01-23 09:55:00,30.94134360092408
2026-01-23 10:00:00,58.74977175966595
2026-01-23 10:05:00,54.65893858886018
2026-01-23 10:10:00,55.214457212824634
2026-01-23 10:15:00,58.85544262646601
2026-01-23 10:20:00,57.71600262682311
2026-01-23 10:25:00,61.49186593141601
2026-01-23 10:30:00,54.11305502593676
2026-01-23 10:35:00,57.44013014585062
2026-01-23 10:40:00,68.90308080600276
2026-01-23 10:45:00,55.54696417039757
2026-01-23 10:50:00,48.299273609610324
2026-01-23 10:55:00,58.917104465717706
2026-01-23 11:00:00,48.63294779838826
2026-01-23 11:05:00,51.590121717574405
2026-01-23 11:10:00,56.37125304695519
2026-01-23 11:15:00,51.77185720810729
2026-01-23 11:20:00,55.464424416950756
2026-01-23 11:25:00,58.470056191367824
2026-01-23 11:30:00,50.9581714695944
2026-01-23 11:35:00,55.77678563985186
2026-01-23 11:40:00,55.79162893856592
2026-01-23 11:45:00,55.236020578186114
2026-01-23 11:50:00,57.66118832854768
2026-01-23 11:55:00,59.16434422500465
2026-01-23 12:00:00,57.393330248308146
2026-01-23 12:05:00,57.995254403526246
2026-01-23 12:10:00,51.523232423812665
2026-01-23 12:15:00,63.98114845969655
2026-01-23 12:20:00,59.00327082130103
2026-01-23 12:25:00,51.859859897114866
2026-01-23 12:30:00,59.67306790476975
2026-01-23 12:35:00,52.09764704609852
2026-01-23 12:40:00,54.26609883535246
2026-01-23 12:45:00,49.77077761590355
2026-01-23 12:50:00,58.301277634842194
2026-01-23 12:55:00,56.46717402060736
2026-01-23 13:00:00,51.265664250106624
2026-01-23 13:05:00,50.09419190895275
2026-01-23 13:10:00,55.03151024651345
2026-01-23 13:15:00,56.26936228917954
2026-01-23 13:20:00,51.438773416621814
2026-01-23 13:25:00,55.43866716831015
2026-01-23 13:30:00,57.887938511790054
2026-01-23 13:35:00,56.77183221224625
2026-01-23 13:40:00,55.73016459216508
2026-01-23 13:45:00,48.44961079701823
2026-01-23 13:50:00,51.137179095574986
2026-01-23 13:55:00,56.222156467865595
2026-01-23 14:00:00,53.20443964151887
2026-01-23 14:05:00,49.449731326832286
2026-01-23 14:10:00,50.182131903644596
2026-01-23 14:15:00,53.80032953820356
2026-01-23 14:20:00,45.5139002020063
2026-01-23 14:25:00,60.74885955892018
2026-01-23 14:30:00,53.045507143214415
2026-01-23 14:35:00,58.97794486141339
2026-01-23 14:40:00,49.48379563333578
2026-01-23 14:45:00,51.74802806156377
2026-01-23 14:50:00,52.357112300921294
2026-01-23 14:55:00,62.24942128225048
2026-01-23 15:00:00,53.924532323767345
2026-01-23 15:05:00,50.59217885178189
2026-01-23 15:10:00,49.11147563564738
2026-01-23 15:15:00,53.42124323814683
2026-01-23 15:20:00,57.14675630782007
2026-01-23 15:25:00,53.12513954636442
2026-01-23 15:30:00,54.971360131081035
2026-01-23 15:35:00,50.833772365580074
2026-01-23 15:40:00,56.5265095192274
2026-01-23 15:45:00,55.33792520996445
2026-01-23 15:50:00,57.73021708350057
2026-01-23 15:55:00,57.93401629112645
2026-01-23 16:00:00,35.12136563165914
2026-01-23 16:05:00,30.864557008039686
2026-01-23 16:10:00,24.02890966391287
2026-01-23 16:15:00,36.87773172041379
2026-01-23 16:20:00,31.02152984500183
2026-01-23 16:25:00,23.766415462862707
2026-01-23 16:30:00,30.98802286045455
2026-01-23 16:35:00,22.6484632855282
2026-01-23 16:40:00,30.37571193104043
2026-01-23 16:45:00,27.725161241517583
2026-01-23 16:50:00,29.57213652479743
2026-01-23 16:55:00,26.91104956086968
2026-01-23 17:00:00,38.73353684895192
2026-01-23 17:05:00,34.03174448674328
2026-01-23 17:10:00,20.758111498038797
2026-01-23 17:15:00,22.17883631783872
2026-01-23 17:20:00,18.85013368754058
2026-01-23 17:25:00,36.45864474728011
2026-01-23 17:30:00,27.079733134099452
2026-01-23 17:35:00,27.273124844446883
2026-01-23 17:40:00,28.60378062917093
2026-01-23 17:45:00,27.863893805857074
2026-01-23 17:50:00,35.76528926204802
2026-01-23 17:55:00,27.813933848469812
2026-01-23 18:00:00,33.22642574971805
2026-01-23 18:05:00,38.58980851566482
2026-01-23 18:10:00,30.892331719547208
2026-01-23 18:15:00,21.185640476131322
2026-01-23 18:20:00,16.86319928284923
2026-01-23 18:25:00,36.81036686472688
2026-01-23 18:30:00,43.770715588035635
2026-01-23 18:35:00,36.134635875484896
2026-01-23 18:40:00,32.21428869397589
2026-01-23 18:45:00,33.10659195864781
2026-01-23 18:50:00,26.75972872409728
2026-01-23 18:55:00,35.4033575788473
2026-01-23 19:00:00,18.985729132043637
2026-01-23 19:05:00,25.336686208898776
2026-01-23 19:10:00,26.10504586544308
2026-01-23 19:15:00,21.53748996889236
2026-01-23 19:20:00,29.137032536973404
2026-01-23 19:25:00,18.680366766108126
2026-01-23 19:30:00,25.037698764155266
2026-01-23 19:35:00,37.1758513517122
2026-01-23 19:40:00,40.35168285773927
2026-01-23 19:45:00,25.397362690478708
2026-01-23 19:50:00,23.355592074012108
2026-01-23 19:55:00,36.30313654011411
2026-01-23 20:00:00,64.78136518630522
2026-01-23 20:05:00,64.07107752804232
2026-01-23 20:10:00,60.57972824492651
2026-01-23 20:15:00,65.75193288595264
2026-01-23 20:20:00,67.22009425685928
2026-01-23 20:25:00,65.27053192996085
2026-01-23 20:30:00,64.99234711743911
2026-01-23 20:35:00,66.49808683950671
2026-01-23 20:40:00,57.886359542828735
2026-01-23 20:45:00,62.39085890027603
2026-01-23 20:50:00,64.98949854305958
2026-01-23 20:55:00,68.61318497688929
2026-01-23 21:00:00,67.58705588433293
2026-01-23 21:05:00,63.570188703576186
2026-01-23 21:10:00,63.828737918569054
2026-01-23 21:15:00,70.20458522132861
2026-01-23 21:20:00,70.60124680868721
2026-01-23 21:25:00,63.06053357878296
2026-01-23 21:30:00,66.44506189019782
2026-01-23 21:35:00,60.47558996546144
2026-01-23 21:40:00,66.44418335181592
2026-01-23 21:45:00,64.33673184006773
2026-01-23 21:50:00,66.57419860462407
2026-01-23 21:55:00,62.15499012059767
2026-01-23 22:00:00,58.88012576157526
2026-01-23 22:05:00,65.08973560463714
2026-01-23 22:10:00,61.28213101856386
2026-01-23 22:15:00,60.914246298645665
2026-01-23 22:20:00,63.793640002008594
2026-01-23 22:25:00,65.0125983271921
2026-01-23 22:30:00,65.85989932744721
2026-01-23 22:35:00,69.50858981316887
2026-01-23 22:40:00,60.96045120488185
2026-01-23 22:45:00,62.293548946502725
2026-01-23 22:50:00,66.69168165365299
2026-01-23 22:55:00,65.01967843763232
2026-01-23 23:00:00,69.49242754913772
2026-01-23 23:05:00,66.21432274783139
2026-01-23 23:10:00,64.47012278214861
2026-01-23 23:15:00,61.436531302522724
2026-01-23 23:20:00,57.81913862212441
2026-01-23 23:25:00,67.6955109112504
2026-01-23 23:30:00,68.20498522370325
2026-01-23 23:35:00,65.38695368860053
2026-01-23 23:40:00,67.34117364773319
2026-01-23 23:45:00,55.11966889014806
2026-01-23 23:50:00,62.66943737121174
2026-01-23 23:55:00,68.90241963383154
2026-01-24 00:00:00,64.04232595898094
2026-01-24 00:05:00,65.54494156238547
2026-01-24 00:10:00,65.96002977265314
2026-01-24 00:15:00,66.9292037831238
2026-01-24 00:20:00,65.91260673545261
2026-01-24 00:25:00,62.40046607932125
2026-01-24 00:30:00,59.46613873645736
2026-01-24 00:35:00,67.62276101601103
2026-01-24 00:40:00,67.73895213543467
2026-01-24 00:45:00,68.75927283429436
2026-01-24 00:50:00,67.58678844044384
2026-01-24 00:55:00,69.06657455137221
2026-01-24 01:00:00,58.251029639433824
2026-01-24 01:05:00,61.82558932017305
2026-01-24 01:10:00,66.49447191612165
2026-01-24 01:15:00,61.845630526736656
2026-01-24 01:20:00,60.90261576247047
2026-01-24 01:25:00,64.83904219586121
2026-01-24 01:30:00,68.52554230091269
2026-01-24 01:35:00,66.38270196121472
2026-01-24 01:40:00,67.68665209576969
2026-01-24 01:45:00,61.52973641986367
2026-01-24 01:50:00,64.79532000018924
2026-01-24 01:55:00,69.11266514276349
2026-01-24 02:00:00,66.03935649953164
2026-01-24 02:05:00,65.74382426845875
2026-01-24 02:10:00,65.78185459205997
2026-01-24 02:15:00,65.89952141464622
2026-01-24 02:20:00,68.87003439086193
2026-01-24 02:25:00,61.41022117980934
2026-01-24 02:30:00,64.69667723966887
2026-01-24 02:35:00,63.91883824782647
2026-01-24 02:40:00,68.82840441066837
2026-01-24 02:45:00,67.31898492775166
2026-01-24 02:50:00,65.14503478174498
2026-01-24 02:55:00,69.93262317591068
2026-01-24 03:00:00,66.23498272593811
2026-01-24 03:05:00,67.52949011545844
2026-01-24 03:10:00,63.99579857256532
2026-01-24 03:15:00,67.0782490432774
2026-01-24 03:20:00,65.1881412008634
2026-01-24 03:25:00,61.38484667939069
2026-01-24 03:30:00,65.56864397878888
2026-01-24 03:35:00,61.61311487558425
2026-01-24 03:40:00,68.49887944697575
2026-01-24 03:45:00,63.0412746310949
2026-01-24 03:50:00,66.12509866536965
2026-01-24 03:55:00,64.94319024832855
2026-01-24 04:00:00,63.061967118340306
2026-01-24 04:05:00,64.05482192336827
2026-01-24 04:10:00,64.21191493484272
2026-01-24 04:15:00,62.80001159952049
2026-01-24 04:20:00,64.31739697338656
2026-01-24 04:25:00,69.79294803669791
2026-01-24 04:30:00,62.68765196623259
2026-01-24 04:35:00,62.634149626378594
2026-01-24 04:40:00,62.48669645322432
2026-01-24 04:45:00,67.41589454346476
2026-01-24 04:50:00,62.095360216372384
2026-01-24 04:55:00,62.94683449122495
2026-01-24 05:00:00,63.3077710011823
2026-01-24 05:05:00,66.88775960354641
2026-01-24 05:10:00,68.48235381549733
2026-01-24 05:15:00,63.88091151710845
2026-01-24 05:20:00,68.81054453850619
2026-01-24 05:25:00,63.85754507035977
2026-01-24 05:30:00,65.4545096394628
2026-01-24 05:35:00,65.71258229218815
2026-01-24 05:40:00,67.15140977950362
2026-01-24 05:45:00,58.781174878994456
2026-01-24 05:50:00,70.4043216416342
2026-01-24 05:55:00,62.71470415601772
2026-01-24 06:00:00,64.25040257936112
2026-01-24 06:05:00,62.89770429353116
2026-01-24 06:10:00,65.1663640286624
2026-01-24 06:15:00,70.4761192854167
2026-01-24 06:20:00,65.59236139688633
2026-01-24 06:25:00,65.66422060772683
2026-01-24 06:30:00,60.95929665709248
2026-01-24 06:35:00,66.17085411648915
2026-01-24 06:40:00,64.16992062390848
2026-01-24 06:45:00,68.02614423894325
2026-01-24 06:50:00,68.50392634726347
2026-01-24 06:55:00,65.37074964282715
2026-01-24 07:00:00,64.84325407718539
2026-01-24 07:05:00,61.47469848556687
2026-01-24 07:10:00,62.78155531056433
2026-01-24 07:15:00,62.13697512897861
2026-01-24 07:20:00,68.92885244828382
2026-01-24 07:25:00,61.525377784104826
2026-01-24 07:30:00,66.514409253522
2026-01-24 07:35:00,63.47030763750325
2026-01-24 07:40:00,62.81393177533626
2026-01-24 07:45:00,64.01162507414521
2026-01-24 07:50:00,58.36077896407983
2026-01-24 07:55:00,67.04362731092948
2026-01-24 08:00:00,66.41543696375534
2026-01-24 08:05:00,68.70550510659092
2026-01-24 08:10:00,65.11475562715876
2026-01-24 08:15:00,64.67843589483262
2026-01-24 08:20:00,72.70115607200314
2026-01-24 08:25:00,62.825817120799975
2026-01-24 08:30:00,67.22804801691811
2026-01-24 08:35:00,59.02014166505059
2026-01-24 08:40:00,66.70334794709258
2026-01-24 08:45:00,62.38341853623858
2026-01-24 08:50:00,64.76570393178797
2026-01-24 08:55:00,68.72055727383216
2026-01-24 09:00:00,69.27803324622192
2026-01-24 09:05:00,65.70502724431891
2026-01-24 09:10:00,60.24660432509873
2026-01-24 09:15:00,64.24236221626565
2026-01-24 09:20:00,64.79583007672211
2026-01-24 09:25:00,64.16024902004115
2026-01-24 09:30:00,60.00474734653819
2026-01-24 09:35:00,64.2205701616556
2026-01-24 09:40:00,62.22081649573922
2026-01-24 09:45:00,61.248254154771395
2026-01-24 09:50:00,65.32626650044149
2026-01-24 09:55:00,64.8048183120509
2026-01-24 10:00:00,58.2407834431735
2026-01-24 10:05:00,62.713770095080136
2026-01-24 10:10:00,63.775384285091256
2026-01-24 10:15:00,67.61872342604404
2026-01-24 10:20:00,65.09000000672661
2026-01-24 10:25:00,68.15398803912328
2026-01-24 10:30:00,61.874599171967034
2026-01-24 10:35:00,64.85477341500206
2026-01-24 10:40:00,67.32865645101704
2026-01-24 10:45:00,62.15183037483467
2026-01-24 10:50:00,60.86462267438239
2026-01-24 10:55:00,70.1126619768604
2026-01-24 11:00:00,51.79453333605059
2026-01-24 11:05:00,50.71172564331363
2026-01-24 11:10:00,48.25048385066374
2026-01-24 11:15:00,51.64276825421422
2026-01-24 11:20:00,50.95895342786447
2026-01-24 11:25:00,57.68420770627794
2026-01-24 11:30:00,52.56328921209228
2026-01-24 11:35:00,49.19326970381539
2026-01-24 11:40:00,50.30020679331163
2026-01-24 11:45:00,53.27919718954468
2026-01-24 11:50:00,51.25193889830467
2026-01-24 11:55:00,51.504432077401454
2026-01-24 12:00:00,54.5870024208938
2026-01-24 12:05:00,48.13243038978133
2026-01-24 12:10:00,52.38388337254857
2026-01-24 12:15:00,50.16216042438848
2026-01-24 12:20:00,52.226374368337446
2026-01-24 12:25:00,46.92983280750017
2026-01-24 12:30:00,45.084525942203086
2026-01-24 12:35:00,51.045843478129314
2026-01-24 12:40:00,56.71670819792947
2026-01-24 12:45:00,49.10594203793505
2026-01-24 12:50:00,46.602775469647824
2026-01-24 12:55:00,51.56192712369508
2026-01-24 13:00:00,52.85125690814504
2026-01-24 13:05:00,46.15521586258107
2026-01-24 13:10:00,56.66646094026746
2026-01-24 13:15:00,49.6756432686613
2026-01-24 13:20:00,49.98856500808829
2026-01-24 13:25:00,54.00723193103528
2026-01-24 13:30:00,52.745628839081675
2026-01-24 13:35:00,52.476517634728225
2026-01-24 13:40:00,45.40975672538372
2026-01-24 13:45:00,54.25629800505587
2026-01-24 13:50:00,42.121262650685445
2026-01-24 13:55:00,44.430869388138014
2026-01-24 14:00:00,49.93561914303364
2026-01-24 14:05:00,51.28462931164845
2026-01-24 14:10:00,43.97121590621523
2026-01-24 14:15:00,46.16607218250052
2026-01-24 14:20:00,51.438909620885354
2026-01-24 14:25:00,50.16441844032243
2026-01-24 14:30:00,50.33250462422006
2026-01-24 14:35:00,48.5025673599738
2026-01-24 14:40:00,51.31223066706151
2026-01-24 14:45:00,53.986579500702355
2026-01-24 14:50:00,52.072591235924314
2026-01-24 14:55:00,55.36961375426422
2026-01-24 15:00:00,49.77554518365834
2026-01-24 15:05:00,38.21694099888555
2026-01-24 15:10:00,52.126391705485915
2026-01-24 15:15:00,50.87821658615883
2026-01-24 15:20:00,43.03224209048983
2026-01-24 15:25:00,46.12441811329394
2026-01-24 15:30:00,45.7221862519917
2026-01-24 15:35:00,47.255530639788724
2026-01-24 15:40:00,56.00887643358148
2026-01-24 15:45:00,41.40911248992734
2026-01-24 15:50:00,52.5697120664227
2026-01-24 15:55:00,48.444635380153585
2026-01-24 16:00:00,65.41263641450118
2026-01-24 16:05:00,68.70255082486963
2026-01-24 16:10:00,65.19637422292794
2026-01-24 16:15:00,66.55006187388135
2026-01-24 16:20:00,67.45177005603772
2026-01-24 16:25:00,64.57206730517446
2026-01-24 16:30:00,62.38244543772451
2026-01-24 16:35:00,60.93500766047255
2026-01-24 16:40:00,61.9287935378446
2026-01-24 16:45:00,67.9251628078377
2026-01-24 16:50:00,63.526890927841976
2026-01-24 16:55:00,70.28222123180558
2026-01-24 17:00:00,64.86072127298213
2026-01-24 17:05:00,63.43065033971279
2026-01-24 17:10:00,68.51458322238446
2026-01-24 17:15:00,60.63432985117697
2026-01-24 17:20:00,65.26314660786616
2026-01-24 17:25:00,67.05255279180277
2026-01-24 17:30:00,67.3606308839975
2026-01-24 17:35:00,64.76494861212784
2026-01-24 17:40:00,65.03330705094007
2026-01-24 17:45:00,65.98225271600411
2026-01-24 17:50:00,64.7521407885995
2026-01-24 17:55:00,70.89722365329092
2026-01-24 18:00:00,67.0235788724869
2026-01-24 18:05:00,66.50578369405817
2026-01-24 18:10:00,63.441499884868136
2026-01-24 18:15:00,64.06414019498098
2026-01-24 18:20:00,62.70398487444442
2026-01-24 18:25:00,64.15260496604476
2026-01-24 18:30:00,61.506028670144254
2026-01-24 18:35:00,60.54926285728752
2026-01-24 18:40:00,66.4703273130375
2026-01-24 18:45:00,67.97245142849123
2026-01-24 18:50:00,64.26160394994614
2026-01-24 18:55:00,71.45547067994582
2026-01-24 19:00:00,63.12891799543385
2026-01-24 19:05:00,67.97678956698668
2026-01-24 19:10:00,66.54452855168327
2026-01-24 19:15:00,64.7364357571688
2026-01-24 19:20:00,64.90036652211441
2026-01-24 19:25:00,61.54022784952375
2026-01-24 19:30:00,68.45515058363452
2026-01-24 19:35:00,69.09121912410372
2026-01-24 19:40:00,67.61408490022977
2026-01-24 19:45:00,68.12816314885809
2026-01-24 19:50:00,61.59378523990564
2026-01-24 19:55:00,66.38945708517902
2026-01-24 20:00:00,69.75553960867022
2026-01-24 20:05:00,58.076054959559045
2026-01-24 20:10:00,62.02261219130362
2026-01-24 20:15:00,62.56829540324157
2026-01-24 20:20:00,67.65700044009463
2026-01-24 20:25:00,68.70413950582198
2026-01-24 20:30:00,71.23257627414507
2026-01-24 20:35:00,69.35427476295513
2026-01-24 20:40:00,69.07087073991921
2026-01-24 20:45:00,62.191808045622864
2026-01-24 20:50:00,67.81067381344623
2026-01-24 20:55:00,69.20298772234383
2026-01-24 21:00:00,61.218939211585436
2026-01-24 21:05:00,67.23559576793888
2026-01-24 21:10:00,67.32623115651919
2026-01-24 21:15:00,62.284182811729934
2026-01-24 21:20:00,71.95149153034188
2026-01-24 21:25:00,66.84119164239706
2026-01-24 21:30:00,67.5154281170824
2026-01-24 21:35:00,70.10700353643007
2026-01-24 21:40:00,66.41472460020452
2026-01-24 21:45:00,61.998958662356166
2026-01-24 21:50:00,63.17957601239739
2026-01-24 21:55:00,64.9557333115549
2026-01-24 22:00:00,63.39797978812522
2026-01-24 22:05:00,65.30022295700121
2026-01-24 22:10:00,67.11370361020643
2026-01-24 22:15:00,65.83845732002798
2026-01-24 22:20:00,63.95686444685261
2026-01-24 22:25:00,63.019252740412554
2026-01-24 22:30:00,66.65654705819536
2026-01-24 22:35:00,57.33444467832954
2026-01-24 22:40:00,58.013053595397324
2026-01-24 22:45:00,65.1144968532149
2026-01-24 22:50:00,63.631298633078345
2026-01-24 22:55:00,70.63675922200166
2026-01-24 23:00:00,69.12445380163966
2026-01-24 23:05:00,65.85144506224987
2026-01-24 23:10:00,64.95772599321339
2026-01-24 23:15:00,62.91637621019037
2026-01-24 23:20:00,63.16744458047145
2026-01-24 23:25:00,67.18771978198863
2026-01-24 23:30:00,62.25103403546034
2026-01-24 23:35:00,67.60922187526197
2026-01-24 23:40:00,66.53025572573104
2026-01-24 23:45:00,70.30875517015474
2026-01-24 23:50:00,69.15887515691865
2026-01-24 23:55:00,72.40911818946307
2026-01-25 00:00:00,63.44113918538711
2026-01-25 00:05:00,60.313040476999525
2026-01-25 00:10:00,60.96291630952375
2026-01-25 00:15:00,67.66112227256092
2026-01-25 00:20:00,64.45020650550602
2026-01-25 00:25:00,66.10464181076782
2026-01-25 00:30:00,59.3182357051284
2026-01-25 00:35:00,66.75419931524054
2026-01-25 00:40:00,71.5095190395076
2026-01-25 00:45:00,65.72228908254723
2026-01-25 00:50:00,65.03516402995159
2026-01-25 00:55:00,66.50966824533297
2026-01-25 01:00:00,63.20517927436383
2026-01-25 01:05:00,64.34190986861117
2026-01-25 01:10:00,65.54577998956994
2026-01-25 01:15:00,64.33151061665396
2026-01-25 01:20:00,63.648282485891116
2026-01-25 01:25:00,65.44433752736921
2026-01-25 01:30:00,61.031512929304455
2026-01-25 01:35:00,62.34609587072872
2026-01-25 01:40:00,68.53220228785352
2026-01-25 01:45:00,65.4626038896779
2026-01-25 01:50:00,63.606892106614
2026-01-25 01:55:00,64.49537425804621
2026-01-25 02:00:00,58.085125712099476
2026-01-25 02:05:00,65.34186780437321
2026-01-25 02:10:00,65.14116386597622
2026-01-25 02:15:00,67.63699989699803
2026-01-25 02:20:00,65.80600745964259
2026-01-25 02:25:00,66.4656664417751
2026-01-25 02:30:00,63.726340980286245
2026-01-25 02:35:00,58.9307431414177
2026-01-25 02:40:00,61.12439650149704
2026-01-25 02:45:00,65.03713042941867
2026-01-25 02:50:00,65.91673256057226
2026-01-25 02:55:00,67.94791075040014
2026-01-25 03:00:00,61.75983585074842
2026-01-25 03:05:00,70.1006741781015
2026-01-25 03:10:00,62.54118435754561
2026-01-25 03:15:00,64.09731795672555
2026-01-25 03:20:00,66.54286033307197
2026-01-25 03:25:00,66.83069072179336
2026-01-25 03:30:00,63.61484924599204
2026-01-25 03:35:00,67.88445632042863
2026-01-25 03:40:00,66.08581662817141
2026-01-25 03:45:00,61.259307232106295
2026-01-25 03:50:00,71.5841336114182
2026-01-25 03:55:00,58.803904250372085
2026-01-25 04:00:00,63.75043322657653
2026-01-25 04:05:00,63.55309283796548
2026-01-25 04:10:00,63.39384976129728
2026-01-25 04:15:00,61.76218793641619
2026-01-25 04:20:00,68.84201246568135
2026-01-25 04:25:00,65.11512309417267
2026-01-25 04:30:00,63.04975133215653
2026-01-25 04:35:00,66.63978034790848
2026-01-25 04:40:00,61.671449393978094
2026-01-25 04:45:00,62.98133124532872
2026-01-25 04:50:00,66.81459046324872
2026-01-25 04:55:00,68.4983394907563
2026-01-25 05:00:00,72.34955172194046
2026-01-25 05:05:00,65.62876809948469
2026-01-25 05:10:00,63.75892478433489
2026-01-25 05:15:00,69.30643982405365
2026-01-25 05:20:00,64.06249587210374
2026-01-25 05:25:00,65.83060260384455
2026-01-25 05:30:00,63.88573900869567
2026-01-25 05:35:00,65.242263649874
2026-01-25 05:40:00,68.7549129380225
2026-01-25 05:45:00,65.85063861465103
2026-01-25 05:50:00,67.93700189715318
2026-01-25 05:55:00,60.59310543874352
2026-01-25 06:00:00,69.25373828870552
2026-01-25 06:05:00,64.45443194429285
2026-01-25 06:10:00,61.60250661391609
2026-01-25 06:15:00,61.503000475867644
2026-01-25 06:20:00,64.77938698175345
2026-01-25 06:25:00,63.8769569205271
2026-01-25 06:30:00,65.29183682163595
2026-01-25 06:35:00,70.33913366931876
2026-01-25 06:40:00,63.55145231072438
2026-01-25 06:45:00,64.46617920746034
2026-01-25 06:50:00,65.98560662437617
2026-01-25 06:55:00,66.7199505474129
2026-01-25 07:00:00,67.10905138294558
2026-01-25 07:05:00,61.8099127272873
2026-01-25 07:10:00,64.99286783012957
2026-01-25 07:15:00,66.68576743031153
2026-01-25 07:20:00,64.90472528941072
2026-01-25 07:25:00,66.37492997459594
2026-01-25 07:30:00,64.9054359476897
2026-01-25 07:35:00,65.7132906703186
2026-01-25 07:40:00,71.81922202494927
2026-01-25 07:45:00,64.82083495628443
2026-01-25 07:50:00,69.83962254534255
2026-01-25 07:55:00,69.048319226129
2026-01-25 08:00:00,67.12770657146909
2026-01-25 08:05:00,68.34386594048986
2026-01-25 08:10:00,64.90124592158627
2026-01-25 08:15:00,65.58615105900593
2026-01-25 08:20:00,64.48353473341089
2026-01-25 08:25:00,65.134777515134
2026-01-25 08:30:00,64.2995546854125
2026-01-25 08:35:00,67.5429288657364
2026-01-25 08:40:00,62.829959014630035
2026-01-25 08:45:00,67.83596791017176
2026-01-25 08:50:00,70.63067850302119
2026-01-25 08:55:00,64.63179968598557
2026-01-25 09:00:00,64.99467017900352
2026-01-25 09:05:00,66.64101204370066
2026-01-25 09:10:00,69.46288848343552
2026-01-25 09:15:00,67.77306982436978
2026-01-25 09:20:00,66.76494099585747
2026-01-25 09:25:00,64.31327230061345
2026-01-25 09:30:00,62.66249985921353
2026-01-25 09:35:00,64.32060086953655
2026-01-25 09:40:00,65.95158607470947
2026-01-25 09:45:00,71.49302178572377
2026-01-25 09:50:00,60.61238782584041
2026-01-25 09:55:00,62.05316565326955
2026-01-25 10:00:00,62.62718118116901
2026-01-25 10:05:00,69.73398155359544
2026-01-25 10:10:00,65.10925196979049
2026-01-25 10:15:00,66.42697249396406
2026-01-25 10:20:00,67.88512743641846
2026-01-25 10:25:00,66.03578818107167
2026-01-25 10:30:00,66.49938872617969
2026-01-25 10:35:00,66.08638834237806
2026-01-25 10:40:00,64.383429890809
2026-01-25 10:45:00,65.31302721759984
2026-01-25 10:50:00,64.87944633248772
2026-01-25 10:55:00,64.2953557860792
2026-01-25 11:00:00,58.03975385680509
2026-01-25 11:05:00,52.087706543794255
2026-01-25 11:10:00,44.832240244356925
2026-01-25 11:15:00,54.59952859105209
2026-01-25 11:20:00,45.94794279936176
2026-01-25 11:25:00,57.3690824232247
2026-01-25 11:30:00,50.52250001581279
2026-01-25 11:35:00,51.2787345332232
2026-01-25 11:40:00,51.36776697505352
2026-01-25 11:45:00,53.05046419295311
2026-01-25 11:50:00,52.83379833516309
2026-01-25 11:55:00,49.872943736950916
2026-01-25 12:00:00,44.44089082837798
2026-01-25 12:05:00,48.47229798983429
2026-01-25 12:10:00,47.72547003601127
2026-01-25 12:15:00,51.71981486762869
2026-01-25 12:20:00,52.897601641119955
2026-01-25 12:25:00,40.96335941063991
2026-01-25 12:30:00,50.18016484459385
2026-01-25 12:35:00,44.16324393990859
2026-01-25 12:40:00,47.328344921206806
2026-01-25 12:45:00,47.308078216699045
2026-01-25 12:50:00,50.35331701136764
2026-01-25 12:55:00,54.55643130837105
2026-01-25 13:00:00,50.42641263613008
2026-01-25 13:05:00,55.811953419543926
2026-01-25 13:10:00,51.42089929194761
2026-01-25 13:15:00,43.701166971862385
2026-01-25 13:20:00,46.870570709387984
2026-01-25 13:25:00,45.78521921618758
2026-01-25 13:30:00,48.918017114480456
2026-01-25 13:35:00,52.69564939543391
2026-01-25 13:40:00,45.590517769134
2026-01-25 13:45:00,55.73947824207611
2026-01-25 13:50:00,48.941785114000254
2026-01-25 13:55:00,51.00877976994041
2026-01-25 14:00:00,45.532875203074155
2026-01-25 14:05:00,46.685236299992226
2026-01-25 14:10:00,53.677206888374144
2026-01-25 14:15:00,48.09855489835402
2026-01-25 14:20:00,51.287288435974794
2026-01-25 14:25:00,45.48954755161603
2026-01-25 14:30:00,51.125215345588835
2026-01-25 14:35:00,55.60940002776288
2026-01-25 14:40:00,53.162654468209894
2026-01-25 14:45:00,43.296452546832995
2026-01-25 14:50:00,53.69760109836385
2026-01-25 14:55:00,50.83016224661735
2026-01-25 15:00:00,49.73191144280468
2026-01-25 15:05:00,47.134739828813046
2026-01-25 15:10:00,50.82181140701197
2026-01-25 15:15:00,48.016374591615424
2026-01-25 15:20:00,52.578923858439
2026-01-25 15:25:00,42.70502686361223
2026-01-25 15:30:00,45.35297661560745
2026-01-25 15:35:00,54.49591160293935
2026-01-25 15:40:00,57.0028705539336
2026-01-25 15:45:00,43.92520027468686
2026-01-25 15:50:00,51.51435297444432
2026-01-25 15:55:00,52.95632445990618
2026-01-25 16:00:00,61.67601532844574
2026-01-25 16:05:00,68.95233552775863
2026-01-25 16:10:00,60.31908977322081
2026-01-25 16:15:00,65.31387168315835
2026-01-25 16:20:00,67.2727916178701
2026-01-25 16:25:00,67.28868238820431
2026-01-25 16:30:00,67.1618573308443
2026-01-25 16:35:00,67.24411479469475
2026-01-25 16:40:00,66.12295749953792
2026-01-25 16:45:00,66.62069907193882
2026-01-25 16:50:00,67.73633446271364
2026-01-25 16:55:00,68.45467553588273
2026-01-25 17:00:00,63.90346598290299
2026-01-25 17:05:00,66.94354556894913
2026-01-25 17:10:00,63.38576461803051
2026-01-25 17:15:00,61.742607482476004
2026-01-25 17:20:00,67.8043939363466
2026-01-25 17:25:00,66.96596943610432
2026-01-25 17:30:00,69.48347360201699
2026-01-25 17:35:00,64.91290037978115
2026-01-25 17:40:00,63.51874536838188
2026-01-25 17:45:00,62.113995165838475
2026-01-25 17:50:00,62.68711262792006
2026-01-25 17:55:00,66.22633958738477
2026-01-25 18:00:00,61.48737450798562
2026-01-25 18:05:00,70.39390895279537
2026-01-25 18:10:00,64.00677840223665
2026-01-25 18:15:00,65.07374077913597
2026-01-25 18:20:00,66.85648110656888
2026-01-25 18:25:00,66.72960240401184
2026-01-25 18:30:00,67.07156074095704
2026-01-25 18:35:00,63.64874096270058
2026-01-25 18:40:00,66.66854429193921
2026-01-25 18:45:00,62.39312727260814
2026-01-25 18:50:00,64.61979286307233
2026-01-25 18:55:00,60.88117800229306
2026-01-25 19:00:00,65.34534335631935
2026-01-25 19:05:00,68.4488596405913
2026-01-25 19:10:00,66.07658681531552
2026-01-25 19:15:00,58.576270361749835
2026-01-25 19:20:00,65.45584490208778
2026-01-25 19:25:00,65.3654202020101
2026-01-25 19:30:00,61.6763635312504
2026-01-25 19:35:00,61.74932924762979
2026-01-25 19:40:00,63.872137501203746
2026-01-25 19:45:00,66.88879783213552
2026-01-25 19:50:00,64.12259579110095
2026-01-25 19:55:00,68.97962586511036
2026-01-25 20:00:00,66.82581492722612
2026-01-25 20:05:00,68.97827430428582
2026-01-25 20:10:00,64.37595170602435
2026-01-25 20:15:00,67.98337130015558
2026-01-25 20:20:00,68.45135225820547
2026-01-25 20:25:00,68.95279317804527
2026-01-25 20:30:00,65.9861539929516
2026-01-25 20:35:00,64.21373671251962
2026-01-25 20:40:00,54.87615346851342
2026-01-25 20:45:00,69.34524150939308
2026-01-25 20:50:00,63.652575176610235
2026-01-25 20:55:00,63.083718543650896
2026-01-25 21:00:00,68.37899926970944
2026-01-25 21:05:00,63.03732939258371
2026-01-25 21:10:00,61.22495551769029
2026-01-25 21:15:00,67.64471972894773
2026-01-25 21:20:00,64.09032349684762
2026-01-25 21:25:00,63.628853351486335
2026-01-25 21:30:00,61.8068416071208
2026-01-25 21:35:00,64.88909259272793
2026-01-25 21:40:00,64.68020818251584
2026-01-25 21:45:00,64.05987487907046
2026-01-25 21:50:00,61.533694783713436
2026-01-25 21:55:00,66.05565250878952
2026-01-25 22:00:00,64.1915183098809
2026-01-25 22:05:00,64.13974911646042
2026-01-25 22:10:00,65.07610469042008
2026-01-25 22:15:00,63.812526260076616
2026-01-25 22:20:00,63.40305661398105
2026-01-25 22:25:00,67.53100973445407
2026-01-25 22:30:00,62.51408279930612
2026-01-25 22:35:00,62.613979283894025
2026-01-25 22:40:00,58.90990048659859
2026-01-25 22:45:00,68.04109800208796
2026-01-25 22:50:00,64.6286555753522
2026-01-25 22:55:00,68.04326718916072
2026-01-25 23:00:00,64.53359665736787
2026-01-25 23:05:00,64.58798328383243
2026-01-25 23:10:00,69.30875322629642
2026-01-25 23:15:00,67.02956044518285
2026-01-25 23:20:00,67.90702647946658
2026-01-25 23:25:00,60.0989283353122
2026-01-25 23:30:00,60.55492712749192
2026-01-25 23:35:00,69.20994378013398
2026-01-25 23:40:00,68.28022741574591
2026-01-25 23:45:00,63.62839695908327
2026-01-25 23:50:00,64.92950754161197
2026-01-25 23:55:00,64.72092092968147
2026-01-26 00:00:00,66.83778687601203
2026-01-26 00:05:00,71.09183754465464
2026-01-26 00:10:00,65.69189307772307
2026-01-26 00:15:00,63.602688984571024
2026-01-26 00:20:00,64.21632828443232
2026-01-26 00:25:00,62.74850784897154
2026-01-26 00:30:00,66.41473093140135
2026-01-26 00:35:00,66.76700792111103
2026-01-26 00:40:00,61.5735737216525
2026-01-26 00:45:00,68.94858631235205
2026-01-26 00:50:00,66.60841204093481
2026-01-26 00:55:00,66.74412401061085
2026-01-26 01:00:00,63.10217040558056
2026-01-26 01:05:00,65.04779335437355
2026-01-26 01:10:00,69.12753290654544
2026-01-26 01:15:00,58.078220099580314
2026-01-26 01:20:00,66.53891112357918
2026-01-26 01:25:00,64.48710929002637
2026-01-26 01:30:00,66.83981596594454
2026-01-26 01:35:00,64.91538983528325
2026-01-26 01:40:00,65.88179858421589
2026-01-26 01:45:00,68.14075002849472
2026-01-26 01:50:00,62.854187593190424
2026-01-26 01:55:00,67.40699286074238
2026-01-26 02:00:00,61.07648952890683
2026-01-26 02:05:00,61.95995558947444
2026-01-26 02:10:00,63.44577711494451
2026-01-26 02:15:00,64.64201813135145
2026-01-26 02:20:00,62.27900134366108
2026-01-26 02:25:00,64.16412710278841
2026-01-26 02:30:00,64.0583225249238
2026-01-26 02:35:00,64.06887958322078
2026-01-26 02:40:00,64.95877071832902
2026-01-26 02:45:00,62.1226288068349
2026-01-26 02:50:00,59.928585357024225
2026-01-26 02:55:00,67.38146033350948
2026-01-26 03:00:00,64.16910662114724
2026-01-26 03:05:00,64.95091587405085
2026-01-26 03:10:00,59.55730784772421
2026-01-26 03:15:00,61.19166394853633
2026-01-26 03:20:00,63.66017614672402
2026-01-26 03:25:00,65.37212933000056
2026-01-26 03:30:00,66.98369453982961
2026-01-26 03:35:00,64.62824690412255
2026-01-26 03:40:00,63.86663412113237
2026-01-26 03:45:00,66.28133530799961
2026-01-26 03:50:00,66.12022190456433
2026-01-26 03:55:00,61.190374609735635
2026-01-26 04:00:00,67.36020439829561
2026-01-26 04:05:00,68.94461101078137
2026-01-26 04:10:00,66.08699780503412
2026-01-26 04:15:00,65.45526113336119
2026-01-26 04:20:00,63.17168703371463
2026-01-26 04:25:00,61.61730061677472
2026-01-26 04:30:00,64.11624580468816
2026-01-26 04:35:00,67.41576548491555
2026-01-26 04:40:00,59.17730632507346
2026-01-26 04:45:00,65.55567211964315
2026-01-26 04:50:00,64.20724812410127
2026-01-26 04:55:00,64.06958225501447
2026-01-26 05:00:00,63.113993193765346
2026-01-26 05:05:00,61.908744538609525
2026-01-26 05:10:00,67.19295361105321
2026-01-26 05:15:00,63.59570727740298
2026-01-26 05:20:00,62.887625635585984
2026-01-26 05:25:00,63.08506673369317
2026-01-26 05:30:00,65.2433163258207
2026-01-26 05:35:00,66.35902459053423
2026-01-26 05:40:00,62.014059708123504
2026-01-26 05:45:00,67.91715856588128
2026-01-26 05:50:00,63.14487600468889
2026-01-26 05:55:00,57.117440839272795
2026-01-26 06:00:00,62.81578631331545
2026-01-26 06:05:00,60.263931687850025
2026-01-26 06:10:00,63.54324490480711
2026-01-26 06:15:00,66.8367683877121
2026-01-26 06:20:00,62.03123664571167
2026-01-26 06:25:00,62.3326052803186
2026-01-26 06:30:00,64.7319840430454
2026-01-26 06:35:00,68.32385309706244
2026-01-26 06:40:00,66.58165451968931
2026-01-26 06:45:00,59.579897717151425
2026-01-26 06:50:00,63.167816711016705
2026-01-26 06:55:00,63.44805391390564
2026-01-26 07:00:00,40.75423404526608
2026-01-26 07:05:00,40.82568583527506
2026-01-26 07:10:00,26.419171160515717
2026-01-26 07:15:00,37.185367836622795
2026-01-26 07:20:00,32.62351089707629
2026-01-26 07:25:00,42.149809795988034
2026-01-26 07:30:00,40.53621655832108
2026-01-26 07:35:00,33.77101966443533
2026-01-26 07:40:00,39.09033873502377
2026-01-26 07:45:00,31.79072775429077
2026-01-26 07:50:00,43.902623422785176
2026-01-26 07:55:00,39.18419793609289
2026-01-26 08:00:00,29.324770083684385
2026-01-26 08:05:00,31.95845268674829
2026-01-26 08:10:00,30.15818673894754
2026-01-26 08:15:00,44.547995943568615
2026-01-26 08:20:00,33.49304386322425
2026-01-26 08:25:00,39.23674992823131
2026-01-26 08:30:00,32.97118365637287
2026-01-26 08:35:00,41.1448516069277
2026-01-26 08:40:00,43.746825223437455
2026-01-26 08:45:00,33.251674563183734
2026-01-26 08:50:00,31.570071945323654
2026-01-26 08:55:00,36.16483916678113
2026-01-26 09:00:00,23.58458841810716
2026-01-26 09:05:00,44.92220014151739
2026-01-26 09:10:00,31.778433691337014
2026-01-26 09:15:00,38.242631687102964
2026-01-26 09:20:00,34.966861797294676
2026-01-26 09:25:00,27.328229298337114
2026-01-26 09:30:00,42.197429363301495
2026-01-26 09:35:00,37.32547409853013
2026-01-26 09:40:00,41.40140881989301
2026-01-26 09:45:00,34.91052931470281
2026-01-26 09:50:00,43.22680518387041
2026-01-26 09:55:00,38.132785648833604
2026-01-26 10:00:00,57.13668634785843
2026-01-26 10:05:00,62.10830438211669
2026-01-26 10:10:00,58.751945243670264
2026-01-26 10:15:00,51.048087549091164
2026-01-26 10:20:00,47.82984846842318
2026-01-26 10:25:00,61.31549512350856
2026-01-26 10:30:00,52.26221906412155
2026-01-26 10:35:00,57.599156500770555
2026-01-26 10:40:00,51.81855434551395
2026-01-26 10:45:00,61.27817433958274
2026-01-26 10:50:00,54.83051398957693
2026-01-26 10:55:00,54.18356375016347
2026-01-26 11:00:00,52.0580826456984
2026-01-26 11:05:00,64.13458671622094
2026-01-26 11:10:00,63.336518081667435
2026-01-26 11:15:00,56.90290847510479
2026-01-26 11:20:00,58.781117413705225
2026-01-26 11:25:00,50.6511955189238
2026-01-26 11:30:00,51.97615711203621
2026-01-26 11:35:00,55.670908377462794
2026-01-26 11:40:00,52.71294200178569
2026-01-26 11:45:00,59.88445117147159
2026-01-26 11:50:00,57.50432601557414
2026-01-26 11:55:00,54.60207204493524
2026-01-26 12:00:00,56.23256194357432
2026-01-26 12:05:00,55.4410417352045
2026-01-26 12:10:00,52.29407326348501
2026-01-26 12:15:00,60.112811221589816
2026-01-26 12:20:00,59.39659910690452
2026-01-26 12:25:00,57.15447712148219
2026-01-26 12:30:00,59.28021122386388
2026-01-26 12:35:00,48.314916307776684
2026-01-26 12:40:00,50.440636165841525
2026-01-26 12:45:00,51.01845736919502
2026-01-26 12:50:00,55.070045681569724
2026-01-26 12:55:00,55.81704622522563
2026-01-26 13:00:00,52.497625918066134
2026-01-26 13:05:00,53.617779318241645
2026-01-26 13:10:00,52.518502814653985
2026-01-26 13:15:00,58.979061990411466
2026-01-26 13:20:00,54.94998970334106
2026-01-26 13:25:00,49.671013545182845
2026-01-26 13:30:00,47.91888127178428
2026-01-26 13:35:00,45.811130637226086
2026-01-26 13:40:00,51.81274740469838
2026-01-26 13:45:00,54.239733024406085
2026-01-26 13:50:00,55.13727247089406
2026-01-26 13:55:00,56.55661153495766
2026-01-26 14:00:00,57.997042030178044
2026-01-26 14:05:00,57.696994406443146
2026-01-26 14:10:00,54.172247762966784
2026-01-26 14:15:00,54.90983091099766
2026-01-26 14:20:00,40.25062835084994
2026-01-26 14:25:00,53.7576617066567
2026-01-26 14:30:00,58.233104282184826
2026-01-26 14:35:00,62.892339208344
2026-01-26 14:40:00,49.77810652204451
2026-01-26 14:45:00,56.70884638477074
2026-01-26 14:50:00,59.310731238854785
2026-01-26 14:55:00,57.169322449091226
2026-01-26 15:00:00,58.75589362175544
2026-01-26 15:05:00,53.75959340948717
2026-01-26 15:10:00,49.56672690610065
2026-01-26 15:15:00,59.24284099996215
2026-01-26 15:20:00,51.095228013523865
2026-01-26 15:25:00,51.2225009432427
2026-01-26 15:30:00,52.085981376191725
2026-01-26 15:35:00,48.707315170428544
2026-01-26 15:40:00,57.298551446094464
2026-01-26 15:45:00,51.20560707526442
2026-01-26 15:50:00,55.74636293363173
2026-01-26 15:55:00,58.95935017685618
2026-01-26 16:00:00,19.3320287526834
2026-01-26 16:05:00,34.965155721582484
2026-01-26 16:10:00,30.68186252482808
2026-01-26 16:15:00,36.12022464228012
2026-01-26 16:20:00,28.93205833151901
2026-01-26 16:25:00,25.461840422353408
2026-01-26 16:30:00,17.47542597590117
2026-01-26 16:35:00,21.135172112918735
2026-01-26 16:40:00,34.402004519531275
2026-01-26 16:45:00,37.51403019126518
2026-01-26 16:50:00,34.64053472227841
2026-01-26 16:55:00,31.476438749215617
2026-01-26 17:00:00,26.38776811967346
2026-01-26 17:05:00,24.892500573345348
2026-01-26 17:10:00,24.570636151326553
2026-01-26 17:15:00,41.66319742003749
2026-01-26 17:20:00,39.59336603275535
2026-01-26 17:25:00,20.94637860935089
2026-01-26 17:30:00,29.32052529185433
2026-01-26 17:35:00,27.730170567900124
2026-01-26 17:40:00,36.87482426856327
2026-01-26 17:45:00,35.62822404940045
2026-01-26 17:50:00,31.664889727748207
2026-01-26 17:55:00,24.702376227139844
2026-01-26 18:00:00,37.78411220613554
2026-01-26 18:05:00,18.966676893038933
2026-01-26 18:10:00,27.78041214000171
2026-01-26 18:15:00,18.874764965322168
2026-01-26 18:20:00,26.447855702393863
2026-01-26 18:25:00,34.095760315387
2026-01-26 18:30:00,26.618844527888132
2026-01-26 18:35:00,35.83803476969308
2026-01-26 18:40:00,31.698610854281288
2026-01-26 18:45:00,35.23479936135447
2026-01-26 18:50:00,26.71968463737814
2026-01-26 18:55:00,37.11825346640485
2026-01-26 19:00:00,38.53763596917694
2026-01-26 19:05:00,23.487115980162756
2026-01-26 19:10:00,35.138574581394415
2026-01-26 19:15:00,28.649039042669784
2026-01-26 19:20:00,35.38717687786926
2026-01-26 19:25:00,30.824519045088913
2026-01-26 19:30:00,30.27909762412584
2026-01-26 19:35:00,29.51180097580001
2026-01-26 19:40:00,32.535517722897595
2026-01-26 19:45:00,22.764025173419938
2026-01-26 19:50:00,39.78883584461441
2026-01-26 19:55:00,26.21867856845089
2026-01-26 20:00:00,67.91499929545569
2026-01-26 20:05:00,66.14254084401793
2026-01-26 20:10:00,63.32545861672447
2026-01-26 20:15:00,63.30394529606786
2026-01-26 20:20:00,70.84838708503962
2026-01-26 20:25:00,68.35050496047573
2026-01-26 20:30:00,61.212937178914714
2026-01-26 20:35:00,64.90814192338478
2026-01-26 20:40:00,68.93082534681538
2026-01-26 20:45:00,64.94842911707705
2026-01-26 20:50:00,64.02858819623614
2026-01-26 20:55:00,68.22525447350549
2026-01-26 21:00:00,59.251619676769195
2026-01-26 21:05:00,70.91189511378154
2026-01-26 21:10:00,62.48770297389189
2026-01-26 21:15:00,70.64563951427928
2026-01-26 21:20:00,62.78123703740489
2026-01-26 21:25:00,60.8754180352081
2026-01-26 21:30:00,68.77579599581564
2026-01-26 21:35:00,65.1038321131117
2026-01-26 21:40:00,64.10067741233175
2026-01-26 21:45:00,67.48611727263115
2026-01-26 21:50:00,70.05319105243404
2026-01-26 21:55:00,66.49735633153236
2026-01-26 22:00:00,63.1658971040159
2026-01-26 22:05:00,61.16071300736951
2026-01-26 22:10:00,67.70867160495325
2026-01-26 22:15:00,65.19454998107489
2026-01-26 22:20:00,63.38373988327064
2026-01-26 22:25:00,69.00026527870477
2026-01-26 22:30:00,66.16355907522524
2026-01-26 22:35:00,61.75603243785402
2026-01-26 22:40:00,65.23737058948444
2026-01-26 22:45:00,61.14247644317374
2026-01-26 22:50:00,62.93749305380813
2026-01-26 22:55:00,66.6374291986907
2026-01-26 23:00:00,62.20607173203286
2026-01-26 23:05:00,60.81182909083882
2026-01-26 23:10:00,66.18006882079797
2026-01-26 23:15:00,66.89518854829514
2026-01-26 23:20:00,63.817344574743494
2026-01-26 23:25:00,66.85482217219706
2026-01-26 23:30:00,58.82289607989345
2026-01-26 23:35:00,60.517346068340096
2026-01-26 23:40:00,61.53940618103132
2026-01-26 23:45:00,64.53593673595353
2026-01-26 23:50:00,61.86494356686789
2026-01-26 23:55:00,61.83647364523095
2026-01-27 00:00:00,67.70811154488624
2026-01-27 00:05:00,67.14349543965074
2026-01-27 00:10:00,65.27887001329519
2026-01-27 00:15:00,67.20455155359168
2026-01-27 00:20:00,65.75054022312425
2026-01-27 00:25:00,65.60353964691316
2026-01-27 00:30:00,66.75622359897793
2026-01-27 00:35:00,66.4544625007355
2026-01-27 00:40:00,60.62398617696767
2026-01-27 00:45:00,64.31186608879183
2026-01-27 00:50:00,59.695274435070544
2026-01-27 00:55:00,60.113728470384174
2026-01-27 01:00:00,66.17823590078002
2026-01-27 01:05:00,64.94424284425922
2026-01-27 01:10:00,62.54334425303537
2026-01-27 01:15:00,64.44305808477068
2026-01-27 01:20:00,62.47294057370386
2026-01-27 01:25:00,70.82360520414444
2026-01-27 01:30:00,66.10105846927249
2026-01-27 01:35:00,66.50885184638071
2026-01-27 01:40:00,63.06777526433813
2026-01-27 01:45:00,65.57494829571132
2026-01-27 01:50:00,61.238781386873264
2026-01-27 01:55:00,64.04917250530441
2026-01-27 02:00:00,66.86819738835194
2026-01-27 02:05:00,64.5899672889355
2026-01-27 02:10:00,68.70216037411666
2026-01-27 02:15:00,72.2941863695728
2026-01-27 02:20:00,69.1748486878773
2026-01-27 02:25:00,64.37445242905238
2026-01-27 02:30:00,63.30342744065233
2026-01-27 02:35:00,65.18959296205003
2026-01-27 02:40:00,66.01543576253599
2026-01-27 02:45:00,64.5323468129183
2026-01-27 02:50:00,62.82333501422623
2026-01-27 02:55:00,61.76836914789331
2026-01-27 03:00:00,64.03889306278539
2026-01-27 03:05:00,68.27714900192738
2026-01-27 03:10:00,65.26420716495234
2026-01-27 03:15:00,67.24215070814049
2026-01-27 03:20:00,65.1045306689567
2026-01-27 03:25:00,60.04442118294356
2026-01-27 03:30:00,72.42729130370572
2026-01-27 03:35:00,61.86166785965534
2026-01-27 03:40:00,64.67786824549056
2026-01-27 03:45:00,61.14358962916529
2026-01-27 03:50:00,66.41869828864785
2026-01-27 03:55:00,61.369458705797264
2026-01-27 04:00:00,65.11590617642624
2026-01-27 04:05:00,70.49209216933936
2026-01-27 04:10:00,61.99767402861928
2026-01-27 04:15:00,69.10909599478266
2026-01-27 04:20:00,62.58516974847852
2026-01-27 04:25:00,65.13543488842365
2026-01-27 04:30:00,67.47740597473559
2026-01-27 04:35:00,62.124386869941674
2026-01-27 04:40:00,66.68742548572608
2026-01-27 04:45:00,65.36779013513092
2026-01-27 04:50:00,67.18008142422084
2026-01-27 04:55:00,64.47719684512168
2026-01-27 05:00:00,59.17572475614209
2026-01-27 05:05:00,69.31548917127013
2026-01-27 05:10:00,60.973658814281755
2026-01-27 05:15:00,66.52606793134426
2026-01-27 05:20:00,65.81838231024813
2026-01-27 05:25:00,60.92958039748902
2026-01-27 05:30:00,60.90676182960063
2026-01-27 05:35:00,65.09756106570396
2026-01-27 05:40:00,67.63335565038737
2026-01-27 05:45:00,66.78815997460212
2026-01-27 05:50:00,66.46173175734421
2026-01-27 05:55:00,64.37880720243706
2026-01-27 06:00:00,65.33435511120977
2026-01-27 06:05:00,60.051779863479226
2026-01-27 06:10:00,65.60986135406475
2026-01-27 06:15:00,71.7380116590747
2026-01-27 06:20:00,63.0990342449694
2026-01-27 06:25:00,58.8871039025877
2026-01-27 06:30:00,65.31530940969724
2026-01-27 06:35:00,68.18695187805022
2026-01-27 06:40:00,66.8731910230639
2026-01-27 06:45:00,68.73352845914046
2026-01-27 06:50:00,62.5976628979441
2026-01-27 06:55:00,60.04691444096604
2026-01-27 07:00:00,36.080175305344824
2026-01-27 07:05:00,29.257243593989084
2026-01-27 07:10:00,37.169158028898494
2026-01-27 07:15:00,39.24805095543456
2026-01-27 07:20:00,32.8321073257323
2026-01-27 07:25:00,31.553485329037716
2026-01-27 07:30:00,40.97007599560069
2026-01-27 07:35:00,41.060497653409485
2026-01-27 07:40:00,30.46414099497425
2026-01-27 07:45:00,36.475390570663876
2026-01-27 07:50:00,30.071725118203606
2026-01-27 07:55:00,29.187923490486323
2026-01-27 08:00:00,30.21958330042343
2026-01-27 08:05:00,23.318114275693233
2026-01-27 08:10:00,23.63134545425613
2026-01-27 08:15:00,34.636345629902266
2026-01-27 08:20:00,47.976089333347865
2026-01-27 08:25:00,34.91637540756405
2026-01-27 08:30:00,42.19595913961511
2026-01-27 08:35:00,43.63009646667724
2026-01-27 08:40:00,35.330848793330375
2026-01-27 08:45:00,39.873817277191655
2026-01-27 08:50:00,39.18754251539292
2026-01-27 08:55:00,43.41815482590374
2026-01-27 09:00:00,42.8396600849308
2026-01-27 09:05:00,35.47393410009416
2026-01-27 09:10:00,34.11814220005896
2026-01-27 09:15:00,34.700561574406436
2026-01-27 09:20:00,32.95804645439625
2026-01-27 09:25:00,34.66654073897806
2026-01-27 09:30:00,25.417104208286595
2026-01-27 09:35:00,29.665711326743022
2026-01-27 09:40:00,39.049005191747085
2026-01-27 09:45:00,32.02534710042398
2026-01-27 09:50:00,31.79479865934232
2026-01-27 09:55:00,26.749127550593894
2026-01-27 10:00:00,54.33327045857007
2026-01-27 10:05:00,56.16309322489808
2026-01-27 10:10:00,64.1413362951581
2026-01-27 10:15:00,50.60922672686591
2026-01-27 10:20:00,58.702822561449324
2026-01-27 10:25:00,51.29431691220151
2026-01-27 10:30:00,55.81402676627883
2026-01-27 10:35:00,56.476315232184376
2026-01-27 10:40:00,56.65699097345894
2026-01-27 10:45:00,49.69965890242094
2026-01-27 10:50:00,50.476181188993436
2026-01-27 10:55:00,53.23217962848236
2026-01-27 11:00:00,55.67933440233902
2026-01-27 11:05:00,56.25136821335319
2026-01-27 11:10:00,57.03024926278516
2026-01-27 11:15:00,48.01691315795723
2026-01-27 11:20:00,51.39873701987127
2026-01-27 11:25:00,50.42021247696511
2026-01-27 11:30:00,51.15078744683235
2026-01-27 11:35:00,61.55425364488917
2026-01-27 11:40:00,52.38571318833443
2026-01-27 11:45:00,51.86507105302377
2026-01-27 11:50:00,48.91260260739543
2026-01-27 11:55:00,51.02099749750152
2026-01-27 12:00:00,50.55023424931796
2026-01-27 12:05:00,53.1608775519035
2026-01-27 12:10:00,44.606479018356985
2026-01-27 12:15:00,56.67205374853481
2026-01-27 12:20:00,54.99563131556818
2026-01-27 12:25:00,53.69372949683737
2026-01-27 12:30:00,48.54527123881289
2026-01-27 12:35:00,58.53217770130259
2026-01-27 12:40:00,57.318151001754536
2026-01-27 12:45:00,54.52009229664259
2026-01-27 12:50:00,54.008328359320295
2026-01-27 12:55:00,56.758700473199795
2026-01-27 13:00:00,55.678795183541155
2026-01-27 13:05:00,57.686252761184114
2026-01-27 13:10:00,55.1022238559828
2026-01-27 13:15:00,52.79317557649556
2026-01-27 13:20:00,49.006317270038224
2026-01-27 13:25:00,53.220021787035854
2026-01-27 13:30:00,56.07937690586714
2026-01-27 13:35:00,51.59439327035685
2026-01-27 13:40:00,47.92724826999782
2026-01-27 13:45:00,61.04595496238406
2026-01-27 13:50:00,57.24321680461245
2026-01-27 13:55:00,58.10539433368474
2026-01-27 14:00:00,57.80061275857363
2026-01-27 14:05:00,48.67490563956886
2026-01-27 14:10:00,63.51970702816643
2026-01-27 14:15:00,59.618961726285534
2026-01-27 14:20:00,55.26373484582672
2026-01-27 14:25:00,58.231312811674556
2026-01-27 14:30:00,47.3143200965019
2026-01-27 14:35:00,58.862320335096804
2026-01-27 14:40:00,57.20851093656928
2026-01-27 14:45:00,58.962855627013894
2026-01-27 14:50:00,56.225854621151434
2026-01-27 14:55:00,52.17325451744949
2026-01-27 15:00:00,54.35229646178975
2026-01-27 15:05:00,52.59103707879619
2026-01-27 15:10:00,60.636744927723186
2026-01-27 15:15:00,61.354984102015855
2026-01-27 15:20:00,50.534822934660454
2026-01-27 15:25:00,56.16817060853718
2026-01-27 15:30:00,56.66706294877138
2026-01-27 15:35:00,55.58468755604797
2026-01-27 15:40:00,57.79150654665367
2026-01-27 15:45:00,54.00069850450106
2026-01-27 15:50:00,54.114550210265634
2026-01-27 15:55:00,49.45515004374348
2026-01-27 16:00:00,30.250699346717774
2026-01-27 16:05:00,24.258021954965923
2026-01-27 16:10:00,27.464036146846244
2026-01-27 16:15:00,27.6763370299084
2026-01-27 16:20:00,31.87690890678185
2026-01-27 16:25:00,27.317111992033656
2026-01-27 16:30:00,24.249327453600415
2026-01-27 16:35:00,30.88055116372278
2026-01-27 16:40:00,32.55380782772523
2026-01-27 16:45:00,26.988185002837394
2026-01-27 16:50:00,33.640475540271815
2026-01-27 16:55:00,34.80231518534749
2026-01-27 17:00:00,24.158279249102254
2026-01-27 17:05:00,35.05321395884484
2026-01-27 17:10:00,31.052493957284856
2026-01-27 17:15:00,36.03119490106336
2026-01-27 17:20:00,38.79352860636728
2026-01-27 17:25:00,23.95954062837334
2026-01-27 17:30:00,20.242906032171284
2026-01-27 17:35:00,36.757113669149355
2026-01-27 17:40:00,29.889792864055625
2026-01-27 17:45:00,30.136862657565505
2026-01-27 17:50:00,29.468368045963373
2026-01-27 17:55:00,23.45865866237513
2026-01-27 18:00:00,35.8881871436572
2026-01-27 18:05:00,35.2851089936116
2026-01-27 18:10:00,22.51419872240504
2026-01-27 18:15:00,23.69786368528874
2026-01-27 18:20:00,28.987371555572373
2026-01-27 18:25:00,35.61237124552241
2026-01-27 18:30:00,25.250047849393845
2026-01-27 18:35:00,23.431650337915617
2026-01-27 18:40:00,30.366063630435846
2026-01-27 18:45:00,38.10609599146252
2026-01-27 18:50:00,28.646963890312414
2026-01-27 18:55:00,21.047642323621304
2026-01-27 19:00:00,31.715466880887394
2026-01-27 19:05:00,41.409144926890214
2026-01-27 19:10:00,32.95053867649892
2026-01-27 19:15:00,24.12389636881668
2026-01-27 19:20:00,22.894743326106905
2026-01-27 19:25:00,41.93780433063518
2026-01-27 19:30:00,41.13506766060273
2026-01-27 19:35:00,23.010503129088548
2026-01-27 19:40:00,23.774601124954646
2026-01-27 19:45:00,21.25703675174697
2026-01-27 19:50:00,19.023390577801326
2026-01-27 19:55:00,23.64175397357065
2026-01-27 20:00:00,65.5024105239684
2026-01-27 20:05:00,62.31832209673248
2026-01-27 20:10:00,64.71717010121328
2026-01-27 20:15:00,62.33585563962961
2026-01-27 20:20:00,65.91677472065294
2026-01-27 20:25:00,71.84172200907157
2026-01-27 20:30:00,67.1869372705223
2026-01-27 20:35:00,63.65898506781514
2026-01-27 20:40:00,64.27008358038167
2026-01-27 20:45:00,60.72673142750295
2026-01-27 20:50:00,68.38082093097447
2026-01-27 20:55:00,65.66828312230396
2026-01-27 21:00:00,60.83238284203461
2026-01-27 21:05:00,67.36135508741108
2026-01-27 21:10:00,65.8021683415642
2026-01-27 21:15:00,66.63982712296169
2026-01-27 21:20:00,65.59446644348743
2026-01-27 21:25:00,62.60888977465642
2026-01-27 21:30:00,65.55887452269945
2026-01-27 21:35:00,67.21464543888808
2026-01-27 21:40:00,65.22980953776995
2026-01-27 21:45:00,60.62202866182624
2026-01-27 21:50:00,69.4214916048382
2026-01-27 21:55:00,69.16934679514075
2026-01-27 22:00:00,65.84532609964927
2026-01-27 22:05:00,69.99914218008975
2026-01-27 22:10:00,68.83319845726948
2026-01-27 22:15:00,68.85543589981252
2026-01-27 22:20:00,66.99223190970902
2026-01-27 22:25:00,67.00832636501922
2026-01-27 22:30:00,69.40626531349889
2026-01-27 22:35:00,63.75769471737065
2026-01-27 22:40:00,65.34649842785312
2026-01-27 22:45:00,68.56384840458995
2026-01-27 22:50:00,65.19724440906151
2026-01-27 22:55:00,64.98532776732613
2026-01-27 23:00:00,65.26455947731337
2026-01-27 23:05:00,63.108836020868694
2026-01-27 23:10:00,72.80261610081459
2026-01-27 23:15:00,66.23936015515025
2026-01-27 23:20:00,64.02455370738255
2026-01-27 23:25:00,62.82937825009904
2026-01-27 23:30:00,65.16937635086917
2026-01-27 23:35:00,68.962766828723
2026-01-27 23:40:00,65.63130931674154
2026-01-27 23:45:00,65.07933665841641
2026-01-27 23:50:00,63.18195908084194
2026-01-27 23:55:00,69.78477297455947
2026-01-28 00:00:00,66.75216675494411
2026-01-28 00:05:00,68.09015009749218
2026-01-28 00:10:00,62.86099728100299
2026-01-28 00:15:00,63.375460695547424
2026-01-28 00:20:00,66.86164320454405
2026-01-28 00:25:00,65.2247349454484
2026-01-28 00:30:00,64.83005799947388
2026-01-28 00:35:00,59.484763173499424
2026-01-28 00:40:00,57.18340989262503
2026-01-28 00:45:00,65.41756599195446
2026-01-28 00:50:00,62.717894645719205
2026-01-28 00:55:00,67.51499796283787
2026-01-28 01:00:00,66.61921544580413
2026-01-28 01:05:00,69.7857089544826
2026-01-28 01:10:00,60.78339369709417
2026-01-28 01:15:00,65.24192502959175
2026-01-28 01:20:00,64.57429538521983
2026-01-28 01:25:00,66.29637336342718
2026-01-28 01:30:00,64.65292704878841
2026-01-28 01:35:00,70.13955164079262
2026-01-28 01:40:00,62.6008788337335
2026-01-28 01:45:00,60.20277586722351
2026-01-28 01:50:00,68.81734186734504
2026-01-28 01:55:00,61.943648426473125
2026-01-28 02:00:00,71.55061746365905
2026-01-28 02:05:00,60.54903541755663
2026-01-28 02:10:00,59.138902673948266
2026-01-28 02:15:00,65.76592477009558
2026-01-28 02:20:00,63.49758036822911
2026-01-28 02:25:00,72.8891990340389
2026-01-28 02:30:00,65.73649306424231
2026-01-28 02:35:00,66.0661957139543
2026-01-28 02:40:00,60.91080159312137
2026-01-28 02:45:00,63.79377551988369
2026-01-28 02:50:00,64.30992366471423
2026-01-28 02:55:00,67.08362691959172
2026-01-28 03:00:00,64.91109520146156
2026-01-28 03:05:00,69.8041392256962
2026-01-28 03:10:00,64.83029078446116
2026-01-28 03:15:00,64.68298033352498
2026-01-28 03:20:00,64.68420350788071
2026-01-28 03:25:00,63.60092472675776
2026-01-28 03:30:00,65.7091961475293
2026-01-28 03:35:00,66.29709097726469
2026-01-28 03:40:00,65.50898022863164
2026-01-28 03:45:00,62.05399897833506
2026-01-28 03:50:00,66.03675314204769
2026-01-28 03:55:00,61.95875899443938
2026-01-28 04:00:00,71.99541370492595
2026-01-28 04:05:00,59.56001398464239
2026-01-28 04:10:00,58.75871111991124
2026-01-28 04:15:00,69.13698525975984
2026-01-28 04:20:00,62.495688906924805
2026-01-28 04:25:00,65.11204143136425
2026-01-28 04:30:00,67.95773141231489
2026-01-28 04:35:00,63.691133593093944
2026-01-28 04:40:00,63.86796908060544
2026-01-28 04:45:00,66.84912971420157
2026-01-28 04:50:00,60.99023076791552
2026-01-28 04:55:00,68.58995601715178
2026-01-28 05:00:00,65.45561235030252
2026-01-28 05:05:00,64.4957725539631
2026-01-28 05:10:00,63.34286228695447
2026-01-28 05:15:00,62.92756119842166
2026-01-28 05:20:00,67.09462050412235
2026-01-28 05:25:00,69.26671753125946
2026-01-28 05:30:00,68.0373874929873
2026-01-28 05:35:00,60.227770501825255
2026-01-28 05:40:00,64.0817391491104
2026-01-28 05:45:00,62.336721843689865
2026-01-28 05:50:00,68.68456587672074
2026-01-28 05:55:00,67.90465815201982
2026-01-28 06:00:00,62.94499630768844
2026-01-28 06:05:00,59.99463293851006
2026-01-28 06:10:00,66.5594680493033
2026-01-28 06:15:00,64.15983109298531
2026-01-28 06:20:00,66.18901093656609
2026-01-28 06:25:00,60.709860645828286
2026-01-28 06:30:00,66.50304140104983
2026-01-28 06:35:00,62.4319807586772
2026-01-28 06:40:00,65.12930681882276
2026-01-28 06:45:00,68.4981392020426
2026-01-28 06:50:00,63.942190311231734
2026-01-28 06:55:00,66.22892710850384
2026-01-28 07:00:00,27.440406401375064
2026-01-28 07:05:00,34.021684836481754
2026-01-28 07:10:00,47.73652827323984
2026-01-28 07:15:00,23.33628646969698
2026-01-28 07:20:00,31.90495544113508
2026-01-28 07:25:00,48.84379451008935
2026-01-28 07:30:00,43.822584044659976
2026-01-28 07:35:00,43.800223698826755
2026-01-28 07:40:00,39.38907254848946
2026-01-28 07:45:00,24.763933227917786
2026-01-28 07:50:00,38.84074383027929
2026-01-28 07:55:00,41.50338357485969
2026-01-28 08:00:00,50.50120727868031
2026-01-28 08:05:00,25.730432579421084
2026-01-28 08:10:00,27.33561924388464
2026-01-28 08:15:00,28.936780967763607
2026-01-28 08:20:00,29.729191229043664
2026-01-28 08:25:00,36.37103532797718
2026-01-28 08:30:00,41.537689931434755
2026-01-28 08:35:00,32.85117909967778
2026-01-28 08:40:00,45.35584538609989
2026-01-28 08:45:00,24.32444456207535
2026-01-28 08:50:00,29.054953369902307
2026-01-28 08:55:00,35.6199410102246
2026-01-28 09:00:00,29.27814425848317
2026-01-28 09:05:00,28.09731748217067
2026-01-28 09:10:00,33.60444273042903
2026-01-28 09:15:00,46.71910749269841
2026-01-28 09:20:00,27.907180711292906
2026-01-28 09:25:00,35.44811873569067
2026-01-28 09:30:00,26.703725879811383
2026-01-28 09:35:00,43.476696877129505
2026-01-28 09:40:00,31.827523505409605
2026-01-28 09:45:00,41.861945895438495
2026-01-28 09:50:00,44.052382810531114
2026-01-28 09:55:00,29.013309381880816
2026-01-28 10:00:00,58.85091545336145
2026-01-28 10:05:00,54.2728349005215
2026-01-28 10:10:00,58.999526353196124
2026-01-28 10:15:00,54.34107093450035
2026-01-28 10:20:00,49.857304644784676
2026-01-28 10:25:00,49.99730443463436
2026-01-28 10:30:00,63.72658680471815
2026-01-28 10:35:00,55.38115681210005
2026-01-28 10:40:00,46.96311880487422
2026-01-28 10:45:00,57.63798722377094
2026-01-28 10:50:00,55.74731492360035
2026-01-28 10:55:00,58.91446418188002
2026-01-28 11:00:00,53.40739972721909
2026-01-28 11:05:00,56.815739572050816
2026-01-28 11:10:00,57.91663407566399
2026-01-28 11:15:00,60.320926323544924
2026-01-28 11:20:00,52.083373498728754
2026-01-28 11:25:00,49.945067546377494
2026-01-28 11:30:00,61.997933338644806
2026-01-28 11:35:00,58.28727522577495
2026-01-28 11:40:00,59.27682885698929
2026-01-28 11:45:00,55.1459513743747
2026-01-28 11:50:00,59.71478731254056
2026-01-28 11:55:00,47.49144878514783
2026-01-28 12:00:00,49.582685305840144
2026-01-28 12:05:00,47.8279465234108
2026-01-28 12:10:00,55.33792831850901
2026-01-28 12:15:00,57.37044387913067
2026-01-28 12:20:00,52.336469931173
2026-01-28 12:25:00,48.09043721415152
2026-01-28 12:30:00,56.036310904498
2026-01-28 12:35:00,60.99245687778608
2026-01-28 12:40:00,50.39422216466331
2026-01-28 12:45:00,54.08868765872601
2026-01-28 12:50:00,57.65219641623862
2026-01-28 12:55:00,55.39247574013573
2026-01-28 13:00:00,53.18462962870878
2026-01-28 13:05:00,51.25798337128934
2026-01-28 13:10:00,56.310537353020884
2026-01-28 13:15:00,55.34009180832391
2026-01-28 13:20:00,47.65666289972954
2026-01-28 13:25:00,51.908070880465026
2026-01-28 13:30:00,54.30907113174459
2026-01-28 13:35:00,59.28980774256938
2026-01-28 13:40:00,53.076055446966805
2026-01-28 13:45:00,56.15309731046154
2026-01-28 13:50:00,52.88057110742111
2026-01-28 13:55:00,52.258533548121264
2026-01-28 14:00:00,51.61516515581932
2026-01-28 14:05:00,51.33874995069943
2026-01-28 14:10:00,58.32347195208255
2026-01-28 14:15:00,57.03088027186814
2026-01-28 14:20:00,52.973602357653355
2026-01-28 14:25:00,52.994473258150954
2026-01-28 14:30:00,57.648171799693415
2026-01-28 14:35:00,58.743915824854014
2026-01-28 14:40:00,47.212709547465394
2026-01-28 14:45:00,54.191476657371375
2026-01-28 14:50:00,50.55775816200682
2026-01-28 14:55:00,52.36099008337678
2026-01-28 15:00:00,59.08306133283657
2026-01-28 15:05:00,50.76027747801989
2026-01-28 15:10:00,52.39874934576161
2026-01-28 15:15:00,49.04053907348852
2026-01-28 15:20:00,51.78141946109723
2026-01-28 15:25:00,60.68879947269506
2026-01-28 15:30:00,61.72598652208532
2026-01-28 15:35:00,58.99903677774438
2026-01-28 15:40:00,53.20109769528268
2026-01-28 15:45:00,55.22219309774898
2026-01-28 15:50:00,58.8914383079329
2026-01-28 15:55:00,42.9954435998024
2026-01-28 16:00:00,29.83370794759329
2026-01-28 16:05:00,23.93113046782645
2026-01-28 16:10:00,38.33604839521733
2026-01-28 16:15:00,19.474344461676687
2026-01-28 16:20:00,33.20190995818528
2026-01-28 16:25:00,32.33526265793236
2026-01-28 16:30:00,27.276037589416234
2026-01-28 16:35:00,20.500781709661744
2026-01-28 16:40:00,19.400464548862097
2026-01-28 16:45:00,25.79774213053521
2026-01-28 16:50:00,26.208305618125213
2026-01-28 16:55:00,24.047438664579193
2026-01-28 17:00:00,37.35748105273025
2026-01-28 17:05:00,34.11984031253192
2026-01-28 17:10:00,20.122115517696646
2026-01-28 17:15:00,40.56247091511484
2026-01-28 17:20:00,36.8019098443846
2026-01-28 17:25:00,24.87785217018942
2026-01-28 17:30:00,25.974624679851335
2026-01-28 17:35:00,30.950662065122295
2026-01-28 17:40:00,26.127547467030084
2026-01-28 17:45:00,24.44098424481996
2026-01-28 17:50:00,34.68767363252515
2026-01-28 17:55:00,31.97447032091923
2026-01-28 18:00:00,31.257709672079294
2026-01-28 18:05:00,27.305667866456712
2026-01-28 18:10:00,29.501945232387982
2026-01-28 18:15:00,21.762512930271917
2026-01-28 18:20:00,29.579327390012153
2026-01-28 18:25:00,31.901549840280758
2026-01-28 18:30:00,29.739938131028154
2026-01-28 18:35:00,33.30047938602659
2026-01-28 18:40:00,34.393784064303475
2026-01-28 18:45:00,17.423689220757606
2026-01-28 18:50:00,29.37927214653206
2026-01-28 18:55:00,27.65738120725108
2026-01-28 19:00:00,25.873291959714052
2026-01-28 19:05:00,27.686258794648896
2026-01-28 19:10:00,39.70992335320614
2026-01-28 19:15:00,29.94573107700475
2026-01-28 19:20:00,32.762423065561045
2026-01-28 19:25:00,30.558148104792025
2026-01-28 19:30:00,27.486582646007328
2026-01-28 19:35:00,30.876968285215924
2026-01-28 19:40:00,42.07924050181255
2026-01-28 19:45:00,27.477320241114427
2026-01-28 19:50:00,29.405842223020365
2026-01-28 19:55:00,22.537005979297717
2026-01-28 20:00:00,67.81793859594819
2026-01-28 20:05:00,64.02553986177365
2026-01-28 20:10:00,63.154830040422674
2026-01-28 20:15:00,66.55271956621289
2026-01-28 20:20:00,63.91569829323334
2026-01-28 20:25:00,65.58280250864209
2026-01-28 20:30:00,64.89854143432083
2026-01-28 20:35:00,67.81000920540878
2026-01-28 20:40:00,65.8207702517142
2026-01-28 20:45:00,66.95757969237097
2026-01-28 20:50:00,65.23665964895852
2026-01-28 20:55:00,68.51111914437676
2026-01-28 21:00:00,67.03088252087342
2026-01-28 21:05:00,65.20095148074952
2026-01-28 21:10:00,65.7775021154178
2026-01-28 21:15:00,61.72689592520814
2026-01-28 21:20:00,66.05881729034171
2026-01-28 21:25:00,69.5192062776611
2026-01-28 21:30:00,64.62596765676686
2026-01-28 21:35:00,68.99665960127956
2026-01-28 21:40:00,63.659023144058956
2026-01-28 21:45:00,62.7404682194442
2026-01-28 21:50:00,58.0821306850812
2026-01-28 21:55:00,67.62828947154732
2026-01-28 22:00:00,64.18024985817661
2026-01-28 22:05:00,68.24780546700512
2026-01-28 22:10:00,61.269297658217596
2026-01-28 22:15:00,62.949698020692495
2026-01-28 22:20:00,64.54005372474097
2026-01-28 22:25:00,65.82618600771379
2026-01-28 22:30:00,61.54553435628175
2026-01-28 22:35:00,66.80621385611683
2026-01-28 22:40:00,60.304115761446226
2026-01-28 22:45:00,65.67528990874764
2026-01-28 22:50:00,64.08410606500826
2026-01-28 22:55:00,66.81665743644434
2026-01-28 23:00:00,62.23124237383965
2026-01-28 23:05:00,68.40944715824469
2026-01-28 23:10:00,60.48478354728034
2026-01-28 23:15:00,68.3599278300971
2026-01-28 23:20:00,63.88208573128346
2026-01-28 23:25:00,65.1729925942911
2026-01-28 23:30:00,65.69998878053202
2026-01-28 23:35:00,70.22824870389901
2026-01-28 23:40:00,60.95835419785531
2026-01-28 23:45:00,70.48177642405776
2026-01-28 23:50:00,64.00007675091928
2026-01-28 23:55:00,65.76021720326955
2026-01-29 00:00:00,70.69091330795803
2026-01-29 00:05:00,64.85310984817426
2026-01-29 00:10:00,60.83309782951732
2026-01-29 00:15:00,67.13335305897171
2026-01-29 00:20:00,57.21058982828329
2026-01-29 00:25:00,63.720350940601
2026-01-29 00:30:00,61.64310953421157
2026-01-29 00:35:00,65.87354231778238
2026-01-29 00:40:00,65.51748530124368
2026-01-29 00:45:00,65.03855244490241
2026-01-29 00:50:00,67.23763910938204
2026-01-29 00:55:00,65.9897799002072
2026-01-29 01:00:00,62.81503003986369
2026-01-29 01:05:00,66.79165879664224
2026-01-29 01:10:00,66.84383815209974
2026-01-29 01:15:00,62.30487339671085
2026-01-29 01:20:00,64.9863826200593
2026-01-29 01:25:00,64.662000761187
2026-01-29 01:30:00,62.80485356036917
2026-01-29 01:35:00,56.85544955787101
2026-01-29 01:40:00,63.27169716822353
2026-01-29 01:45:00,62.917836467928396
2026-01-29 01:50:00,65.2544669492262
2026-01-29 01:55:00,69.09912507876184
2026-01-29 02:00:00,66.75522425852358
2026-01-29 02:05:00,64.18424956824423
2026-01-29 02:10:00,64.5855228971471
2026-01-29 02:15:00,67.67607763160449
2026-01-29 02:20:00,64.41344960403032
2026-01-29 02:25:00,58.103404794555715
2026-01-29 02:30:00,64.65284312581566
2026-01-29 02:35:00,69.4947297968616
2026-01-29 02:40:00,64.60330100557556
2026-01-29 02:45:00,67.22055383487279
2026-01-29 02:50:00,68.87678535281691
2026-01-29 02:55:00,69.02905235281906
2026-01-29 03:00:00,66.77808598915365
2026-01-29 03:05:00,63.512481545708
2026-01-29 03:10:00,63.13314393910537
2026-01-29 03:15:00,64.12739541291957
2026-01-29 03:20:00,68.91044455277073
2026-01-29 03:25:00,66.53550389232423
2026-01-29 03:30:00,63.323872000955774
2026-01-29 03:35:00,64.37127234559043
2026-01-29 03:40:00,65.43907562694974
2026-01-29 03:45:00,67.8147936518387
2026-01-29 03:50:00,63.38400167384409
2026-01-29 03:55:00,69.6370226669445
2026-01-29 04:00:00,63.991498422224936
2026-01-29 04:05:00,60.43527019841355
2026-01-29 04:10:00,58.75568103372728
2026-01-29 04:15:00,60.44638997815167
2026-01-29 04:20:00,60.20621208315528
2026-01-29 04:25:00,67.51342957144195
2026-01-29 04:30:00,64.33504903022043
2026-01-29 04:35:00,65.92230290028547
2026-01-29 04:40:00,61.92622110325205
2026-01-29 04:45:00,65.45264681986937
2026-01-29 04:50:00,66.86601236908282
2026-01-29 04:55:00,65.8107491666865
2026-01-29 05:00:00,62.16232503715778
2026-01-29 05:05:00,61.04118966973231
2026-01-29 05:10:00,63.72868617256644
2026-01-29 05:15:00,63.52125787964025
2026-01-29 05:20:00,61.53483642500909
2026-01-29 05:25:00,65.35056297412982
2026-01-29 05:30:00,67.16354800945729
2026-01-29 05:35:00,65.20049981812284
2026-01-29 05:40:00,63.82266246899056
2026-01-29 05:45:00,65.15640053309102
2026-01-29 05:50:00,63.313163020711514
2026-01-29 05:55:00,67.19763891205189
2026-01-29 06:00:00,66.94435211926847
2026-01-29 06:05:00,70.80264096537913
2026-01-29 06:10:00,72.51919995772624
2026-01-29 06:15:00,61.648025739407366
2026-01-29 06:20:00,68.09831751763895
2026-01-29 06:25:00,64.91940192059391
2026-01-29 06:30:00,59.097871991462824
2026-01-29 06:35:00,68.67441374776557
2026-01-29 06:40:00,63.179941373163146
2026-01-29 06:45:00,66.96555531798954
2026-01-29 06:50:00,68.52248898136568
2026-01-29 06:55:00,60.93059681682589
2026-01-29 07:00:00,37.348842731074726
2026-01-29 07:05:00,27.397427402642275
2026-01-29 07:10:00,31.32880955033472
2026-01-29 07:15:00,35.333292674122895
2026-01-29 07:20:00,22.815982768667453
2026-01-29 07:25:00,33.22658859384384
2026-01-29 07:30:00,33.757841743056254
2026-01-29 07:35:00,39.334252621397134
2026-01-29 07:40:00,37.44249079325443
2026-01-29 07:45:00,27.712819086032134
2026-01-29 07:50:00,33.53571520564098
2026-01-29 07:55:00,36.00298180170433
2026-01-29 08:00:00,42.28597707022732
2026-01-29 08:05:00,32.64276164457774
2026-01-29 08:10:00,31.43062485352214
2026-01-29 08:15:00,32.04849092958503
2026-01-29 08:20:00,33.49735621727085
2026-01-29 08:25:00,30.84221936090894
2026-01-29 08:30:00,36.58779303782438
2026-01-29 08:35:00,23.17811545740327
2026-01-29 08:40:00,30.168878273655643
2026-01-29 08:45:00,43.159490152325866
2026-01-29 08:50:00,37.156000917336726
2026-01-29 08:55:00,42.40515253151516
2026-01-29 09:00:00,42.70486777570151
2026-01-29 09:05:00,22.601887943741964
2026-01-29 09:10:00,41.82826518722573
2026-01-29 09:15:00,41.50137265074002
2026-01-29 09:20:00,27.766179535392627
2026-01-29 09:25:00,35.9127484672703
2026-01-29 09:30:00,37.02341471175319
2026-01-29 09:35:00,34.535251455748075
2026-01-29 09:40:00,25.899207451039707
2026-01-29 09:45:00,37.66298518888402
2026-01-29 09:50:00,48.658305824345796
2026-01-29 09:55:00,23.046879434134638
2026-01-29 10:00:00,60.26906048109897
2026-01-29 10:05:00,54.04789264898685
2026-01-29 10:10:00,61.69782032282001
2026-01-29 10:15:00,60.1939513634162
2026-01-29 10:20:00,57.000339379398675
2026-01-29 10:25:00,55.92629119471945
2026-01-29 10:30:00,56.95363561458368
2026-01-29 10:35:00,54.065309064694304
2026-01-29 10:40:00,59.13733642912162
2026-01-29 10:45:00,57.37488141174971
2026-01-29 10:50:00,52.5156275756191
2026-01-29 10:55:00,59.78007432025147
2026-01-29 11:00:00,57.17940699153867
2026-01-29 11:05:00,56.148625525853845
2026-01-29 11:10:00,57.42175521844185
2026-01-29 11:15:00,59.3500560745094
2026-01-29 11:20:00,58.51489967516488
2026-01-29 11:25:00,51.07413258384816
2026-01-29 11:30:00,52.17674509514747
2026-01-29 11:35:00,52.888342021710955
2026-01-29 11:40:00,58.21025943871137
2026-01-29 11:45:00,54.502035524537085
2026-01-29 11:50:00,54.6802821627339
2026-01-29 11:55:00,55.935578640721296
2026-01-29 12:00:00,59.51063197459099
2026-01-29 12:05:00,51.67156971030289
2026-01-29 12:10:00,55.819118556472766
2026-01-29 12:15:00,48.93342883146794
2026-01-29 12:20:00,58.06772693996796
2026-01-29 12:25:00,50.08299854193867
2026-01-29 12:30:00,57.19167004436503
2026-01-29 12:35:00,48.45796401137193
2026-01-29 12:40:00,48.08355387938098
2026-01-29 12:45:00,55.03364928150423
2026-01-29 12:50:00,50.70321571893965
2026-01-29 12:55:00,51.0644528196391
2026-01-29 13:00:00,52.850500720942236
2026-01-29 13:05:00,55.52307053097223
2026-01-29 13:10:00,51.552858450804074
2026-01-29 13:15:00,56.53539632204225
2026-01-29 13:20:00,58.331001595504965
2026-01-29 13:25:00,59.823903790226126
2026-01-29 13:30:00,54.785033533472706
2026-01-29 13:35:00,54.98703915018273
2026-01-29 13:40:00,57.04642170474804
2026-01-29 13:45:00,59.43420587955242
2026-01-29 13:50:00,59.006358090762895
2026-01-29 13:55:00,54.06732932985723
2026-01-29 14:00:00,53.77254745701832
2026-01-29 14:05:00,57.37989176910609
2026-01-29 14:10:00,56.13951381800866
2026-01-29 14:15:00,52.34053894435387
2026-01-29 14:20:00,59.37924977665131
2026-01-29 14:25:00,55.607546091960295
2026-01-29 14:30:00,53.30270491479441
2026-01-29 14:35:00,56.5001784966987
2026-01-29 14:40:00,52.52687885543225
2026-01-29 14:45:00,54.43575652252193
2026-01-29 14:50:00,55.61324887054701
2026-01-29 14:55:00,53.92084478459702
2026-01-29 15:00:00,55.516539797242785
2026-01-29 15:05:00,56.35495618908259
2026-01-29 15:10:00,57.11134464951856
2026-01-29 15:15:00,53.08293635502236
2026-01-29 15:20:00,59.93106487332378
2026-01-29 15:25:00,53.76583938272891
2026-01-29 15:30:00,61.15118643885043
2026-01-29 15:35:00,51.57476638190264
2026-01-29 15:40:00,60.007555222716555
2026-01-29 15:45:00,56.39037732713444
2026-01-29 15:50:00,58.92414363607687
2026-01-29 15:55:00,57.7380171319912
2026-01-29 16:00:00,31.02663620965094
2026-01-29 16:05:00,25.7317881975485
2026-01-29 16:10:00,21.54412609988473
2026-01-29 16:15:00,27.565745261070912
2026-01-29 16:20:00,26.82151807222978
2026-01-29 16:25:00,28.474125927078916
2026-01-29 16:30:00,29.510366902908697
2026-01-29 16:35:00,30.249982947652136
2026-01-29 16:40:00,26.385197915735205
2026-01-29 16:45:00,33.465131026289356
2026-01-29 16:50:00,34.78828025318836
2026-01-29 16:55:00,31.688248970495486
2026-01-29 17:00:00,37.06400609577154
2026-01-29 17:05:00,37.97866491599828
2026-01-29 17:10:00,41.11096593076991
2026-01-29 17:15:00,33.99306496684054
2026-01-29 17:20:00,21.71269864652261
2026-01-29 17:25:00,38.97343040943848
2026-01-29 17:30:00,17.97745102283613
2026-01-29 17:35:00,37.33392698773126
2026-01-29 17:40:00,23.856586889648813
2026-01-29 17:45:00,18.603948547347553
2026-01-29 17:50:00,31.959329594118966
2026-01-29 17:55:00,30.016279197945757
2026-01-29 18:00:00,17.913039944264742
2026-01-29 18:05:00,30.379010321562916
2026-01-29 18:10:00,17.475307860502653
2026-01-29 18:15:00,25.281720631250543
2026-01-29 18:20:00,21.409892979114886
2026-01-29 18:25:00,28.1281616872135
2026-01-29 18:30:00,25.20818862570087
2026-01-29 18:35:00,29.70022562103891
2026-01-29 18:40:00,22.40422889831103
2026-01-29 18:45:00,31.811623056148612
2026-01-29 18:50:00,27.684275209215787
2026-01-29 18:55:00,34.73605727384157
2026-01-29 19:00:00,31.86846261901344
2026-01-29 19:05:00,25.585496006037634
2026-01-29 19:10:00,25.597088808550172
2026-01-29 19:15:00,32.12943049592396
2026-01-29 19:20:00,21.546003422991497
2026-01-29 19:25:00,36.76919453032152
2026-01-29 19:30:00,38.1994787030801
2026-01-29 19:35:00,30.360490482012935
2026-01-29 19:40:00,36.05506496018287
2026-01-29 19:45:00,26.544033469840375
2026-01-29 19:50:00,36.688843656160635
2026-01-29 19:55:00,36.72896711697247
2026-01-29 20:00:00,70.93115641881589
2026-01-29 20:05:00,62.461971134951646
2026-01-29 20:10:00,62.83277613106284
2026-01-29 20:15:00,63.13067118832936
2026-01-29 20:20:00,62.81188543160792
2026-01-29 20:25:00,60.65239039798836
2026-01-29 20:30:00,59.92778729578879
2026-01-29 20:35:00,67.9599903853108
2026-01-29 20:40:00,66.30519336920545
2026-01-29 20:45:00,65.82217653752531
2026-01-29 20:50:00,60.207176941276586
2026-01-29 20:55:00,63.787576837315
2026-01-29 21:00:00,68.56647066782516
2026-01-29 21:05:00,61.590937562160086
2026-01-29 21:10:00,64.88192524759704
2026-01-29 21:15:00,66.24732618225374
2026-01-29 21:20:00,63.85601876692924
2026-01-29 21:25:00,64.6821728109051
2026-01-29 21:30:00,68.76918689923883
2026-01-29 21:35:00,64.7601077642633
2026-01-29 21:40:00,66.15393973047242
2026-01-29 21:45:00,65.41055939844196
2026-01-29 21:50:00,63.456959604809306
2026-01-29 21:55:00,66.92056115190346
2026-01-29 22:00:00,64.5687364931486
2026-01-29 22:05:00,62.87709468786526
2026-01-29 22:10:00,69.98072048661294
2026-01-29 22:15:00,65.48715142035041
2026-01-29 22:20:00,63.730058621922225
2026-01-29 22:25:00,67.56720016650023
2026-01-29 22:30:00,67.04284200851042
2026-01-29 22:35:00,67.5865964288823
2026-01-29 22:40:00,63.58757914148876
2026-01-29 22:45:00,63.910054579185676
2026-01-29 22:50:00,63.037847337070765
2026-01-29 22:55:00,64.71902242521044
2026-01-29 23:00:00,63.372159809965325
2026-01-29 23:05:00,66.63296306366865
2026-01-29 23:10:00,67.12951991211898
2026-01-29 23:15:00,65.56656374332591
2026-01-29 23:20:00,68.75349825115083
2026-01-29 23:25:00,61.792414470225665
2026-01-29 23:30:00,59.616081727124055
2026-01-29 23:35:00,62.7064871613222
2026-01-29 23:40:00,66.13619196448046
2026-01-29 23:45:00,65.48421894768772
2026-01-29 23:50:00,62.515045849924505
2026-01-29 23:55:00,68.74485222122536
2026-01-30 00:00:00,62.33544455451792
2026-01-30 00:05:00,68.43526299816388
2026-01-30 00:10:00,61.763863533728106
2026-01-30 00:15:00,66.32568477951324
2026-01-30 00:20:00,64.22106490502345
2026-01-30 00:25:00,72.79084339487348
2026-01-30 00:30:00,66.26378136861825
2026-01-30 00:35:00,69.59929822936382
2026-01-30 00:40:00,64.94546259567726
2026-01-30 00:45:00,62.97210517897139
2026-01-30 00:50:00,66.73740710675789
2026-01-30 00:55:00,66.54572142479616
2026-01-30 01:00:00,64.18465490308886
2026-01-30 01:05:00,65.32833215119825
2026-01-30 01:10:00,63.475182063689324
2026-01-30 01:15:00,61.08790848567415
2026-01-30 01:20:00,65.62852102702655
2026-01-30 01:25:00,65.4514557200217
2026-01-30 01:30:00,65.28201147953358
2026-01-30 01:35:00,65.18624201387098
2026-01-30 01:40:00,61.76880064066322
2026-01-30 01:45:00,60.250998767615144
2026-01-30 01:50:00,63.246744177133465
2026-01-30 01:55:00,56.14598531353819
2026-01-30 02:00:00,63.987003016555065
2026-01-30 02:05:00,62.929893268168065
2026-01-30 02:10:00,72.69638280319562
2026-01-30 02:15:00,68.87214644141045
2026-01-30 02:20:00,60.40318506220985
2026-01-30 02:25:00,68.73878235560792
2026-01-30 02:30:00,64.54035586702705
2026-01-30 02:35:00,62.911819480363185
2026-01-30 02:40:00,61.2926613801702
2026-01-30 02:45:00,67.47317490995786
2026-01-30 02:50:00,69.84941481549052
2026-01-30 02:55:00,62.32708579797643
2026-01-30 03:00:00,65.47692016270084
2026-01-30 03:05:00,67.05136700013469
2026-01-30 03:10:00,63.257437371113305
2026-01-30 03:15:00,68.82864389194471
2026-01-30 03:20:00,63.6066444093403
2026-01-30 03:25:00,66.3139222806565
2026-01-30 03:30:00,62.5824941287248
2026-01-30 03:35:00,61.18295826698498
2026-01-30 03:40:00,67.41293339430226
2026-01-30 03:45:00,63.87845133147687
2026-01-30 03:50:00,65.4829384248989
2026-01-30 03:55:00,61.18644033674651
2026-01-30 04:00:00,63.89197195730545
2026-01-30 04:05:00,68.03322449985097
2026-01-30 04:10:00,65.26369807121723
2026-01-30 04:15:00,65.23863270086538
2026-01-30 04:20:00,62.28996193486577
2026-01-30 04:25:00,58.20394149639016
2026-01-30 04:30:00,70.1251222152101
2026-01-30 04:35:00,58.068007206903665
2026-01-30 04:40:00,69.07670525939311
2026-01-30 04:45:00,67.74179113864054
2026-01-30 04:50:00,68.45389983646825
2026-01-30 04:55:00,64.87597610683672
2026-01-30 05:00:00,66.37852506017083
2026-01-30 05:05:00,61.606538433989634
2026-01-30 05:10:00,60.900033505008786
2026-01-30 05:15:00,60.64034746104195
2026-01-30 05:20:00,66.16548570864468
2026-01-30 05:25:00,59.994440161969116
2026-01-30 05:30:00,67.96175233854419
2026-01-30 05:35:00,58.69832806576959
2026-01-30 05:40:00,66.4540897885071
2026-01-30 05:45:00,64.29515738295305
2026-01-30 05:50:00,63.336807146270544
2026-01-30 05:55:00,72.40714801228043
2026-01-30 06:00:00,64.47853827519796
2026-01-30 06:05:00,67.90271881596087
2026-01-30 06:10:00,65.62150255952679
2026-01-30 06:15:00,64.44489262558268
2026-01-30 06:20:00,64.03688509518264
2026-01-30 06:25:00,70.5427648561038
2026-01-30 06:30:00,62.85986586976603
2026-01-30 06:35:00,68.99132747755586
2026-01-30 06:40:00,62.51025831727219
2026-01-30 06:45:00,68.78243649161486
2026-01-30 06:50:00,66.4268205909559
2026-01-30 06:55:00,68.22829135274296
2026-01-30 07:00:00,29.517677782870027
2026-01-30 07:05:00,31.230234129868386
2026-01-30 07:10:00,32.0292694437271
2026-01-30 07:15:00,27.42078219984674
2026-01-30 07:20:00,32.320309501179686
2026-01-30 07:25:00,29.608720699930966
2026-01-30 07:30:00,24.86931383836042
2026-01-30 07:35:00,31.990559722149168
2026-01-30 07:40:00,31.203101848663607
2026-01-30 07:45:00,40.17292081099973
2026-01-30 07:50:00,21.623316671261986
2026-01-30 07:55:00,28.327104126122293
2026-01-30 08:00:00,36.15242508970294
2026-01-30 08:05:00,42.944113624900126
2026-01-30 08:10:00,33.50075449754354
2026-01-30 08:15:00,36.73919178140155
2026-01-30 08:20:00,41.70825864016582
2026-01-30 08:25:00,25.306874221219303
2026-01-30 08:30:00,44.851788090162415
2026-01-30 08:35:00,33.612943786527744
2026-01-30 08:40:00,40.71102133999654
2026-01-30 08:45:00,29.78544105490462
2026-01-30 08:50:00,26.581753446984322
2026-01-30 08:55:00,29.133584810523985
2026-01-30 09:00:00,25.89335399257297
2026-01-30 09:05:00,23.383134012455585
2026-01-30 09:10:00,33.13569111664494
2026-01-30 09:15:00,31.756406511431123
2026-01-30 09:20:00,23.17367436509579
2026-01-30 09:25:00,32.946238355353934
2026-01-30 09:30:00,30.204965489521424
2026-01-30 09:35:00,28.177661684005756
2026-01-30 09:40:00,30.9576820450451
2026-01-30 09:45:00,35.24127177436627
2026-01-30 09:50:00,43.51885118985374
2026-01-30 09:55:00,32.38608954198065
2026-01-30 10:00:00,55.55728838439143
2026-01-30 10:05:00,53.97623274456605
2026-01-30 10:10:00,52.166129298922456
2026-01-30 10:15:00,49.100568569950454
2026-01-30 10:20:00,62.226716129196205
2026-01-30 10:25:00,54.720808416463264
2026-01-30 10:30:00,56.013357866351136
2026-01-30 10:35:00,60.50522665661151
2026-01-30 10:40:00,55.36979059427447
2026-01-30 10:45:00,52.049648193698445
2026-01-30 10:50:00,44.71786563012733
2026-01-30 10:55:00,46.55695728761126
2026-01-30 11:00:00,47.419502912198716
2026-01-30 11:05:00,58.41160676412885
2026-01-30 11:10:00,53.90802207907648
2026-01-30 11:15:00,56.64965004507776
2026-01-30 11:20:00,61.03714026794997
2026-01-30 11:25:00,54.41724594906449
2026-01-30 11:30:00,50.719651859596254
2026-01-30 11:35:00,47.36801106772297
2026-01-30 11:40:00,48.93741864636447
2026-01-30 11:45:00,54.818619613909746
2026-01-30 11:50:00,63.93464775298125
2026-01-30 11:55:00,59.65111172373991
2026-01-30 12:00:00,54.48072906498758
2026-01-30 12:05:00,61.22444828493404
2026-01-30 12:10:00,48.12654467714983
2026-01-30 12:15:00,57.88490451191915
2026-01-30 12:20:00,56.55395954691088
2026-01-30 12:25:00,51.185311279941985
2026-01-30 12:30:00,61.02389837015429
2026-01-30 12:35:00,49.86817576576169
2026-01-30 12:40:00,52.90727511716852
2026-01-30 12:45:00,58.01070709821995
2026-01-30 12:50:00,56.62941896493065
2026-01-30 12:55:00,62.51219792691589
2026-01-30 13:00:00,63.998192150443835
2026-01-30 13:05:00,51.44683205749377
2026-01-30 13:10:00,50.105483025130404
2026-01-30 13:15:00,55.16797277028694
2026-01-30 13:20:00,46.307536924669506
2026-01-30 13:25:00,57.51056055821421
2026-01-30 13:30:00,58.617435139911784
2026-01-30 13:35:00,55.857770706583786
2026-01-30 13:40:00,55.246392520093835
2026-01-30 13:45:00,54.35496124725713
2026-01-30 13:50:00,52.708579109008134
2026-01-30 13:55:00,54.847999032663765
2026-01-30 14:00:00,53.37810956938935
2026-01-30 14:05:00,52.846651502536176
2026-01-30 14:10:00,57.46417096429855
2026-01-30 14:15:00,42.67658221301941
2026-01-30 14:20:00,40.420356712299785
2026-01-30 14:25:00,57.5818373863554
2026-01-30 14:30:00,51.140964421256
2026-01-30 14:35:00,54.72370602807451
2026-01-30 14:40:00,53.33369507952483
2026-01-30 14:45:00,62.11891266210431
2026-01-30 14:50:00,57.88486566016698
2026-01-30 14:55:00,58.33279961748323
2026-01-30 15:00:00,49.16474543698213
2026-01-30 15:05:00,53.525365193820434
2026-01-30 15:10:00,50.518070307912396
2026-01-30 15:15:00,52.137897077311436
2026-01-30 15:20:00,50.499528697728245
2026-01-30 15:25:00,50.120552899157076
2026-01-30 15:30:00,52.33732152614347
2026-01-30 15:35:00,52.62107545247936
2026-01-30 15:40:00,52.37745355888225
2026-01-30 15:45:00,58.69981138277835
2026-01-30 15:50:00,57.34418471226884
2026-01-30 15:55:00,54.7268306566071
2026-01-30 16:00:00,37.08693569664474
2026-01-30 16:05:00,32.097594901358605
2026-01-30 16:10:00,37.221466140586124
2026-01-30 16:15:00,30.38538156891059
2026-01-30 16:20:00,32.66683851373623
2026-01-30 16:25:00,35.12058237498908
2026-01-30 16:30:00,23.69215030149366
2026-01-30 16:35:00,31.01941635838121
2026-01-30 16:40:00,13.76251829233658
2026-01-30 16:45:00,37.49815273894855
2026-01-30 16:50:00,25.606356868540466
2026-01-30 16:55:00,30.47067609258046
2026-01-30 17:00:00,37.99078700450733
2026-01-30 17:05:00,27.429356947628815
2026-01-30 17:10:00,26.571240485019704
2026-01-30 17:15:00,34.87842244962692
2026-01-30 17:20:00,23.264939114021
2026-01-30 17:25:00,24.61095672133535
2026-01-30 17:30:00,29.385015144301395
2026-01-30 17:35:00,39.98188499338127
2026-01-30 17:40:00,32.37278034346137
2026-01-30 17:45:00,20.403757326853878
2026-01-30 17:50:00,40.024907459524336
2026-01-30 17:55:00,29.377768494255385
2026-01-30 18:00:00,37.00501836593416
2026-01-30 18:05:00,30.09508755300721
2026-01-30 18:10:00,42.26975357593508
2026-01-30 18:15:00,30.642703481505606
2026-01-30 18:20:00,31.521856784529305
2026-01-30 18:25:00,34.12591039262318
2026-01-30 18:30:00,22.97581307599033
2026-01-30 18:35:00,34.74092614058652
2026-01-30 18:40:00,19.686787882445362
2026-01-30 18:45:00,32.489268241649654
2026-01-30 18:50:00,33.31581900752882
2026-01-30 18:55:00,37.81340957478638
2026-01-30 19:00:00,32.33376839239539
2026-01-30 19:05:00,17.701545883767558
2026-01-30 19:10:00,38.32968229632294
2026-01-30 19:15:00,17.573913117224265
2026-01-30 19:20:00,25.565807971304256
2026-01-30 19:25:00,41.40098721650343
2026-01-30 19:30:00,33.905837410536265
2026-01-30 19:35:00,26.1046662168678
2026-01-30 19:40:00,23.389117770916638
2026-01-30 19:45:00,40.457380176750476
2026-01-30 19:50:00,19.98120760527748
2026-01-30 19:55:00,32.472986473641726
2026-01-30 20:00:00,58.20767495250675
2026-01-30 20:05:00,64.5888598147971
2026-01-30 20:10:00,64.43524388402027
2026-01-30 20:15:00,69.26498450449226
2026-01-30 20:20:00,61.561806755197445
2026-01-30 20:25:00,64.66665459473114
2026-01-30 20:30:00,70.52463568384842
2026-01-30 20:35:00,70.75506073570992
2026-01-30 20:40:00,66.62970802002795
2026-01-30 20:45:00,63.05061535000264
2026-01-30 20:50:00,67.37800860412275
2026-01-30 20:55:00,60.64098854063301
2026-01-30 21:00:00,63.4206896300177
2026-01-30 21:05:00,67.29100400132026
2026-01-30 21:10:00,69.16527320686846
2026-01-30 21:15:00,64.25551947683802
2026-01-30 21:20:00,63.4950321103249
2026-01-30 21:25:00,67.310244140657
2026-01-30 21:30:00,67.36801114885506
2026-01-30 21:35:00,60.98417754090279
2026-01-30 21:40:00,65.78489264728543
2026-01-30 21:45:00,61.66761533741989
2026-01-30 21:50:00,56.19987115380557
2026-01-30 21:55:00,65.33997149590537
2026-01-30 22:00:00,61.8108039809999
2026-01-30 22:05:00,65.70175214656511
2026-01-30 22:10:00,66.50502660108896
2026-01-30 22:15:00,68.39214776060871
2026-01-30 22:20:00,64.25599980721431
2026-01-30 22:25:00,63.590711978736735
2026-01-30 22:30:00,68.98402495804254
2026-01-30 22:35:00,61.257479224942294
2026-01-30 22:40:00,68.10505737842928
2026-01-30 22:45:00,61.48703124875435
2026-01-30 22:50:00,70.61334812938779
2026-01-30 22:55:00,65.12420674901936
2026-01-30 23:00:00,65.55260646558892
2026-01-30 23:05:00,64.38821744480862
2026-01-30 23:10:00,63.3978777660436
2026-01-30 23:15:00,62.56591212004041
2026-01-30 23:20:00,64.7110309145289
2026-01-30 23:25:00,57.65434586838637
2026-01-30 23:30:00,68.84241940388137
2026-01-30 23:35:00,68.6491054454621
2026-01-30 23:40:00,62.891547202284634
2026-01-30 23:45:00,68.06186890651746
2026-01-30 23:50:00,58.61316830806917
2026-01-30 23:55:00,66.72094157100781
2026-01-31 00:00:00,65.10573429378624
2026-01-31 00:05:00,62.144841965843966
2026-01-31 00:10:00,60.0241358091417
2026-01-31 00:15:00,67.9603366212364
2026-01-31 00:20:00,66.08338096079132
2026-01-31 00:25:00,67.10294335959748
2026-01-31 00:30:00,65.99621259692222
2026-01-31 00:35:00,65.80164047891095
2026-01-31 00:40:00,64.95611106166274
2026-01-31 00:45:00,64.58023405460355
2026-01-31 00:50:00,69.49630294347371
2026-01-31 00:55:00,68.4244089248005
2026-01-31 01:00:00,66.41406218884856
2026-01-31 01:05:00,65.23490758699481
2026-01-31 01:10:00,65.14582950799834
2026-01-31 01:15:00,60.842725364262655
2026-01-31 01:20:00,64.8541105519632
2026-01-31 01:25:00,63.15079241866992
2026-01-31 01:30:00,61.85378783971021
2026-01-31 01:35:00,64.94572897772433
2026-01-31 01:40:00,62.15093044053376
2026-01-31 01:45:00,64.03631141652393
2026-01-31 01:50:00,62.08645632898108
2026-01-31 01:55:00,67.75524644813451
2026-01-31 02:00:00,63.33262558902758
2026-01-31 02:05:00,62.49305790168462
2026-01-31 02:10:00,69.7671931269822
2026-01-31 02:15:00,60.77752041541589
2026-01-31 02:20:00,66.90815011394625
2026-01-31 02:25:00,66.9555520761381
2026-01-31 02:30:00,66.91496782635127
2026-01-31 02:35:00,62.25273240354868
2026-01-31 02:40:00,61.60354971418045
2026-01-31 02:45:00,62.75910319743244
2026-01-31 02:50:00,65.32134424713801
2026-01-31 02:55:00,64.34139671932996
2026-01-31 03:00:00,62.46931440037166
2026-01-31 03:05:00,62.77976989514683
2026-01-31 03:10:00,67.00590545739115
2026-01-31 03:15:00,64.51287614891714
2026-01-31 03:20:00,70.07198814745084
2026-01-31 03:25:00,66.2838762858916
2026-01-31 03:30:00,62.75313636832744
2026-01-31 03:35:00,63.84556329056163
2026-01-31 03:40:00,63.675472220523005
2026-01-31 03:45:00,62.64045354533003
2026-01-31 03:50:00,63.53529279837897
2026-01-31 03:55:00,68.86860364381886
2026-01-31 04:00:00,66.26560347351267
2026-01-31 04:05:00,63.82741280664599
2026-01-31 04:10:00,67.37114453860829
2026-01-31 04:15:00,67.38009360837708
2026-01-31 04:20:00,67.66865142799901
2026-01-31 04:25:00,68.21748717102874
2026-01-31 04:30:00,70.96235429670085
2026-01-31 04:35:00,58.16481703792154
2026-01-31 04:40:00,67.91346394167711
2026-01-31 04:45:00,62.173617006868184
2026-01-31 04:50:00,63.9514190750466
2026-01-31 04:55:00,64.05316799573889
2026-01-31 05:00:00,70.00710700606142
2026-01-31 05:05:00,63.18527745677034
2026-01-31 05:10:00,64.69467977237746
2026-01-31 05:15:00,61.956308302819174
2026-01-31 05:20:00,61.68192547820808
2026-01-31 05:25:00,67.15546028847494
2026-01-31 05:30:00,60.51678272733249
2026-01-31 05:35:00,68.46552869392683
2026-01-31 05:40:00,69.34241083640255
2026-01-31 05:45:00,62.04505152618491
2026-01-31 05:50:00,57.9913722283952
2026-01-31 05:55:00,65.64107644527218
2026-01-31 06:00:00,67.51398326392446
2026-01-31 06:05:00,61.988974201325995
2026-01-31 06:10:00,63.09263972938377
2026-01-31 06:15:00,64.25607959947797
2026-01-31 06:20:00,67.08575442189053
2026-01-31 06:25:00,61.58537250199085
2026-01-31 06:30:00,67.9632640288402
2026-01-31 06:35:00,66.14594917541577
2026-01-31 06:40:00,62.8601585684752
2026-01-31 06:45:00,73.97462811175939
2026-01-31 06:50:00,66.66930705417964
2026-01-31 06:55:00,64.50908306881541
2026-01-31 07:00:00,65.9796919287703
2026-01-31 07:05:00,66.25873265485106
2026-01-31 07:10:00,62.00694729065392
2026-01-31 07:15:00,63.129947952046926
2026-01-31 07:20:00,65.77988370617487
2026-01-31 07:25:00,61.426709803078246
2026-01-31 07:30:00,65.21349062371667
2026-01-31 07:35:00,64.06924117039047
2026-01-31 07:40:00,69.10467084424147
2026-01-31 07:45:00,68.7797226812187
2026-01-31 07:50:00,65.20066453282526
2026-01-31 07:55:00,68.6489936527721
2026-01-31 08:00:00,65.21107179509232
2026-01-31 08:05:00,63.97591526349774
2026-01-31 08:10:00,70.09283433440872
2026-01-31 08:15:00,64.47961133112324
2026-01-31 08:20:00,65.23182096737702
2026-01-31 08:25:00,63.75243735241236
2026-01-31 08:30:00,58.15394566324572
2026-01-31 08:35:00,67.06931602640338
2026-01-31 08:40:00,66.91375495967704
2026-01-31 08:45:00,59.01006136817647
2026-01-31 08:50:00,65.83551777754712
2026-01-31 08:55:00,65.4621261644527
2026-01-31 09:00:00,61.27451004627564
2026-01-31 09:05:00,60.13549219693323
2026-01-31 09:10:00,65.52675879343357
2026-01-31 09:15:00,64.65807236014066
2026-01-31 09:20:00,62.13251830469645
2026-01-31 09:25:00,64.68997452694683
2026-01-31 09:30:00,64.95537230297327
2026-01-31 09:35:00,59.51466487338078
2026-01-31 09:40:00,68.11936032850019
2026-01-31 09:45:00,62.87627162327172
2026-01-31 09:50:00,65.32107281789712
2026-01-31 09:55:00,64.8029051685232
2026-01-31 10:00:00,63.341962093708545
2026-01-31 10:05:00,63.88707201718002
2026-01-31 10:10:00,69.33404422258475
2026-01-31 10:15:00,65.99698196266912
2026-01-31 10:20:00,62.45293718773619
2026-01-31 10:25:00,68.9007590508077
2026-01-31 10:30:00,60.29810847713581
2026-01-31 10:35:00,62.60198588885431
2026-01-31 10:40:00,65.1790203840091
2026-01-31 10:45:00,70.74608377785115
2026-01-31 10:50:00,61.61072551583681
2026-01-31 10:55:00,68.0227425203285
2026-01-31 11:00:00,57.89658533122503
2026-01-31 11:05:00,54.83552129505964
2026-01-31 11:10:00,56.80358609725909
2026-01-31 11:15:00,49.151476796396636
2026-01-31 11:20:00,55.585317284465845
2026-01-31 11:25:00,52.798373600023766
2026-01-31 11:30:00,50.43979769658884
2026-01-31 11:35:00,52.146077657997374
2026-01-31 11:40:00,48.63306935613618
2026-01-31 11:45:00,49.2206807542471
2026-01-31 11:50:00,46.075243476551485
2026-01-31 11:55:00,49.647866342166
2026-01-31 12:00:00,43.15101062893286
2026-01-31 12:05:00,50.371085753647506
2026-01-31 12:10:00,56.84827844640659
2026-01-31 12:15:00,54.43647149802576
2026-01-31 12:20:00,52.88440586883146
2026-01-31 12:25:00,46.02062137703759
2026-01-31 12:30:00,51.01462418165625
2026-01-31 12:35:00,50.84217795995533
2026-01-31 12:40:00,46.631088752849934
2026-01-31 12:45:00,53.97866693209821
2026-01-31 12:50:00,51.04663728967076
2026-01-31 12:55:00,51.89977079414943
2026-01-31 13:00:00,57.08382375995814
2026-01-31 13:05:00,50.772497231544406
2026-01-31 13:10:00,49.09455098584739
2026-01-31 13:15:00,43.48076905004932
2026-01-31 13:20:00,44.50333686239705
2026-01-31 13:25:00,50.64837240106681
2026-01-31 13:30:00,50.55133562487148
2026-01-31 13:35:00,47.53834474450803
2026-01-31 13:40:00,58.942908112347695
2026-01-31 13:45:00,49.62615348121817
2026-01-31 13:50:00,51.09783146369595
2026-01-31 13:55:00,55.4386451669795
2026-01-31 14:00:00,54.994885474570125
2026-01-31 14:05:00,52.6956496166611
2026-01-31 14:10:00,46.31320824463977
2026-01-31 14:15:00,53.47751090263242
2026-01-31 14:20:00,47.10883056809435
2026-01-31 14:25:00,51.17133530737888
2026-01-31 14:30:00,56.14047098538278
2026-01-31 14:35:00,57.2831171234548
2026-01-31 14:40:00,49.56470150544046
2026-01-31 14:45:00,45.96458057476921
2026-01-31 14:50:00,50.10891324475101
2026-01-31 14:55:00,47.337656297984566
2026-01-31 15:00:00,44.79651657689659
2026-01-31 15:05:00,56.46389373946917
2026-01-31 15:10:00,48.71939052413876
2026-01-31 15:15:00,45.96902106188049
2026-01-31 15:20:00,54.76158637420213
2026-01-31 15:25:00,55.57031490129062
2026-01-31 15:30:00,48.80338611761724
2026-01-31 15:35:00,47.0237158237576
2026-01-31 15:40:00,57.99454597421225
2026-01-31 15:45:00,51.75358754815941
2026-01-31 15:50:00,51.53242819894368
2026-01-31 15:55:00,47.29779473363405
2026-01-31 16:00:00,59.75914803371442
2026-01-31 16:05:00,66.46398479959205
2026-01-31 16:10:00,62.21512442715839
2026-01-31 16:15:00,67.63720394023319
2026-01-31 16:20:00,68.19978773793495
2026-01-31 16:25:00,65.80523559127258
2026-01-31 16:30:00,68.64223187133248
2026-01-31 16:35:00,71.04045987966855
2026-01-31 16:40:00,64.94788214555359
2026-01-31 16:45:00,67.29314260180425
2026-01-31 16:50:00,66.8353474479952
2026-01-31 16:55:00,65.22343982714885
2026-01-31 17:00:00,62.79202065723722
2026-01-31 17:05:00,66.57575247878206
2026-01-31 17:10:00,69.875787431602
2026-01-31 17:15:00,66.48556835631851
2026-01-31 17:20:00,65.90761317160162
2026-01-31 17:25:00,66.14072290062899
2026-01-31 17:30:00,68.8245104169817
2026-01-31 17:35:00,65.90594959377218
2026-01-31 17:40:00,66.3859617424143
2026-01-31 17:45:00,65.58173236152638
2026-01-31 17:50:00,66.68853179550942
2026-01-31 17:55:00,64.54221236351411
2026-01-31 18:00:00,65.424358764661
2026-01-31 18:05:00,62.087196577192096
2026-01-31 18:10:00,66.22497549453827
2026-01-31 18:15:00,65.92431077957266
2026-01-31 18:20:00,67.43251275493286
2026-01-31 18:25:00,69.32414136263597
2026-01-31 18:30:00,66.67300298570258
2026-01-31 18:35:00,66.2806194518648
2026-01-31 18:40:00,66.60112074198103
2026-01-31 18:45:00,66.43990939370869
2026-01-31 18:50:00,67.29599211005315
2026-01-31 18:55:00,69.28669676840299
2026-01-31 19:00:00,67.0262710868002
2026-01-31 19:05:00,66.41540302335592
2026-01-31 19:10:00,71.46394550309323
2026-01-31 19:15:00,66.6865887542354
2026-01-31 19:20:00,65.67534925591367
2026-01-31 19:25:00,61.8234323910839
2026-01-31 19:30:00,61.80520998314267
2026-01-31 19:35:00,68.58028362363393
2026-01-31 19:40:00,65.21831802854774
2026-01-31 19:45:00,62.78738893138025
2026-01-31 19:50:00,64.67768044876249
2026-01-31 19:55:00,62.79845699212846
2026-01-31 20:00:00,72.54217083885258
2026-01-31 20:05:00,68.66797049550729
2026-01-31 20:10:00,70.874153595268
2026-01-31 20:15:00,68.88928887927776
2026-01-31 20:20:00,61.509829597966785
2026-01-31 20:25:00,62.818179575859
2026-01-31 20:30:00,67.29438382912593
2026-01-31 20:35:00,71.83570229898186
2026-01-31 20:40:00,61.607717204983146
2026-01-31 20:45:00,69.63838933694542
2026-01-31 20:50:00,66.46593682582521
2026-01-31 20:55:00,64.98657786908836
2026-01-31 21:00:00,68.08584125352097
2026-01-31 21:05:00,68.49644692716828
2026-01-31 21:10:00,64.34023479152917
2026-01-31 21:15:00,59.45949140114137
2026-01-31 21:20:00,66.7357801684442
2026-01-31 21:25:00,65.43030841681215
2026-01-31 21:30:00,69.71278601279707
2026-01-31 21:35:00,71.2662458701453
2026-01-31 21:40:00,61.742469285970714
2026-01-31 21:45:00,59.63040187419275
2026-01-31 21:50:00,64.63934070292973
2026-01-31 21:55:00,65.79883390826316
2026-01-31 22:00:00,63.12804645195732
2026-01-31 22:05:00,71.97704707819719
2026-01-31 22:10:00,64.16906722941584
2026-01-31 22:15:00,64.31861372307021
2026-01-31 22:20:00,63.22805278561084
2026-01-31 22:25:00,65.43801785422471
2026-01-31 22:30:00,62.37266042093602
2026-01-31 22:35:00,64.14111467349517
2026-01-31 22:40:00,69.64053894484853
2026-01-31 22:45:00,69.89915198476655
2026-01-31 22:50:00,62.481107108447226
2026-01-31 22:55:00,66.39542193591855
2026-01-31 23:00:00,63.48718909830428
2026-01-31 23:05:00,67.2062244735927
2026-01-31 23:10:00,63.07498217885361
2026-01-31 23:15:00,61.06861046214432
2026-01-31 23:20:00,63.507466077464585
2026-01-31 23:25:00,69.15050779933422
2026-01-31 23:30:00,65.97616395951651
2026-01-31 23:35:00,65.35345005447347
2026-01-31 23:40:00,67.55791220952214
2026-01-31 23:45:00,63.98707007554563
2026-01-31 23:50:00,65.27995495105074
2026-01-31 23:55:00,60.64433013806184
2026-02-01 00:00:00,63.63744455148515
2026-02-01 00:05:00,68.14117642700722
2026-02-01 00:10:00,66.77329629519785
2026-02-01 00:15:00,67.39214907252801
2026-02-01 00:20:00,66.88484687310718
2026-02-01 00:25:00,66.60230744800612
2026-02-01 00:30:00,65.26772160505203
2026-02-01 00:35:00,68.52140487976533
2026-02-01 00:40:00,61.828560276599
2026-02-01 00:45:00,63.355792508461214
2026-02-01 00:50:00,64.29994580275577
2026-02-01 00:55:00,61.7916851685769
2026-02-01 01:00:00,65.21141774878666
2026-02-01 01:05:00,59.87264020610024
2026-02-01 01:10:00,58.8452253116563
2026-02-01 01:15:00,62.66219068715046
2026-02-01 01:20:00,60.88810539195977
2026-02-01 01:25:00,62.98526637997828
2026-02-01 01:30:00,67.2930964284395
2026-02-01 01:35:00,67.1277478924317
2026-02-01 01:40:00,68.50203881863693
2026-02-01 01:45:00,62.753395758050274
2026-02-01 01:50:00,69.33642277014562
2026-02-01 01:55:00,64.36337650494018
2026-02-01 02:00:00,59.67025874838442
2026-02-01 02:05:00,67.96130787659172
2026-02-01 02:10:00,61.54268041567947
2026-02-01 02:15:00,65.30746932399902
2026-02-01 02:20:00,65.80437691517595
2026-02-01 02:25:00,61.51341019889976
2026-02-01 02:30:00,67.73450351225613
2026-02-01 02:35:00,63.731277568260865
2026-02-01 02:40:00,68.666192077343
2026-02-01 02:45:00,68.73279210590498
2026-02-01 02:50:00,65.7905810189873
2026-02-01 02:55:00,67.66489030521561
2026-02-01 03:00:00,70.44470090797309
2026-02-01 03:05:00,64.532144812313
2026-02-01 03:10:00,60.958115154098344
2026-02-01 03:15:00,60.5439695572016
2026-02-01 03:20:00,62.42721965817984
2026-02-01 03:25:00,62.69627396809622
2026-02-01 03:30:00,67.5918515983137
2026-02-01 03:35:00,63.494853320266685
2026-02-01 03:40:00,66.64700069585213
2026-02-01 03:45:00,69.74579234691484
2026-02-01 03:50:00,66.62755795977641
2026-02-01 03:55:00,64.82122400516683
2026-02-01 04:00:00,67.655948183553
2026-02-01 04:05:00,60.50257869355899
2026-02-01 04:10:00,69.94136742574085
2026-02-01 04:15:00,66.88410572980906
2026-02-01 04:20:00,68.89320679960197
2026-02-01 04:25:00,59.60262863173699
2026-02-01 04:30:00,66.17996680164916
2026-02-01 04:35:00,62.19156987625305
2026-02-01 04:40:00,71.40372579380927
2026-02-01 04:45:00,65.73122638590239
2026-02-01 04:50:00,63.11370018073803
2026-02-01 04:55:00,64.95576046009973
2026-02-01 05:00:00,67.39274595603267
2026-02-01 05:05:00,69.21703755471506
2026-02-01 05:10:00,62.38244090774671
2026-02-01 05:15:00,57.897940804104444
2026-02-01 05:20:00,60.63660709259559
2026-02-01 05:25:00,67.10914023827566
2026-02-01 05:30:00,67.74514847723988
2026-02-01 05:35:00,69.9996334290787
2026-02-01 05:40:00,69.96264671982749
2026-02-01 05:45:00,65.01096822696263
2026-02-01 05:50:00,67.33876543586882
2026-02-01 05:55:00,61.20399321934143
2026-02-01 06:00:00,65.89068984180643
2026-02-01 06:05:00,64.8269831412637
2026-02-01 06:10:00,62.257200828874055
2026-02-01 06:15:00,60.191794789834304
2026-02-01 06:20:00,65.13505606133478
2026-02-01 06:25:00,63.590419241109466
2026-02-01 06:30:00,65.25928545439119
2026-02-01 06:35:00,59.66154717955622
2026-02-01 06:40:00,66.31492320952036
2026-02-01 06:45:00,67.03077911799436
2026-02-01 06:50:00,63.198912208592226
2026-02-01 06:55:00,69.47831981102426
2026-02-01 07:00:00,63.36320535048463
2026-02-01 07:05:00,66.26329255983227
2026-02-01 07:10:00,64.9723513748961
2026-02-01 07:15:00,63.066211079019524
2026-02-01 07:20:00,66.71255400580334
2026-02-01 07:25:00,64.27843515622739
2026-02-01 07:30:00,74.55894343044723
2026-02-01 07:35:00,70.09049668359653
2026-02-01 07:40:00,65.89716558987355
2026-02-01 07:45:00,62.64276652448897
2026-02-01 07:50:00,61.39811229469067
2026-02-01 07:55:00,60.70187551432011
2026-02-01 08:00:00,66.47812525629313
2026-02-01 08:05:00,64.34336727954472
2026-02-01 08:10:00,68.41145706696979
2026-02-01 08:15:00,62.18817912191156
2026-02-01 08:20:00,63.47694811208633
2026-02-01 08:25:00,61.82387782978415
2026-02-01 08:30:00,69.909340440266
2026-02-01 08:35:00,68.11690992279411
2026-02-01 08:40:00,61.17050935795167
2026-02-01 08:45:00,65.07694528473166
2026-02-01 08:50:00,62.72673751682135
2026-02-01 08:55:00,58.662943097822534
2026-02-01 09:00:00,64.38333524516547
2026-02-01 09:05:00,70.43132541957443
2026-02-01 09:10:00,64.33777950427773
2026-02-01 09:15:00,65.68966012794786
2026-02-01 09:20:00,63.52495894523853
2026-02-01 09:25:00,65.25323312157136
2026-02-01 09:30:00,60.495399091467476
2026-02-01 09:35:00,67.77792446086018
2026-02-01 09:40:00,68.639149046123
2026-02-01 09:45:00,65.61583667669073
2026-02-01 09:50:00,63.161378704903086
2026-02-01 09:55:00,62.93169455895288
2026-02-01 10:00:00,64.31347130923999
2026-02-01 10:05:00,68.12166562665759
2026-02-01 10:10:00,65.51167718251341
2026-02-01 10:15:00,65.83280930692294
2026-02-01 10:20:00,65.83320438668743
2026-02-01 10:25:00,66.94483466742561
2026-02-01 10:30:00,67.43802176126583
2026-02-01 10:35:00,69.76260705685866
2026-02-01 10:40:00,65.19106999591678
2026-02-01 10:45:00,62.634086261574446
2026-02-01 10:50:00,64.10253894697507
2026-02-01 10:55:00,71.617106819225
2026-02-01 11:00:00,50.26670351763084
2026-02-01 11:05:00,54.44635692717932
2026-02-01 11:10:00,54.224752436572494
2026-02-01 11:15:00,51.18382314604588
2026-02-01 11:20:00,47.90518896935701
2026-02-01 11:25:00,49.27488409352009
2026-02-01 11:30:00,43.90951906754293
2026-02-01 11:35:00,46.806097271563516
2026-02-01 11:40:00,49.984393205641354
2026-02-01 11:45:00,56.91026366513588
2026-02-01 11:50:00,49.757235980227705
2026-02-01 11:55:00,53.94049895208476
2026-02-01 12:00:00,49.7682258034876
2026-02-01 12:05:00,50.109776623761746
2026-02-01 12:10:00,50.04645116587131
2026-02-01 12:15:00,41.66074511062608
2026-02-01 12:20:00,46.57008205323883
2026-02-01 12:25:00,44.7214624523355
2026-02-01 12:30:00,48.62887753224518
2026-02-01 12:35:00,48.85584457122102
2026-02-01 12:40:00,54.500609280940274
2026-02-01 12:45:00,52.35496663684552
2026-02-01 12:50:00,47.45536381067829
2026-02-01 12:55:00,44.315283374178755
2026-02-01 13:00:00,50.01006412672687
2026-02-01 13:05:00,48.72442244833719
2026-02-01 13:10:00,51.30856763190272
2026-02-01 13:15:00,47.893360460511396
2026-02-01 13:20:00,44.47634201580106
2026-02-01 13:25:00,47.45495467389004
2026-02-01 13:30:00,47.39338272787294
2026-02-01 13:35:00,53.89308565985616
2026-02-01 13:40:00,47.05258749170541
2026-02-01 13:45:00,44.653716166114094
2026-02-01 13:50:00,51.32196231721473
2026-02-01 13:55:00,46.91362347432588
2026-02-01 14:00:00,50.502328716818056
2026-02-01 14:05:00,54.521032263336245
2026-02-01 14:10:00,48.60647683301073
2026-02-01 14:15:00,52.934962160261314
2026-02-01 14:20:00,52.69203014899988
2026-02-01 14:25:00,50.66036131901887
2026-02-01 14:30:00,46.54735411899977
2026-02-01 14:35:00,52.4993632168304
2026-02-01 14:40:00,55.390692581721545
2026-02-01 14:45:00,53.26492181456181
2026-02-01 14:50:00,50.95038665040228
2026-02-01 14:55:00,52.75749905745878
2026-02-01 15:00:00,46.60156851291697
2026-02-01 15:05:00,39.56325668637696
2026-02-01 15:10:00,49.97871736757884
2026-02-01 15:15:00,56.91656919861131
2026-02-01 15:20:00,47.391099489254124
2026-02-01 15:25:00,46.18214398097875
2026-02-01 15:30:00,47.54574409236864
2026-02-01 15:35:00,48.85933453096551
2026-02-01 15:40:00,52.10920999937739
2026-02-01 15:45:00,53.57604973782425
2026-02-01 15:50:00,48.64965383513379
2026-02-01 15:55:00,45.411727396031125
2026-02-01 16:00:00,67.45970057236555
2026-02-01 16:05:00,62.09359225168375
2026-02-01 16:10:00,72.1953484906773
2026-02-01 16:15:00,64.3826171792929
2026-02-01 16:20:00,65.50432481776889
2026-02-01 16:25:00,67.33119474372968
2026-02-01 16:30:00,63.116781779040934
2026-02-01 16:35:00,62.27551865456318
2026-02-01 16:40:00,67.7208776434864
2026-02-01 16:45:00,65.09050711047757
2026-02-01 16:50:00,70.59633164116737
2026-02-01 16:55:00,69.96287654628769
2026-02-01 17:00:00,68.5934062130137
2026-02-01 17:05:00,65.360072842366
2026-02-01 17:10:00,67.2271273456894
2026-02-01 17:15:00,62.52781236558081
2026-02-01 17:20:00,64.84405696985537
2026-02-01 17:25:00,62.895506087592985
2026-02-01 17:30:00,67.08867410271685
2026-02-01 17:35:00,67.0131240304775
2026-02-01 17:40:00,67.55990002085069
2026-02-01 17:45:00,65.52000489444895
2026-02-01 17:50:00,60.50232175889846
2026-02-01 17:55:00,65.50127369521636
2026-02-01 18:00:00,64.16798146725485
2026-02-01 18:05:00,67.40300959106091
2026-02-01 18:10:00,70.27135230693816
2026-02-01 18:15:00,65.19796705367114
2026-02-01 18:20:00,63.22254674913379
2026-02-01 18:25:00,67.61727655658798
2026-02-01 18:30:00,66.3488043013937
2026-02-01 18:35:00,66.98105925108636
2026-02-01 18:40:00,63.091624616957006
2026-02-01 18:45:00,68.99192870722798
2026-02-01 18:50:00,67.7604945855262
2026-02-01 18:55:00,64.2894183471772
2026-02-01 19:00:00,65.10357930594857
2026-02-01 19:05:00,69.59681827986867
2026-02-01 19:10:00,60.5295074723747
2026-02-01 19:15:00,59.469100693226245
2026-02-01 19:20:00,61.77672984629215
2026-02-01 19:25:00,65.25916241355054
2026-02-01 19:30:00,66.91732588504172
2026-02-01 19:35:00,62.945870597576935
2026-02-01 19:40:00,62.21577946269754
2026-02-01 19:45:00,65.62529780750262
2026-02-01 19:50:00,65.24829511658159
2026-02-01 19:55:00,61.362952030038564
2026-02-01 20:00:00,63.15109296306524
2026-02-01 20:05:00,66.2477549425025
2026-02-01 20:10:00,68.7341018360684
2026-02-01 20:15:00,62.73610444159149
2026-02-01 20:20:00,66.99083049078766
2026-02-01 20:25:00,69.62912394270322
2026-02-01 20:30:00,67.48986568530322
2026-02-01 20:35:00,66.7379539317136
2026-02-01 20:40:00,69.9240691959082
2026-02-01 20:45:00,65.12686482416555
2026-02-01 20:50:00,69.00111479396091
2026-02-01 20:55:00,65.51506205690714
2026-02-01 21:00:00,69.5834234344578
2026-02-01 21:05:00,62.734437161739585
2026-02-01 21:10:00,63.72205065999737
2026-02-01 21:15:00,62.83359864476944
2026-02-01 21:20:00,65.18117899071683
2026-02-01 21:25:00,58.027071200803945
2026-02-01 21:30:00,66.91672605638911
2026-02-01 21:35:00,69.53999771751478
2026-02-01 21:40:00,62.40550635866955
2026-02-01 21:45:00,68.93270451300829
2026-02-01 21:50:00,65.31006797520895
2026-02-01 21:55:00,66.68005920884812
2026-02-01 22:00:00,67.44742820927328
2026-02-01 22:05:00,66.31522061739008
2026-02-01 22:10:00,63.362701960263905
2026-02-01 22:15:00,68.5278396711644
2026-02-01 22:20:00,62.61348155079135
2026-02-01 22:25:00,69.78707280104224
2026-02-01 22:30:00,62.86126459853947
2026-02-01 22:35:00,64.1910490401543
2026-02-01 22:40:00,67.67606797307967
2026-02-01 22:45:00,66.13257463294623
2026-02-01 22:50:00,65.05865810194096
2026-02-01 22:55:00,67.3632955631767
2026-02-01 23:00:00,70.84460930061675
2026-02-01 23:05:00,64.17509377330488
2026-02-01 23:10:00,66.36387635118733
2026-02-01 23:15:00,62.84289480469089
2026-02-01 23:20:00,62.77856533948954
2026-02-01 23:25:00,64.34922234653038
2026-02-01 23:30:00,67.09150082190385
2026-02-01 23:35:00,65.58561456996152
2026-02-01 23:40:00,69.49663152039956
2026-02-01 23:45:00,67.03120304630676
2026-02-01 23:50:00,63.667376497663184
2026-02-01 23:55:00,63.83245308440602
2026-02-02 00:00:00,61.93084147224464
2026-02-02 00:05:00,66.2233407494853
2026-02-02 00:10:00,66.91119237527258
2026-02-02 00:15:00,61.39798403217071
2026-02-02 00:20:00,64.27585867411152
2026-02-02 00:25:00,63.69074783551589
2026-02-02 00:30:00,65.50131257642441
2026-02-02 00:35:00,64.87612591296624
2026-02-02 00:40:00,61.763534001603006
2026-02-02 00:45:00,62.37727100027415
2026-02-02 00:50:00,69.52116134311157
2026-02-02 00:55:00,62.47117675031652
2026-02-02 01:00:00,58.75471413895529
2026-02-02 01:05:00,64.51227886098393
2026-02-02 01:10:00,65.35877133489373
2026-02-02 01:15:00,65.45124475204682
2026-02-02 01:20:00,63.13143321950076
2026-02-02 01:25:00,63.41549663476321
2026-02-02 01:30:00,55.65379993632607
2026-02-02 01:35:00,65.96323050434955
2026-02-02 01:40:00,68.19801882734576
2026-02-02 01:45:00,65.88236836421588
2026-02-02 01:50:00,68.04743105128402
2026-02-02 01:55:00,65.1301826980333
2026-02-02 02:00:00,67.73151832658766
2026-02-02 02:05:00,68.32837479205055
2026-02-02 02:10:00,66.44842047745993
2026-02-02 02:15:00,60.75516134876672
2026-02-02 02:20:00,65.68471177801368
2026-02-02 02:25:00,68.76093891607381
2026-02-02 02:30:00,64.33131384742428
2026-02-02 02:35:00,64.07077218526844
2026-02-02 02:40:00,67.49845879432853
2026-02-02 02:45:00,66.72682346624686
2026-02-02 02:50:00,63.22616081098526
2026-02-02 02:55:00,60.31907361805273
2026-02-02 03:00:00,60.39789409615309
2026-02-02 03:05:00,65.25579372902875
2026-02-02 03:10:00,65.07624558227312
2026-02-02 03:15:00,63.92303457031058
2026-02-02 03:20:00,58.57440424406174
2026-02-02 03:25:00,62.86656323527194
2026-02-02 03:30:00,62.748047221733025
2026-02-02 03:35:00,61.498763680542424
2026-02-02 03:40:00,64.91044697223876
2026-02-02 03:45:00,64.86820744607941
2026-02-02 03:50:00,68.83623307708697
2026-02-02 03:55:00,64.27586205198286
2026-02-02 04:00:00,66.26871630970874
2026-02-02 04:05:00,61.62807233743062
2026-02-02 04:10:00,71.33888124473944
2026-02-02 04:15:00,69.30639384750732
2026-02-02 04:20:00,65.50073288072069
2026-02-02 04:25:00,63.77051762008825
2026-02-02 04:30:00,70.87583713419919
2026-02-02 04:35:00,65.62246286661048
2026-02-02 04:40:00,60.632257967229634
2026-02-02 04:45:00,62.20556473910392
2026-02-02 04:50:00,59.942314783968264
2026-02-02 04:55:00,62.871599641145764
2026-02-02 05:00:00,66.6631021126459
2026-02-02 05:05:00,64.70178316237741
2026-02-02 05:10:00,63.87362452225206
2026-02-02 05:15:00,63.977746009733444
2026-02-02 05:20:00,58.69120839822707
2026-02-02 05:25:00,59.23951670214558
2026-02-02 05:30:00,65.08697975622316
2026-02-02 05:35:00,68.79317866046016
2026-02-02 05:40:00,63.61336125200894
2026-02-02 05:45:00,65.62471255878556
2026-02-02 05:50:00,67.72352907615956
2026-02-02 05:55:00,64.96964047152113
2026-02-02 06:00:00,63.740035519610316
2026-02-02 06:05:00,64.43776766791115
2026-02-02 06:10:00,62.658596460900284
2026-02-02 06:15:00,65.06996030973522
2026-02-02 06:20:00,64.84892787391823
2026-02-02 06:25:00,67.72472912853696
2026-02-02 06:30:00,64.60437269701171
2026-02-02 06:35:00,64.99006351359255
2026-02-02 06:40:00,65.52779973773247
2026-02-02 06:45:00,69.24016946058805
2026-02-02 06:50:00,61.52916107340302
2026-02-02 06:55:00,68.59338682551362
2026-02-02 07:00:00,37.75834893703173
2026-02-02 07:05:00,29.08849934111336
2026-02-02 07:10:00,24.95739066560343
2026-02-02 07:15:00,39.929198112791376
2026-02-02 07:20:00,41.11114619365541
2026-02-02 07:25:00,42.95077006603417
2026-02-02 07:30:00,26.726953495170534
2026-02-02 07:35:00,30.5186967317783
2026-02-02 07:40:00,45.82431145236753
2026-02-02 07:45:00,26.616175343400094
2026-02-02 07:50:00,33.51993909216217
2026-02-02 07:55:00,27.106845342379824
2026-02-02 08:00:00,24.62899297673991
2026-02-02 08:05:00,40.18632748035661
2026-02-02 08:10:00,37.68975182995151
2026-02-02 08:15:00,23.923129061751656
2026-02-02 08:20:00,46.86014405858151
2026-02-02 08:25:00,28.647746825850767
2026-02-02 08:30:00,37.3396701619439
2026-02-02 08:35:00,34.57680414188282
2026-02-02 08:40:00,35.158726798059526
2026-02-02 08:45:00,24.066484992317104
2026-02-02 08:50:00,25.33188899621496
2026-02-02 08:55:00,26.770978130069864
2026-02-02 09:00:00,31.52529388949267
2026-02-02 09:05:00,35.96908291720987
2026-02-02 09:10:00,41.58293004460417
2026-02-02 09:15:00,33.216349506185225
2026-02-02 09:20:00,35.59385177262555
2026-02-02 09:25:00,46.631585454673065
2026-02-02 09:30:00,39.582532850398195
2026-02-02 09:35:00,29.774680856243428
2026-02-02 09:40:00,33.605437244214045
2026-02-02 09:45:00,36.362988297653146
2026-02-02 09:50:00,45.80228790937959
2026-02-02 09:55:00,44.03277053961003
2026-02-02 10:00:00,61.17645521955396
2026-02-02 10:05:00,56.28866513238106
2026-02-02 10:10:00,61.26747767071906
2026-02-02 10:15:00,55.853804392821935
2026-02-02 10:20:00,50.51623902498459
2026-02-02 10:25:00,51.3732757442593
2026-02-02 10:30:00,58.53856869141768
2026-02-02 10:35:00,57.26729184437415
2026-02-02 10:40:00,57.9353759676648
2026-02-02 10:45:00,50.69178549010618
2026-02-02 10:50:00,56.26178716385552
2026-02-02 10:55:00,54.8614729312713
2026-02-02 11:00:00,59.23018233595173
2026-02-02 11:05:00,53.713387725631364
2026-02-02 11:10:00,54.07579727390193
2026-02-02 11:15:00,52.20185628898535
2026-02-02 11:20:00,60.93472519088989
2026-02-02 11:25:00,46.7381240244217
2026-02-02 11:30:00,57.64213636637706
2026-02-02 11:35:00,53.648240314144154
2026-02-02 11:40:00,54.68802655909372
2026-02-02 11:45:00,59.877442639675756
2026-02-02 11:50:00,56.35292453801914
2026-02-02 11:55:00,51.47631537850639
2026-02-02 12:00:00,54.97442134616007
2026-02-02 12:05:00,52.21361248767757
2026-02-02 12:10:00,53.235938756555335
2026-02-02 12:15:00,55.161563603736354
2026-02-02 12:20:00,49.559509106187534
2026-02-02 12:25:00,53.24651400737801
2026-02-02 12:30:00,56.20128755595995
2026-02-02 12:35:00,52.36991105763101
2026-02-02 12:40:00,50.925776939262
2026-02-02 12:45:00,49.40757853589475
2026-02-02 12:50:00,54.48673792361731
2026-02-02 12:55:00,52.584070179684666
2026-02-02 13:00:00,51.98520219803884
2026-02-02 13:05:00,59.49493148762433
2026-02-02 13:10:00,54.84266765450903
2026-02-02 13:15:00,54.15010843807168
2026-02-02 13:20:00,55.41716550293178
2026-02-02 13:25:00,55.672117841642155
2026-02-02 13:30:00,56.43893372777508
2026-02-02 13:35:00,55.34279225490332
2026-02-02 13:40:00,52.32688392925177
2026-02-02 13:45:00,56.77620007923951
2026-02-02 13:50:00,53.54201281522154
2026-02-02 13:55:00,56.63301433790286
2026-02-02 14:00:00,65.84257013900762
2026-02-02 14:05:00,58.395472920732225
2026-02-02 14:10:00,58.90163803583712
2026-02-02 14:15:00,49.89331933017152
2026-02-02 14:20:00,55.67014016367676
2026-02-02 14:25:00,53.700534433232264
2026-02-02 14:30:00,53.510436973181726
2026-02-02 14:35:00,59.20629891269175
2026-02-02 14:40:00,51.572555171359255
2026-02-02 14:45:00,57.26403470067959
2026-02-02 14:50:00,61.29827919393841
2026-02-02 14:55:00,54.206200419277074
2026-02-02 15:00:00,53.22436278349209
2026-02-02 15:05:00,58.68083062840455
2026-02-02 15:10:00,52.08329866650238
2026-02-02 15:15:00,46.44116974221315
2026-02-02 15:20:00,56.39923606354594
2026-02-02 15:25:00,54.158705167747044
2026-02-02 15:30:00,59.4237719477772
2026-02-02 15:35:00,54.40041810742902
2026-02-02 15:40:00,56.89226249548638
2026-02-02 15:45:00,54.93874596053635
2026-02-02 15:50:00,53.759052407465866
2026-02-02 15:55:00,55.058137760119955
2026-02-02 16:00:00,34.7137219883533
2026-02-02 16:05:00,36.06659485169137
2026-02-02 16:10:00,38.37284223716371
2026-02-02 16:15:00,24.84876109815713
2026-02-02 16:20:00,18.949739696278176
2026-02-02 16:25:00,35.73562339336223
2026-02-02 16:30:00,36.48943806246311
2026-02-02 16:35:00,35.98486072290589
2026-02-02 16:40:00,23.968647833349955
2026-02-02 16:45:00,22.421227364109704
2026-02-02 16:50:00,19.69732709248353
2026-02-02 16:55:00,32.08599155324821
2026-02-02 17:00:00,48.39260138825232
2026-02-02 17:05:00,27.903311271174708
2026-02-02 17:10:00,20.022376742216466
2026-02-02 17:15:00,24.550788749639942
2026-02-02 17:20:00,24.52689454418462
2026-02-02 17:25:00,24.60746987923437
2026-02-02 17:30:00,37.18816738334218
2026-02-02 17:35:00,23.40130736090471
2026-02-02 17:40:00,29.29203669955543
2026-02-02 17:45:00,22.720180765726013
2026-02-02 17:50:00,42.53539455541883
2026-02-02 17:55:00,26.24027251500764
2026-02-02 18:00:00,35.48864782949102
2026-02-02 18:05:00,39.660897739409556
2026-02-02 18:10:00,31.244979193889122
2026-02-02 18:15:00,37.62622201737361
2026-02-02 18:20:00,32.35884400572925
2026-02-02 18:25:00,22.32494491900925
2026-02-02 18:30:00,34.413026461712285
2026-02-02 18:35:00,25.807879650590408
2026-02-02 18:40:00,30.580237980953058
2026-02-02 18:45:00,33.11342056143762
2026-02-02 18:50:00,22.76760947043468
2026-02-02 18:55:00,26.862554011160075
2026-02-02 19:00:00,16.174444033188735
2026-02-02 19:05:00,35.05836912823265
2026-02-02 19:10:00,21.172989751660268
2026-02-02 19:15:00,37.88628005597846
2026-02-02 19:20:00,32.27534086118408
2026-02-02 19:25:00,32.00930319870113
2026-02-02 19:30:00,24.459885431905604
2026-02-02 19:35:00,28.94406219280145
2026-02-02 19:40:00,50.26434851450031
2026-02-02 19:45:00,32.70520375768025
2026-02-02 19:50:00,37.05125441216289
2026-02-02 19:55:00,38.922227828283155
2026-02-02 20:00:00,65.01274880105902
2026-02-02 20:05:00,64.37406505870378
2026-02-02 20:10:00,65.13288524041363
2026-02-02 20:15:00,59.36980106401909
2026-02-02 20:20:00,63.556563422408836
2026-02-02 20:25:00,63.24514947054104
2026-02-02 20:30:00,67.58708567311804
2026-02-02 20:35:00,64.88258032811906
2026-02-02 20:40:00,69.14993053895607
2026-02-02 20:45:00,63.739807758220444
2026-02-02 20:50:00,64.09570197415566
2026-02-02 20:55:00,65.21107643714511
2026-02-02 21:00:00,64.96382654911467
2026-02-02 21:05:00,69.94642481288032
2026-02-02 21:10:00,56.73049798351364
2026-02-02 21:15:00,65.85763582455264
2026-02-02 21:20:00,66.29786493788916
2026-02-02 21:25:00,69.1525640423911
2026-02-02 21:30:00,63.62643914958457
2026-02-02 21:35:00,64.50942291680181
2026-02-02 21:40:00,68.95887718129876
2026-02-02 21:45:00,68.15235860217146
2026-02-02 21:50:00,60.0245174121844
2026-02-02 21:55:00,61.855849589713245
2026-02-02 22:00:00,68.55423905792205
2026-02-02 22:05:00,63.34739971447613
2026-02-02 22:10:00,65.96706568115968
2026-02-02 22:15:00,64.2767219844562
2026-02-02 22:20:00,66.64947585670562
2026-02-02 22:25:00,65.39768176960166
2026-02-02 22:30:00,62.41712741624736
2026-02-02 22:35:00,62.80933115316364
2026-02-02 22:40:00,67.98435420922374
2026-02-02 22:45:00,63.36686343920921
2026-02-02 22:50:00,63.3879064809055
2026-02-02 22:55:00,64.25330704960083
2026-02-02 23:00:00,66.76011911226077
2026-02-02 23:05:00,67.11045532699214
2026-02-02 23:10:00,62.94142878416206
2026-02-02 23:15:00,65.44058967543512
2026-02-02 23:20:00,64.39132108734226
2026-02-02 23:25:00,61.340042797333695
2026-02-02 23:30:00,69.42136007881791
2026-02-02 23:35:00,69.43465889607366
2026-02-02 23:40:00,61.057651049920864
2026-02-02 23:45:00,62.53049648827856
2026-02-02 23:50:00,63.857965718499536
2026-02-02 23:55:00,68.6833605683635
2026-02-03 00:00:00,69.89043183715773
2026-02-03 00:05:00,68.74290061793585
2026-02-03 00:10:00,62.74430744177814
2026-02-03 00:15:00,68.21698429076477
2026-02-03 00:20:00,63.86995532505278
2026-02-03 00:25:00,65.93318206474359
2026-02-03 00:30:00,68.2805360603877
2026-02-03 00:35:00,65.83402603578548
2026-02-03 00:40:00,63.51873958628741
2026-02-03 00:45:00,61.903952294300716
2026-02-03 00:50:00,63.67280526231391
2026-02-03 00:55:00,66.11772623130634
2026-02-03 01:00:00,62.392033194009315
2026-02-03 01:05:00,67.99764288944463
2026-02-03 01:10:00,63.53162194125133
2026-02-03 01:15:00,66.03345809090528
2026-02-03 01:20:00,65.78423002067892
2026-02-03 01:25:00,63.285399796289965
2026-02-03 01:30:00,61.346899261917414
2026-02-03 01:35:00,64.25362440477339
2026-02-03 01:40:00,66.02965454908532
2026-02-03 01:45:00,62.319149033546566
2026-02-03 01:50:00,65.50759050201944
2026-02-03 01:55:00,63.59106892536537
2026-02-03 02:00:00,61.81156548579801
2026-02-03 02:05:00,60.762921658921776
2026-02-03 02:10:00,61.137645825688054
2026-02-03 02:15:00,68.88113662425356
2026-02-03 02:20:00,66.60823163479002
2026-02-03 02:25:00,62.681916499877644
2026-02-03 02:30:00,68.37740470821036
2026-02-03 02:35:00,70.07688899614327
2026-02-03 02:40:00,65.36396671964552
2026-02-03 02:45:00,66.92958595230024
2026-02-03 02:50:00,66.42811141331094
2026-02-03 02:55:00,61.51920762117233
2026-02-03 03:00:00,65.73192391160008
2026-02-03 03:05:00,65.00193524533735
2026-02-03 03:10:00,64.90472940259933
2026-02-03 03:15:00,61.448458190019686
2026-02-03 03:20:00,64.92587203559144
2026-02-03 03:25:00,62.966591893573906
2026-02-03 03:30:00,63.56065258654592
2026-02-03 03:35:00,65.94220574753314
2026-02-03 03:40:00,65.90700799552701
2026-02-03 03:45:00,64.15107703629363
2026-02-03 03:50:00,63.76475267400765
2026-02-03 03:55:00,65.25882195810154
2026-02-03 04:00:00,64.79063639613678
2026-02-03 04:05:00,68.52297216588109
2026-02-03 04:10:00,65.61599150740474
2026-02-03 04:15:00,66.50230462586904
2026-02-03 04:20:00,67.54691085161286
2026-02-03 04:25:00,68.11530778959383
2026-02-03 04:30:00,70.18825377708724
2026-02-03 04:35:00,61.91586753996188
2026-02-03 04:40:00,64.36115592305741
2026-02-03 04:45:00,65.08298227580285
2026-02-03 04:50:00,72.32347920040068
2026-02-03 04:55:00,69.33763760716548
2026-02-03 05:00:00,66.13977210724404
2026-02-03 05:05:00,58.50897499632287
2026-02-03 05:10:00,67.21999689706038
2026-02-03 05:15:00,61.625577746581925
2026-02-03 05:20:00,67.81783595433149
2026-02-03 05:25:00,65.48403046064578
2026-02-03 05:30:00,69.98223696197132
2026-02-03 05:35:00,64.37756342267855
2026-02-03 05:40:00,61.658259184159974
2026-02-03 05:45:00,58.84918292707093
2026-02-03 05:50:00,61.34136059505965
2026-02-03 05:55:00,63.09444401777461
2026-02-03 06:00:00,61.54397753543807
2026-02-03 06:05:00,65.37216004327996
2026-02-03 06:10:00,67.40430574189585
2026-02-03 06:15:00,66.57348752289076
2026-02-03 06:20:00,65.63294714813337
2026-02-03 06:25:00,64.43832181308164
2026-02-03 06:30:00,62.5092334838839
2026-02-03 06:35:00,66.95145444315398
2026-02-03 06:40:00,62.896485373156594
2026-02-03 06:45:00,70.31274637580415
2026-02-03 06:50:00,66.50650374156783
2026-02-03 06:55:00,60.441301003350375
2026-02-03 07:00:00,38.27782530355761
2026-02-03 07:05:00,24.312569236669052
2026-02-03 07:10:00,36.84478497669854
2026-02-03 07:15:00,26.814452167105742
2026-02-03 07:20:00,24.41557972482151
2026-02-03 07:25:00,28.83887598677446
2026-02-03 07:30:00,43.46457952232245
2026-02-03 07:35:00,41.768492952762294
2026-02-03 07:40:00,28.03601054259549
2026-02-03 07:45:00,32.775129475367876
2026-02-03 07:50:00,25.56580476004056
2026-02-03 07:55:00,42.071952294959765
2026-02-03 08:00:00,44.09872113499458
2026-02-03 08:05:00,39.86667606623947
2026-02-03 08:10:00,28.684189608066916
2026-02-03 08:15:00,30.70682607847093
2026-02-03 08:20:00,44.01406402754496
2026-02-03 08:25:00,44.90529632993856
2026-02-03 08:30:00,37.67064359055294
2026-02-03 08:35:00,40.74217250719542
2026-02-03 08:40:00,34.67824741278379
2026-02-03 08:45:00,35.065024759996234
2026-02-03 08:50:00,30.052693970113634
2026-02-03 08:55:00,36.392438154267246
2026-02-03 09:00:00,38.63212234625306
2026-02-03 09:05:00,26.88574234285783
2026-02-03 09:10:00,43.52163437423196
2026-02-03 09:15:00,27.5359479142645
2026-02-03 09:20:00,21.56825957154064
2026-02-03 09:25:00,41.45403312429571
2026-02-03 09:30:00,28.522966331411688
2026-02-03 09:35:00,31.75868842992885
2026-02-03 09:40:00,32.764640227293164
2026-02-03 09:45:00,32.5931882549522
2026-02-03 09:50:00,25.105703908693027
2026-02-03 09:55:00,39.79880380975057
2026-02-03 10:00:00,57.580145983371175
2026-02-03 10:05:00,60.58514596084964
2026-02-03 10:10:00,54.837873963841645
2026-02-03 10:15:00,55.1650881667017
2026-02-03 10:20:00,55.01723071377727
2026-02-03 10:25:00,54.92889766577333
2026-02-03 10:30:00,58.134123305235065
2026-02-03 10:35:00,58.15924170424851
2026-02-03 10:40:00,62.32679610745567
2026-02-03 10:45:00,53.543619597565396
2026-02-03 10:50:00,54.03755286374762
2026-02-03 10:55:00,54.39513681927699
2026-02-03 11:00:00,57.10306522323205
2026-02-03 11:05:00,59.410859001789966
2026-02-03 11:10:00,58.138473957639
2026-02-03 11:15:00,52.28264521545581
2026-02-03 11:20:00,55.314780266939444
2026-02-03 11:25:00,59.37141692861126
2026-02-03 11:30:00,57.9708470715304
2026-02-03 11:35:00,57.67244310914587
2026-02-03 11:40:00,54.32052466741566
2026-02-03 11:45:00,60.27912425045631
2026-02-03 11:50:00,54.54464878522144
2026-02-03 11:55:00,56.839449232090864
2026-02-03 12:00:00,58.063164752440606
2026-02-03 12:05:00,55.54668194529201
2026-02-03 12:10:00,51.557717357508096
2026-02-03 12:15:00,55.27076744817049
2026-02-03 12:20:00,45.89793430314839
2026-02-03 12:25:00,48.47351691762384
2026-02-03 12:30:00,51.256059371595335
2026-02-03 12:35:00,56.811691359996736
2026-02-03 12:40:00,55.501431290542435
2026-02-03 12:45:00,53.62496583230904
2026-02-03 12:50:00,56.61376153110709
2026-02-03 12:55:00,54.71445047606138
2026-02-03 13:00:00,54.43741217226768
2026-02-03 13:05:00,62.52529491690807
2026-02-03 13:10:00,61.45185480195585
2026-02-03 13:15:00,65.6004098019752
2026-02-03 13:20:00,51.663388611521
2026-02-03 13:25:00,57.17126671861884
2026-02-03 13:30:00,55.52804308043545
2026-02-03 13:35:00,54.69476128280067
2026-02-03 13:40:00,49.53230464952907
2026-02-03 13:45:00,49.95392119760137
2026-02-03 13:50:00,54.0308234544463
2026-02-03 13:55:00,51.658398590393176
2026-02-03 14:00:00,54.87613785523501
2026-02-03 14:05:00,47.30372030905653
2026-02-03 14:10:00,53.76893492743281
2026-02-03 14:15:00,45.77038279581246
2026-02-03 14:20:00,52.27227785380215
2026-02-03 14:25:00,53.57434877187404
2026-02-03 14:30:00,52.06947116596255
2026-02-03 14:35:00,54.16722949689624
2026-02-03 14:40:00,51.29473172258203
2026-02-03 14:45:00,59.733376829633734
2026-02-03 14:50:00,49.93663011699409
2026-02-03 14:55:00,51.486461694243694
2026-02-03 15:00:00,59.302967967004086
2026-02-03 15:05:00,49.498022710672025
2026-02-03 15:10:00,60.532450798271626
2026-02-03 15:15:00,59.320902918790964
2026-02-03 15:20:00,56.94428741417181
2026-02-03 15:25:00,61.48370220052531
2026-02-03 15:30:00,57.851369563158556
2026-02-03 15:35:00,49.85041706792566
2026-02-03 15:40:00,58.484792860812384
2026-02-03 15:45:00,51.93307243504623
2026-02-03 15:50:00,57.22461125030436
2026-02-03 15:55:00,53.90154222483864
2026-02-03 16:00:00,19.877076016432866
2026-02-03 16:05:00,32.40270961033529
2026-02-03 16:10:00,37.583419814783646
2026-02-03 16:15:00,37.15257607092637
2026-02-03 16:20:00,37.97579336085698
2026-02-03 16:25:00,22.975457319833936
2026-02-03 16:30:00,25.56185151418041
2026-02-03 16:35:00,31.62460976694702
2026-02-03 16:40:00,39.040898000886415
2026-02-03 16:45:00,30.927921039630824
2026-02-03 16:50:00,30.41279687460011
2026-02-03 16:55:00,23.794018558845796
2026-02-03 17:00:00,36.39444828667039
2026-02-03 17:05:00,31.300623905310722
2026-02-03 17:10:00,17.08995837059961
2026-02-03 17:15:00,29.305202871833682
2026-02-03 17:20:00,27.88755924807962
2026-02-03 17:25:00,36.99317082868822
2026-02-03 17:30:00,22.21454956035945
2026-02-03 17:35:00,19.260764661232958
2026-02-03 17:40:00,24.08699337293767
2026-02-03 17:45:00,33.77225363326386
2026-02-03 17:50:00,29.08841291228169
2026-02-03 17:55:00,27.389079303722294
2026-02-03 18:00:00,34.76200215305237
2026-02-03 18:05:00,19.80681715950655
2026-02-03 18:10:00,29.590527532485446
2026-02-03 18:15:00,37.97743853063017
2026-02-03 18:20:00,24.65557337877776
2026-02-03 18:25:00,29.00363567750209
2026-02-03 18:30:00,19.680119836452736
2026-02-03 18:35:00,34.990634704890574
2026-02-03 18:40:00,35.515006737725486
2026-02-03 18:45:00,32.51478755094563
2026-02-03 18:50:00,24.563457443667065
2026-02-03 18:55:00,26.26628376327563
2026-02-03 19:00:00,30.854048860927886
2026-02-03 19:05:00,30.555251512527203
2026-02-03 19:10:00,30.72784409733958
2026-02-03 19:15:00,38.225790337650174
2026-02-03 19:20:00,26.421767035869394
2026-02-03 19:25:00,32.96125746246264
2026-02-03 19:30:00,22.833108148174393
2026-02-03 19:35:00,32.58841795489757
2026-02-03 19:40:00,19.378163678356092
2026-02-03 19:45:00,24.25409882438728
2026-02-03 19:50:00,45.841569796995415
2026-02-03 19:55:00,28.96308215711107
2026-02-03 20:00:00,63.88845766067043
2026-02-03 20:05:00,64.08249569709713
2026-02-03 20:10:00,65.96637131971971
2026-02-03 20:15:00,63.729914693011885
2026-02-03 20:20:00,65.83411634550218
2026-02-03 20:25:00,67.29828564872099
2026-02-03 20:30:00,57.223866871803686
2026-02-03 20:35:00,68.24538958330034
2026-02-03 20:40:00,64.80132553680802
2026-02-03 20:45:00,68.40402335247269
2026-02-03 20:50:00,58.537138314177504
2026-02-03 20:55:00,69.41260440924252
2026-02-03 21:00:00,60.79411011662798
2026-02-03 21:05:00,61.35537730767039
2026-02-03 21:10:00,66.33998988462939
2026-02-03 21:15:00,65.1517258076042
2026-02-03 21:20:00,65.37842023228043
2026-02-03 21:25:00,65.91225242595817
2026-02-03 21:30:00,65.50456292612066
2026-02-03 21:35:00,65.51219773541024
2026-02-03 21:40:00,66.18728381345646
2026-02-03 21:45:00,61.20973719267966
2026-02-03 21:50:00,62.3287155341448
2026-02-03 21:55:00,64.33770966146211
2026-02-03 22:00:00,61.27336775301405
2026-02-03 22:05:00,65.27288330893724
2026-02-03 22:10:00,69.31399719394925
2026-02-03 22:15:00,66.55351719324686
2026-02-03 22:20:00,63.97401750920622
2026-02-03 22:25:00,61.32089375873998
2026-02-03 22:30:00,64.40147539754781
2026-02-03 22:35:00,63.83057530113508
2026-02-03 22:40:00,59.344820084774796
2026-02-03 22:45:00,63.84191817281032
2026-02-03 22:50:00,63.21817437628112
2026-02-03 22:55:00,62.75769781280754
2026-02-03 23:00:00,59.9708522714468
2026-02-03 23:05:00,61.97516329781711
2026-02-03 23:10:00,64.13026836134378
2026-02-03 23:15:00,69.19098334758627
2026-02-03 23:20:00,70.75035048719053
2026-02-03 23:25:00,61.76096324903289
2026-02-03 23:30:00,63.896337616237126
2026-02-03 23:35:00,64.7232300188674
2026-02-03 23:40:00,64.75347978156763
2026-02-03 23:45:00,67.74548681908121
2026-02-03 23:50:00,63.96014854659136
2026-02-03 23:55:00,66.60067949171525
2026-02-04 00:00:00,66.18862568098305
2026-02-04 00:05:00,71.86339646518941
2026-02-04 00:10:00,60.83825837535485
2026-02-04 00:15:00,67.5458497505452
2026-02-04 00:20:00,60.74252292176065
2026-02-04 00:25:00,63.2347164174351
2026-02-04 00:30:00,69.07972324525052
2026-02-04 00:35:00,64.53584973748966
2026-02-04 00:40:00,69.27298344759878
2026-02-04 00:45:00,64.0091608099991
2026-02-04 00:50:00,66.79976267357443
2026-02-04 00:55:00,64.47132268472858
2026-02-04 01:00:00,68.92334475833367
2026-02-04 01:05:00,62.917467940642005
2026-02-04 01:10:00,61.658914803191536
2026-02-04 01:15:00,66.41738999849913
2026-02-04 01:20:00,64.65478307613333
2026-02-04 01:25:00,67.32501628196913
2026-02-04 01:30:00,58.88091454429675
2026-02-04 01:35:00,65.66897354667627
2026-02-04 01:40:00,62.48269329952224
2026-02-04 01:45:00,62.142421947794375
2026-02-04 01:50:00,69.94589248018951
2026-02-04 01:55:00,66.47689311512542
2026-02-04 02:00:00,61.368651861098236
2026-02-04 02:05:00,65.24955685921374
2026-02-04 02:10:00,65.73459688635862
2026-02-04 02:15:00,64.51776982291207
2026-02-04 02:20:00,61.500866450099636
2026-02-04 02:25:00,65.6503605514521
2026-02-04 02:30:00,61.278493651999284
2026-02-04 02:35:00,66.10595146477034
2026-02-04 02:40:00,60.85356814053469
2026-02-04 02:45:00,72.37243927347932
2026-02-04 02:50:00,62.75868307047386
2026-02-04 02:55:00,61.63339073608846
2026-02-04 03:00:00,64.41629314865692
2026-02-04 03:05:00,61.00724256962403
2026-02-04 03:10:00,58.82505430194794
2026-02-04 03:15:00,62.14350704460831
2026-02-04 03:20:00,65.83452247632188
2026-02-04 03:25:00,63.610928315671835
2026-02-04 03:30:00,62.61747660044439
2026-02-04 03:35:00,65.03226219163088
2026-02-04 03:40:00,68.10675992236031
2026-02-04 03:45:00,70.62600886538816
2026-02-04 03:50:00,65.88239377432593
2026-02-04 03:55:00,61.15403238847671
2026-02-04 04:00:00,66.55884361804677
2026-02-04 04:05:00,61.857116877287645
2026-02-04 04:10:00,60.21133147068885
2026-02-04 04:15:00,63.01106854819014
2026-02-04 04:20:00,61.21240462751716
2026-02-04 04:25:00,61.99569007021336
2026-02-04 04:30:00,63.24018959956634
2026-02-04 04:35:00,67.79696808461392
2026-02-04 04:40:00,63.764476370405575
2026-02-04 04:45:00,66.03278120102549
2026-02-04 04:50:00,65.48551810166508
2026-02-04 04:55:00,62.487977953014415
2026-02-04 05:00:00,64.76950399619038
2026-02-04 05:05:00,67.29559661857036
2026-02-04 05:10:00,62.85086244024363
2026-02-04 05:15:00,62.040133056956755
2026-02-04 05:20:00,63.987944035615634
2026-02-04 05:25:00,66.75894370499938
2026-02-04 05:30:00,70.54493126422247
2026-02-04 05:35:00,59.50889765453234
2026-02-04 05:40:00,64.38740233945126
2026-02-04 05:45:00,62.40554598840241
2026-02-04 05:50:00,62.258921059759174
2026-02-04 05:55:00,64.83012553178337
2026-02-04 06:00:00,66.9595286585737
2026-02-04 06:05:00,59.90798264227122
2026-02-04 06:10:00,70.75548542378942
2026-02-04 06:15:00,67.45119503101026
2026-02-04 06:20:00,64.50203934386249
2026-02-04 06:25:00,63.64356068141331
2026-02-04 06:30:00,62.31907156612102
2026-02-04 06:35:00,65.71491416255944
2026-02-04 06:40:00,62.12031867125041
2026-02-04 06:45:00,66.77283153050132
2026-02-04 06:50:00,60.79117362874518
2026-02-04 06:55:00,67.94328466716865
2026-02-04 07:00:00,40.2526170860435
2026-02-04 07:05:00,30.93242018607482
2026-02-04 07:10:00,32.33684457534864
2026-02-04 07:15:00,28.908769272318487
2026-02-04 07:20:00,39.620495028126534
2026-02-04 07:25:00,35.29066240664551
2026-02-04 07:30:00,37.83875086446893
2026-02-04 07:35:00,42.880063918148046
2026-02-04 07:40:00,33.82183720933655
2026-02-04 07:45:00,35.12325619275977
2026-02-04 07:50:00,43.5911192791582
2026-02-04 07:55:00,29.073833174701484
2026-02-04 08:00:00,25.345262806174304
2026-02-04 08:05:00,28.86795355755135
2026-02-04 08:10:00,42.286343538205614
2026-02-04 08:15:00,36.869020766210234
2026-02-04 08:20:00,40.02432098219988
2026-02-04 08:25:00,36.35704623078471
2026-02-04 08:30:00,40.91025373798343
2026-02-04 08:35:00,43.81795598747368
2026-02-04 08:40:00,42.64543982474915
2026-02-04 08:45:00,41.785078008071366
2026-02-04 08:50:00,44.660372946488906
2026-02-04 08:55:00,30.674429587484568
2026-02-04 09:00:00,28.268749021326816
2026-02-04 09:05:00,32.51475999322872
2026-02-04 09:10:00,30.422011095102455
2026-02-04 09:15:00,26.305405761898992
2026-02-04 09:20:00,37.6054185298416
2026-02-04 09:25:00,29.931612953522784
2026-02-04 09:30:00,32.26783587715292
2026-02-04 09:35:00,33.67901106326797
2026-02-04 09:40:00,34.64780369860242
2026-02-04 09:45:00,39.89910451591118
2026-02-04 09:50:00,39.67708864310141
2026-02-04 09:55:00,44.067190798386925
2026-02-04 10:00:00,58.50368503817765
2026-02-04 10:05:00,57.05967921737247
2026-02-04 10:10:00,45.857273055894936
2026-02-04 10:15:00,53.411326852269305
2026-02-04 10:20:00,58.965073078846885
2026-02-04 10:25:00,60.308812692949026
2026-02-04 10:30:00,52.01032024235112
2026-02-04 10:35:00,55.34114163910798
2026-02-04 10:40:00,49.29794893700666
2026-02-04 10:45:00,59.332940319716165
2026-02-04 10:50:00,53.77390727554465
2026-02-04 10:55:00,56.929483335396384
2026-02-04 11:00:00,59.89152977438353
2026-02-04 11:05:00,54.99504192951836
2026-02-04 11:10:00,58.15391101015469
2026-02-04 11:15:00,49.24127084126545
2026-02-04 11:20:00,51.64825537938909
2026-02-04 11:25:00,56.5097748907904
2026-02-04 11:30:00,59.45368125236956
2026-02-04 11:35:00,53.617271970976205
2026-02-04 11:40:00,54.13352690882432
2026-02-04 11:45:00,60.87529149902815
2026-02-04 11:50:00,52.04382161046427
2026-02-04 11:55:00,61.026309845145505
2026-02-04 12:00:00,53.81277001742734
2026-02-04 12:05:00,59.12295676176208
2026-02-04 12:10:00,48.04464510283418
2026-02-04 12:15:00,55.01408097210108
2026-02-04 12:20:00,52.343219038803234
2026-02-04 12:25:00,59.44545336538316
2026-02-04 12:30:00,51.29425430935966
2026-02-04 12:35:00,61.06452986198583
2026-02-04 12:40:00,57.31564064580327
2026-02-04 12:45:00,47.83951323501327
2026-02-04 12:50:00,46.7546515263317
2026-02-04 12:55:00,55.03669045018097
2026-02-04 13:00:00,51.4899152044944
2026-02-04 13:05:00,53.259198766125905
2026-02-04 13:10:00,48.431668822633114
2026-02-04 13:15:00,50.59515939738407
2026-02-04 13:20:00,58.63061502084473
2026-02-04 13:25:00,57.47313091868349
2026-02-04 13:30:00,58.38546315500003
2026-02-04 13:35:00,53.69783106381989
2026-02-04 13:40:00,52.55003694163318
2026-02-04 13:45:00,55.048307197189175
2026-02-04 13:50:00,59.45216702172404
2026-02-04 13:55:00,57.041732229741896
2026-02-04 14:00:00,57.11240117833062
2026-02-04 14:05:00,60.25455289373745
2026-02-04 14:10:00,58.58169384971146
2026-02-04 14:15:00,57.419939296910975
2026-02-04 14:20:00,49.498966639577894
2026-02-04 14:25:00,59.65636691474586
2026-02-04 14:30:00,53.44364395790659
2026-02-04 14:35:00,49.68139397418352
2026-02-04 14:40:00,52.23153395185504
2026-02-04 14:45:00,56.1570957300779
2026-02-04 14:50:00,58.786687436692226
2026-02-04 14:55:00,54.63994330703429
2026-02-04 15:00:00,61.6312969337424
2026-02-04 15:05:00,53.7350092926859
2026-02-04 15:10:00,54.51009702001451
2026-02-04 15:15:00,52.55150389672075
2026-02-04 15:20:00,56.62735062999544
2026-02-04 15:25:00,58.72699402570795
2026-02-04 15:30:00,55.92288465215704
2026-02-04 15:35:00,56.97451156765974
2026-02-04 15:40:00,60.21579698135547
2026-02-04 15:45:00,58.070168474311146
2026-02-04 15:50:00,59.730231886693566
2026-02-04 15:55:00,57.07484467434806
2026-02-04 16:00:00,31.644522056865956
2026-02-04 16:05:00,39.790493518499254
2026-02-04 16:10:00,38.98744457126338
2026-02-04 16:15:00,34.84412621608767
2026-02-04 16:20:00,33.458392736271094
2026-02-04 16:25:00,20.876824806901528
2026-02-04 16:30:00,28.108531473038724
2026-02-04 16:35:00,39.01049842465693
2026-02-04 16:40:00,39.91606501935119
2026-02-04 16:45:00,25.52000097317254
2026-02-04 16:50:00,38.93646411739382
2026-02-04 16:55:00,39.185749923212235
2026-02-04 17:00:00,30.186564803369645
2026-02-04 17:05:00,29.509650374511466
2026-02-04 17:10:00,38.9955862115185
2026-02-04 17:15:00,37.532318090689884
2026-02-04 17:20:00,35.81541052523979
2026-02-04 17:25:00,41.4207695978349
2026-02-04 17:30:00,28.8434471180735
2026-02-04 17:35:00,26.688583793560653
2026-02-04 17:40:00,34.50376952475461
2026-02-04 17:45:00,29.93716102057537
2026-02-04 17:50:00,28.354774736411418
2026-02-04 17:55:00,34.98542129840364
2026-02-04 18:00:00,22.968327977407093
2026-02-04 18:05:00,36.38612838957565
2026-02-04 18:10:00,24.322546541546505
2026-02-04 18:15:00,23.328533781835443
2026-02-04 18:20:00,20.998843030364885
2026-02-04 18:25:00,38.281078066943344
2026-02-04 18:30:00,27.244532939293297
2026-02-04 18:35:00,29.295519839263438
2026-02-04 18:40:00,30.00431216629978
2026-02-04 18:45:00,19.872509043466785
2026-02-04 18:50:00,36.36834564610871
2026-02-04 18:55:00,21.061240165856926
2026-02-04 19:00:00,30.650399968900096
2026-02-04 19:05:00,36.21317149503554
2026-02-04 19:10:00,27.65852088035445
2026-02-04 19:15:00,16.197234656947835
2026-02-04 19:20:00,35.72171777724619
2026-02-04 19:25:00,34.601371952339136
2026-02-04 19:30:00,36.41711764860496
2026-02-04 19:35:00,18.76698438680297
2026-02-04 19:40:00,31.20849789186653
2026-02-04 19:45:00,30.991973907289765
2026-02-04 19:50:00,28.89311060003184
2026-02-04 19:55:00,26.057513920633205
2026-02-04 20:00:00,66.94945800058792
2026-02-04 20:05:00,64.6524555507172
2026-02-04 20:10:00,67.02338076789553
2026-02-04 20:15:00,61.038656647134026
2026-02-04 20:20:00,68.02383703951445
2026-02-04 20:25:00,68.07507307387077
2026-02-04 20:30:00,64.0508645982798
2026-02-04 20:35:00,66.81186368621302
2026-02-04 20:40:00,60.82648518180268
2026-02-04 20:45:00,65.21496661934198
2026-02-04 20:50:00,60.87338422069944
2026-02-04 20:55:00,61.80441727186211
2026-02-04 21:00:00,70.03374570524542
2026-02-04 21:05:00,63.09519214525502
2026-02-04 21:10:00,60.86167500884071
2026-02-04 21:15:00,60.19247837993045
2026-02-04 21:20:00,64.65537557115876
2026-02-04 21:25:00,67.43088133034948
2026-02-04 21:30:00,62.40418558394706
2026-02-04 21:35:00,67.6449067695733
2026-02-04 21:40:00,67.5759373577278
2026-02-04 21:45:00,65.8178781398062
2026-02-04 21:50:00,60.5827828506279
2026-02-04 21:55:00,68.73149263775986
2026-02-04 22:00:00,67.52868705236621
2026-02-04 22:05:00,64.91456941115
2026-02-04 22:10:00,59.65691952301123
2026-02-04 22:15:00,68.650481279141
2026-02-04 22:20:00,62.86365193996124
2026-02-04 22:25:00,64.95817268751354
2026-02-04 22:30:00,61.96822607305951
2026-02-04 22:35:00,58.76127765659805
2026-02-04 22:40:00,66.38586274778524
2026-02-04 22:45:00,66.87307123123303
2026-02-04 22:50:00,66.2974696021862
2026-02-04 22:55:00,63.76983499122864
2026-02-04 23:00:00,61.54884460026186
2026-02-04 23:05:00,65.1886473399756
2026-02-04 23:10:00,58.091763533651395
2026-02-04 23:15:00,60.387860402377584
2026-02-04 23:20:00,67.3102376675862
2026-02-04 23:25:00,65.20939849585854
2026-02-04 23:30:00,65.62986860925693
2026-02-04 23:35:00,62.83639699598132
2026-02-04 23:40:00,66.60703015401666
2026-02-04 23:45:00,71.46326363179884
2026-02-04 23:50:00,62.25103044260456
2026-02-04 23:55:00,66.22673543064987
2026-02-05 00:00:00,68.60665524435453
2026-02-05 00:05:00,63.95666563086913
2026-02-05 00:10:00,66.60144549393819
2026-02-05 00:15:00,70.2960419528202
2026-02-05 00:20:00,68.41582674929356
2026-02-05 00:25:00,66.48147195329445
2026-02-05 00:30:00,62.00611942954204
2026-02-05 00:35:00,64.00687411243489
2026-02-05 00:40:00,62.33865209196213
2026-02-05 00:45:00,68.45910846352332
2026-02-05 00:50:00,64.23546802632568
2026-02-05 00:55:00,62.01312958700885
2026-02-05 01:00:00,62.079086641451
2026-02-05 01:05:00,70.16087654376216
2026-02-05 01:10:00,62.268675139044895
2026-02-05 01:15:00,67.33168374887849
2026-02-05 01:20:00,66.43745627015434
2026-02-05 01:25:00,66.86188604147523
2026-02-05 01:30:00,56.449444260049034
2026-02-05 01:35:00,62.58869943556759
2026-02-05 01:40:00,65.84044570350002
2026-02-05 01:45:00,62.2877830846823
2026-02-05 01:50:00,62.96551228474489
2026-02-05 01:55:00,63.635496791479326
2026-02-05 02:00:00,60.599498797501745
2026-02-05 02:05:00,69.45091652842143
2026-02-05 02:10:00,63.175592013768465
2026-02-05 02:15:00,67.25554561473925
2026-02-05 02:20:00,65.8901108867731
2026-02-05 02:25:00,65.5573914779884
2026-02-05 02:30:00,58.95347371782647
2026-02-05 02:35:00,63.196087267179216
2026-02-05 02:40:00,71.95049654496552
2026-02-05 02:45:00,64.8668558103749
2026-02-05 02:50:00,66.00849817542147
2026-02-05 02:55:00,60.58367337709796
2026-02-05 03:00:00,69.02294163136324
2026-02-05 03:05:00,69.96443215575844
2026-02-05 03:10:00,65.0098721611519
2026-02-05 03:15:00,67.52459310637975
2026-02-05 03:20:00,65.84065562247248
2026-02-05 03:25:00,66.88899893478202
2026-02-05 03:30:00,62.48014918004897
2026-02-05 03:35:00,69.05672188410233
2026-02-05 03:40:00,64.83678861042185
2026-02-05 03:45:00,66.07074067604758
2026-02-05 03:50:00,62.142732377678065
2026-02-05 03:55:00,66.5648308042401
2026-02-05 04:00:00,69.03928534113605
2026-02-05 04:05:00,68.12971715557944
2026-02-05 04:10:00,62.04816212964749
2026-02-05 04:15:00,61.25877408253154
2026-02-05 04:20:00,70.83531693264943
2026-02-05 04:25:00,63.94834822480817
2026-02-05 04:30:00,62.821136342502925
2026-02-05 04:35:00,66.01083521101253
2026-02-05 04:40:00,65.41193829707535
2026-02-05 04:45:00,67.0914353630011
2026-02-05 04:50:00,66.30770085894201
2026-02-05 04:55:00,66.48014419959844
2026-02-05 05:00:00,60.582653412179596
2026-02-05 05:05:00,60.7018898472925
2026-02-05 05:10:00,66.31445779338065
2026-02-05 05:15:00,69.08189867121874
2026-02-05 05:20:00,62.5804771455651
2026-02-05 05:25:00,66.55736070329117
2026-02-05 05:30:00,69.73893784649181
2026-02-05 05:35:00,62.47986302327934
2026-02-05 05:40:00,67.14844559581424
2026-02-05 05:45:00,63.77605768655174
2026-02-05 05:50:00,62.38844320829241
2026-02-05 05:55:00,62.308739640810536
2026-02-05 06:00:00,66.1418282881283
2026-02-05 06:05:00,61.92107305366098
2026-02-05 06:10:00,62.591513319829346
2026-02-05 06:15:00,62.94734332710428
2026-02-05 06:20:00,66.10870462460075
2026-02-05 06:25:00,66.44643535688742
2026-02-05 06:30:00,66.1612329705433
2026-02-05 06:35:00,61.50294623880174
2026-02-05 06:40:00,65.0090089222666
2026-02-05 06:45:00,65.02345159248758
2026-02-05 06:50:00,67.9845098056481
2026-02-05 06:55:00,61.01275981004368
2026-02-05 07:00:00,23.51686108232637
2026-02-05 07:05:00,38.885116803266826
2026-02-05 07:10:00,30.315343901050955
2026-02-05 07:15:00,38.5965120073482
2026-02-05 07:20:00,33.25123587913559
2026-02-05 07:25:00,36.22164088394598
2026-02-05 07:30:00,33.24670688659593
2026-02-05 07:35:00,35.24270367886915
2026-02-05 07:40:00,47.50197720423453
2026-02-05 07:45:00,25.079391553815576
2026-02-05 07:50:00,36.656991511363294
2026-02-05 07:55:00,36.05303619784844
2026-02-05 08:00:00,30.354688480372626
2026-02-05 08:05:00,36.693136747897405
2026-02-05 08:10:00,45.83365875411723
2026-02-05 08:15:00,44.96032264842389
2026-02-05 08:20:00,33.000825845717436
2026-02-05 08:25:00,40.877008049479585
2026-02-05 08:30:00,40.59467212847374
2026-02-05 08:35:00,47.31534197113721
2026-02-05 08:40:00,38.83233881642173
2026-02-05 08:45:00,40.146934839376335
2026-02-05 08:50:00,30.861010535031262
2026-02-05 08:55:00,41.73223304654395
2026-02-05 09:00:00,53.29541181396256
2026-02-05 09:05:00,43.396406565915214
2026-02-05 09:10:00,45.36236387490874
2026-02-05 09:15:00,45.85831462336615
2026-02-05 09:20:00,44.79327646248944
2026-02-05 09:25:00,32.624102872402204
2026-02-05 09:30:00,27.707778472664167
2026-02-05 09:35:00,43.61899231123373
2026-02-05 09:40:00,38.28614500945552
2026-02-05 09:45:00,45.27165368628418
2026-02-05 09:50:00,42.07911228580695
2026-02-05 09:55:00,40.16878836288183
2026-02-05 10:00:00,62.155335010069805
2026-02-05 10:05:00,58.220288450908356
2026-02-05 10:10:00,51.06206544865899
2026-02-05 10:15:00,51.46765727465498
2026-02-05 10:20:00,52.88903016526858
2026-02-05 10:25:00,55.76094699695952
2026-02-05 10:30:00,60.76020002814237
2026-02-05 10:35:00,51.41477587014021
2026-02-05 10:40:00,53.766093400421184
2026-02-05 10:45:00,58.474788181957955
2026-02-05 10:50:00,53.277093031037126
2026-02-05 10:55:00,54.121008136990305
2026-02-05 11:00:00,46.96237809948143
2026-02-05 11:05:00,57.89656600310162
2026-02-05 11:10:00,50.48846901016294
2026-02-05 11:15:00,56.56766737791759
2026-02-05 11:20:00,58.06463256030355
2026-02-05 11:25:00,64.86117042330861
2026-02-05 11:30:00,50.02128333128514
2026-02-05 11:35:00,54.36467886925555
2026-02-05 11:40:00,49.56336060868555
2026-02-05 11:45:00,56.821780061593664
2026-02-05 11:50:00,58.176924463071785
2026-02-05 11:55:00,54.003981308163226
2026-02-05 12:00:00,57.197459416051124
2026-02-05 12:05:00,52.24492070327137
2026-02-05 12:10:00,49.39514233276732
2026-02-05 12:15:00,54.94707184877682
2026-02-05 12:20:00,55.951257606080844
2026-02-05 12:25:00,58.134294098224245
2026-02-05 12:30:00,54.648866589427605
2026-02-05 12:35:00,49.061036828721406
2026-02-05 12:40:00,53.00495094093643
2026-02-05 12:45:00,52.186449055721035
2026-02-05 12:50:00,56.953164171760136
2026-02-05 12:55:00,49.90141737296547
2026-02-05 13:00:00,45.31383777934771
2026-02-05 13:05:00,60.793781437516195
2026-02-05 13:10:00,57.59065107969735
2026-02-05 13:15:00,63.02596839828109
2026-02-05 13:20:00,52.496609092858385
2026-02-05 13:25:00,58.6732209364525
2026-02-05 13:30:00,49.80714128037986
2026-02-05 13:35:00,55.74200318573612
2026-02-05 13:40:00,53.03422939567508
2026-02-05 13:45:00,55.427647466077566
2026-02-05 13:50:00,60.37776330856262
2026-02-05 13:55:00,55.70425077540322
2026-02-05 14:00:00,56.42227618852772
2026-02-05 14:05:00,54.64816543295088
2026-02-05 14:10:00,51.08132454499815
2026-02-05 14:15:00,61.28423362491961
2026-02-05 14:20:00,55.90087278110938
2026-02-05 14:25:00,51.05079802285371
2026-02-05 14:30:00,56.574027933342336
2026-02-05 14:35:00,55.76684660116966
2026-02-05 14:40:00,58.9500368136314
2026-02-05 14:45:00,62.22769536873536
2026-02-05 14:50:00,53.17590720712902
2026-02-05 14:55:00,57.419760672546936
2026-02-05 15:00:00,47.346868430025964
2026-02-05 15:05:00,58.02218455843504
2026-02-05 15:10:00,54.21799930264867
2026-02-05 15:15:00,51.9445717704958
2026-02-05 15:20:00,55.26504569674453
2026-02-05 15:25:00,50.97469858722856
2026-02-05 15:30:00,49.43769439568053
2026-02-05 15:35:00,54.03498865404094
2026-02-05 15:40:00,48.14074355253718
2026-02-05 15:45:00,46.53348624069844
2026-02-05 15:50:00,59.527363790886405
2026-02-05 15:55:00,57.05863781333893
2026-02-05 16:00:00,42.79211794831194
2026-02-05 16:05:00,32.93227138395123
2026-02-05 16:10:00,27.126401573391007
2026-02-05 16:15:00,37.291879789340406
2026-02-05 16:20:00,18.920973236993255
2026-02-05 16:25:00,20.23835470188692
2026-02-05 16:30:00,36.47627445425121
2026-02-05 16:35:00,26.10575439900181
2026-02-05 16:40:00,24.896323408571185
2026-02-05 16:45:00,31.212365039073024
2026-02-05 16:50:00,34.5457470796308
2026-02-05 16:55:00,25.18144369052787
2026-02-05 17:00:00,23.195966590394036
2026-02-05 17:05:00,28.025400973592276
2026-02-05 17:10:00,31.02502514172204
2026-02-05 17:15:00,23.192762818503883
2026-02-05 17:20:00,30.960404860739658
2026-02-05 17:25:00,27.010528368782534
2026-02-05 17:30:00,24.661064672583144
2026-02-05 17:35:00,37.841452837614426
2026-02-05 17:40:00,31.569113754327425
2026-02-05 17:45:00,21.709802306427502
2026-02-05 17:50:00,26.018109526193847
2026-02-05 17:55:00,34.76205695850371
2026-02-05 18:00:00,35.64434919787235
2026-02-05 18:05:00,27.646446206158846
2026-02-05 18:10:00,27.73176839814295
2026-02-05 18:15:00,30.36871629537609
2026-02-05 18:20:00,31.043554297818403
2026-02-05 18:25:00,31.687343817517824
2026-02-05 18:30:00,23.328168033799923
2026-02-05 18:35:00,21.475362844957434
2026-02-05 18:40:00,16.82111606745797
2026-02-05 18:45:00,31.606298821216747
2026-02-05 18:50:00,44.894262741163374
2026-02-05 18:55:00,43.115241452419646
2026-02-05 19:00:00,28.446717515031104
2026-02-05 19:05:00,39.96572461608472
2026-02-05 19:10:00,21.708974585583647
2026-02-05 19:15:00,17.955858438368992
2026-02-05 19:20:00,24.443422195683226
2026-02-05 19:25:00,29.35461264220913
2026-02-05 19:30:00,25.195889762119926
2026-02-05 19:35:00,24.61856769135416
2026-02-05 19:40:00,38.8021779311443
2026-02-05 19:45:00,24.962851671010352
2026-02-05 19:50:00,26.922689929677883
2026-02-05 19:55:00,31.128455353354376
2026-02-05 20:00:00,70.46239576688953
2026-02-05 20:05:00,69.34237776005853
2026-02-05 20:10:00,65.26730885287216
2026-02-05 20:15:00,62.27148636910083
2026-02-05 20:20:00,62.165070902934275
2026-02-05 20:25:00,61.98272974406795
2026-02-05 20:30:00,60.07803034460531
2026-02-05 20:35:00,64.40371996724902
2026-02-05 20:40:00,65.09488607185091
2026-02-05 20:45:00,65.52155913196604
2026-02-05 20:50:00,64.44412442580153
2026-02-05 20:55:00,63.63729809606569
2026-02-05 21:00:00,64.76732490958443
2026-02-05 21:05:00,66.98223720138004
2026-02-05 21:10:00,64.78408944511914
2026-02-05 21:15:00,67.30067329867165
2026-02-05 21:20:00,66.13952709678348
2026-02-05 21:25:00,67.45465194970959
2026-02-05 21:30:00,65.69747530826022
2026-02-05 21:35:00,66.18397796038674
2026-02-05 21:40:00,64.41824325339782
2026-02-05 21:45:00,70.27075783060866
2026-02-05 21:50:00,66.61169552506077
2026-02-05 21:55:00,64.82048833431874
2026-02-05 22:00:00,71.68287790725279
2026-02-05 22:05:00,64.0561453164062
2026-02-05 22:10:00,66.58913590664794
2026-02-05 22:15:00,68.89393927758161
2026-02-05 22:20:00,65.94657539526784
2026-02-05 22:25:00,62.3761886922396
2026-02-05 22:30:00,69.89147721271067
2026-02-05 22:35:00,60.46256945941971
2026-02-05 22:40:00,60.497979407846856
2026-02-05 22:45:00,54.95262997951754
2026-02-05 22:50:00,68.2179191731812
2026-02-05 22:55:00,62.70033266919684
2026-02-05 23:00:00,63.65819651648838
2026-02-05 23:05:00,64.46389867567497
2026-02-05 23:10:00,60.77750178149551
2026-02-05 23:15:00,68.3293499224225
2026-02-05 23:20:00,64.93260636478458
2026-02-05 23:25:00,64.2258237309327
2026-02-05 23:30:00,61.837092789428965
2026-02-05 23:35:00,64.49596910622732
2026-02-05 23:40:00,64.95064216279289
2026-02-05 23:45:00,67.72822226634565
2026-02-05 23:50:00,66.80117341431439
2026-02-05 23:55:00,66.15256561562961
2026-02-06 00:00:00,67.91162867135516
2026-02-06 00:05:00,65.04581707395748
2026-02-06 00:10:00,72.32352500834223
2026-02-06 00:15:00,68.71183979731568
2026-02-06 00:20:00,58.68125810314622
2026-02-06 00:25:00,66.09589635744595
2026-02-06 00:30:00,70.73428466412277
2026-02-06 00:35:00,68.0920263968145
2026-02-06 00:40:00,63.672065869954146
2026-02-06 00:45:00,64.41685795117965
2026-02-06 00:50:00,67.11061385237595
2026-02-06 00:55:00,65.868249325647
2026-02-06 01:00:00,68.65651545406453
2026-02-06 01:05:00,56.50066452050887
2026-02-06 01:10:00,68.6711723509336
2026-02-06 01:15:00,66.7133606790955
2026-02-06 01:20:00,65.53475296256205
2026-02-06 01:25:00,63.49875280818985
2026-02-06 01:30:00,64.40154058082406
2026-02-06 01:35:00,66.63772066894575
2026-02-06 01:40:00,61.92215950837515
2026-02-06 01:45:00,66.54042262180745
2026-02-06 01:50:00,61.44355928060012
2026-02-06 01:55:00,69.7787026846251
2026-02-06 02:00:00,65.91001941638123
2026-02-06 02:05:00,67.69606575649195
2026-02-06 02:10:00,69.3210999163467
2026-02-06 02:15:00,67.09308305157674
2026-02-06 02:20:00,66.1101697680947
2026-02-06 02:25:00,65.8945615245885
2026-02-06 02:30:00,66.96394226609824
2026-02-06 02:35:00,65.09209268182354
2026-02-06 02:40:00,69.01512229849028
2026-02-06 02:45:00,64.21667141413059
2026-02-06 02:50:00,60.00356028681799
2026-02-06 02:55:00,71.20228536250579
2026-02-06 03:00:00,64.57188221913142
2026-02-06 03:05:00,60.68077595958545
2026-02-06 03:10:00,69.02512452191132
2026-02-06 03:15:00,64.69372706346853
2026-02-06 03:20:00,63.85892442382752
2026-02-06 03:25:00,58.99362955142972
2026-02-06 03:30:00,68.20679565813266
2026-02-06 03:35:00,66.47171804012812
2026-02-06 03:40:00,67.62442886895712
2026-02-06 03:45:00,63.852369571802974
2026-02-06 03:50:00,69.10184946794948
2026-02-06 03:55:00,71.2850682178529
2026-02-06 04:00:00,66.18376982831295
2026-02-06 04:05:00,63.679435923220794
2026-02-06 04:10:00,66.4656740629499
2026-02-06 04:15:00,67.87303061708573
2026-02-06 04:20:00,67.62873764281063
2026-02-06 04:25:00,63.316863466735356
2026-02-06 04:30:00,65.78435468133668
2026-02-06 04:35:00,60.99041906017586
2026-02-06 04:40:00,65.84863571771834
2026-02-06 04:45:00,68.24315806654727
2026-02-06 04:50:00,57.75259383585644
2026-02-06 04:55:00,68.72558703281021
2026-02-06 05:00:00,63.3023494153362
2026-02-06 05:05:00,68.46827123527657
2026-02-06 05:10:00,65.87707821652832
2026-02-06 05:15:00,69.1255128315839
2026-02-06 05:20:00,68.09354800685209
2026-02-06 05:25:00,67.18803504945062
2026-02-06 05:30:00,63.30928914803021
2026-02-06 05:35:00,65.44469507735634
2026-02-06 05:40:00,61.89852639318352
2026-02-06 05:45:00,64.0813229130337
2026-02-06 05:50:00,66.66302404407608
2026-02-06 05:55:00,65.23644149870479
2026-02-06 06:00:00,67.23828396259391
2026-02-06 06:05:00,63.64531091970786
2026-02-06 06:10:00,69.32770728414782
2026-02-06 06:15:00,70.10119042956072
2026-02-06 06:20:00,63.278126941105754
2026-02-06 06:25:00,63.87619676346808
2026-02-06 06:30:00,64.95887736469894
2026-02-06 06:35:00,67.59192625132022
2026-02-06 06:40:00,58.72742557560947
2026-02-06 06:45:00,67.79153230914036
2026-02-06 06:50:00,69.85965169536087
2026-02-06 06:55:00,67.41590639296484
2026-02-06 07:00:00,39.22414241430556
2026-02-06 07:05:00,33.48919705680567
2026-02-06 07:10:00,30.903873776715184
2026-02-06 07:15:00,41.90590754377128
2026-02-06 07:20:00,40.30219293893174
2026-02-06 07:25:00,37.473514677621004
2026-02-06 07:30:00,35.73505730525774
2026-02-06 07:35:00,38.94804212504208
2026-02-06 07:40:00,32.99466287128411
2026-02-06 07:45:00,38.04569796664904
2026-02-06 07:50:00,30.091502104665025
2026-02-06 07:55:00,39.38354161683016
2026-02-06 08:00:00,25.732823130249823
2026-02-06 08:05:00,28.583733187286224
2026-02-06 08:10:00,24.861906286213067
2026-02-06 08:15:00,32.67787476046139
2026-02-06 08:20:00,33.7025155498614
2026-02-06 08:25:00,34.70016920560418
2026-02-06 08:30:00,32.50148029265452
2026-02-06 08:35:00,29.450639370828377
2026-02-06 08:40:00,34.267175572109636
2026-02-06 08:45:00,36.14276238370074
2026-02-06 08:50:00,45.2904922802799
2026-02-06 08:55:00,41.73187816661405
2026-02-06 09:00:00,38.79019787031277
2026-02-06 09:05:00,40.06839961451087
2026-02-06 09:10:00,35.899596477767545
2026-02-06 09:15:00,25.14352795201605
2026-02-06 09:20:00,41.42709971214357
2026-02-06 09:25:00,41.32538900164611
2026-02-06 09:30:00,26.271666108731377
2026-02-06 09:35:00,40.51963889962437
2026-02-06 09:40:00,48.73863785378312
2026-02-06 09:45:00,43.992162046221985
2026-02-06 09:50:00,36.324092210670564
2026-02-06 09:55:00,26.814796348776767
2026-02-06 10:00:00,49.610735018382336
2026-02-06 10:05:00,52.09314020684095
2026-02-06 10:10:00,46.79239703602235
2026-02-06 10:15:00,63.72924341172452
2026-02-06 10:20:00,56.373584929434884
2026-02-06 10:25:00,58.7181140013254
2026-02-06 10:30:00,58.38718999261525
2026-02-06 10:35:00,55.894830342323665
2026-02-06 10:40:00,49.47802549918595
2026-02-06 10:45:00,51.03365456332593
2026-02-06 10:50:00,50.82420531217815
2026-02-06 10:55:00,55.7809763618519
2026-02-06 11:00:00,54.96736786210824
2026-02-06 11:05:00,52.985988229244604
2026-02-06 11:10:00,53.08865742047151
2026-02-06 11:15:00,48.58735380877906
2026-02-06 11:20:00,63.81375051945001
2026-02-06 11:25:00,48.93013216164151
2026-02-06 11:30:00,53.92650809162684
2026-02-06 11:35:00,59.98449200180573
2026-02-06 11:40:00,48.520916161431735
2026-02-06 11:45:00,53.9130116727219
2026-02-06 11:50:00,57.291065882850795
2026-02-06 11:55:00,55.939464702222025
2026-02-06 12:00:00,58.97467105871985
2026-02-06 12:05:00,58.71524726956969
2026-02-06 12:10:00,53.21512091961488
2026-02-06 12:15:00,53.21632738960546
2026-02-06 12:20:00,50.382766100419374
2026-02-06 12:25:00,54.4335506488106
2026-02-06 12:30:00,58.78337798396323
2026-02-06 12:35:00,50.44278748657693
2026-02-06 12:40:00,49.66333064585733
2026-02-06 12:45:00,55.23195795404241
2026-02-06 12:50:00,52.24170050098222
2026-02-06 12:55:00,57.84150461052555
2026-02-06 13:00:00,61.00660721135097
2026-02-06 13:05:00,55.31297195102669
2026-02-06 13:10:00,62.817487059160214
2026-02-06 13:15:00,58.532124477062354
2026-02-06 13:20:00,57.69889594707478
2026-02-06 13:25:00,47.12648913036038
2026-02-06 13:30:00,57.454166491899464
2026-02-06 13:35:00,52.90789332499015
2026-02-06 13:40:00,44.38380952705198
2026-02-06 13:45:00,58.80038934087833
2026-02-06 13:50:00,54.06191003863839
2026-02-06 13:55:00,58.85661659415079
2026-02-06 14:00:00,54.16997440807206
2026-02-06 14:05:00,61.94902602928096
2026-02-06 14:10:00,49.94977042285166
2026-02-06 14:15:00,48.865359288812186
2026-02-06 14:20:00,51.98288392241717
2026-02-06 14:25:00,55.54771876796863
2026-02-06 14:30:00,51.4325673033716
2026-02-06 14:35:00,56.80070609370806
2026-02-06 14:40:00,50.924090056195666
2026-02-06 14:45:00,51.040131632957
2026-02-06 14:50:00,50.04345242077169
2026-02-06 14:55:00,49.481439814777616
2026-02-06 15:00:00,54.0677465325301
2026-02-06 15:05:00,52.59295220506303
2026-02-06 15:10:00,59.20640773954801
2026-02-06 15:15:00,60.07632529852129
2026-02-06 15:20:00,52.64891981234484
2026-02-06 15:25:00,56.8957021888336
2026-02-06 15:30:00,51.163929213543454
2026-02-06 15:35:00,55.82535938937841
2026-02-06 15:40:00,57.04114381071118
2026-02-06 15:45:00,61.383179082271134
2026-02-06 15:50:00,63.04461918526422
2026-02-06 15:55:00,58.951231652001226
2026-02-06 16:00:00,37.293779402366994
2026-02-06 16:05:00,22.900325484841996
2026-02-06 16:10:00,27.5399632022424
2026-02-06 16:15:00,20.84855137096842
2026-02-06 16:20:00,28.701607302254825
2026-02-06 16:25:00,34.8892216862087
2026-02-06 16:30:00,25.805956242081894
2026-02-06 16:35:00,34.28823465523488
2026-02-06 16:40:00,27.32713179856379
2026-02-06 16:45:00,21.49640009466246
2026-02-06 16:50:00,42.850867018707845
2026-02-06 16:55:00,22.88739968411306
2026-02-06 17:00:00,28.87837117589179
2026-02-06 17:05:00,37.622568713207315
2026-02-06 17:10:00,25.333540615202107
2026-02-06 17:15:00,19.228662320274204
2026-02-06 17:20:00,25.03194163584512
2026-02-06 17:25:00,23.208127964206437
2026-02-06 17:30:00,27.593703055853677
2026-02-06 17:35:00,30.744714752023192
2026-02-06 17:40:00,30.361597188530546
2026-02-06 17:45:00,29.80632721465239
2026-02-06 17:50:00,29.79372888003505
2026-02-06 17:55:00,16.59205027050029
2026-02-06 18:00:00,33.31582457413387
2026-02-06 18:05:00,20.71775898833319
2026-02-06 18:10:00,36.78903274153494
2026-02-06 18:15:00,27.53140796150948
2026-02-06 18:20:00,31.24560080620779
2026-02-06 18:25:00,21.038715230277344
2026-02-06 18:30:00,22.32171430041747
2026-02-06 18:35:00,31.579633028125592
2026-02-06 18:40:00,37.913277168553044
2026-02-06 18:45:00,37.54780445366583
2026-02-06 18:50:00,33.51501563087673
2026-02-06 18:55:00,40.02227790711493
2026-02-06 19:00:00,33.095473736896174
2026-02-06 19:05:00,30.67214310686591
2026-02-06 19:10:00,28.590148465409822
2026-02-06 19:15:00,33.710800722051154
2026-02-06 19:20:00,24.575330626643023
2026-02-06 19:25:00,32.36552034069447
2026-02-06 19:30:00,37.90802238501174
2026-02-06 19:35:00,43.936353821141374
2026-02-06 19:40:00,23.994166771344744
2026-02-06 19:45:00,31.689053630738456
2026-02-06 19:50:00,31.0436384264163
2026-02-06 19:55:00,24.721346426978137
2026-02-06 20:00:00,62.71855964022903
2026-02-06 20:05:00,63.81601392957739
2026-02-06 20:10:00,63.236172973511394
2026-02-06 20:15:00,66.08425179762091
2026-02-06 20:20:00,61.193899535382336
2026-02-06 20:25:00,68.23163546126462
2026-02-06 20:30:00,61.56770836210303
2026-02-06 20:35:00,61.9529797038013
2026-02-06 20:40:00,57.59484346633991
2026-02-06 20:45:00,61.79559396253789
2026-02-06 20:50:00,68.46565551606705
2026-02-06 20:55:00,66.16559125929221
2026-02-06 21:00:00,69.17912109024603
2026-02-06 21:05:00,71.55578569072654
2026-02-06 21:10:00,64.15946156465114
2026-02-06 21:15:00,62.702171891477924
2026-02-06 21:20:00,65.08169039981848
2026-02-06 21:25:00,66.87281305446506
2026-02-06 21:30:00,63.970763222100835
2026-02-06 21:35:00,63.56125758292786
2026-02-06 21:40:00,68.16146694636696
2026-02-06 21:45:00,61.193686740695924
2026-02-06 21:50:00,68.57272616240978
2026-02-06 21:55:00,68.38663557268018
2026-02-06 22:00:00,66.59642696141715
2026-02-06 22:05:00,68.87762482532814
2026-02-06 22:10:00,63.82079646498148
2026-02-06 22:15:00,61.198963354840814
2026-02-06 22:20:00,67.45389719628602
2026-02-06 22:25:00,61.797758424045185
2026-02-06 22:30:00,65.80442466851903
2026-02-06 22:35:00,67.984482189798
2026-02-06 22:40:00,60.44137197021832
2026-02-06 22:45:00,60.3750127225911
2026-02-06 22:50:00,62.08673085129143
2026-02-06 22:55:00,63.013108020261
2026-02-06 23:00:00,62.26118621352751
2026-02-06 23:05:00,63.89474548892572
2026-02-06 23:10:00,60.96653748383217
2026-02-06 23:15:00,63.66157071978234
2026-02-06 23:20:00,68.87731529135554
2026-02-06 23:25:00,68.08135951948388
2026-02-06 23:30:00,64.73501879134476
2026-02-06 23:35:00,60.47357858839227
2026-02-06 23:40:00,62.726526596289986
2026-02-06 23:45:00,70.56937780219947
2026-02-06 23:50:00,68.34938983616725
2026-02-06 23:55:00,67.9362520508408
2026-02-07 00:00:00,64.05339039179705
2026-02-07 00:05:00,63.77554701674562
2026-02-07 00:10:00,67.22942768906832
2026-02-07 00:15:00,64.38276375082124
2026-02-07 00:20:00,62.15173394801523
2026-02-07 00:25:00,63.87587156430403
2026-02-07 00:30:00,62.53509084421244
2026-02-07 00:35:00,63.86056849198324
2026-02-07 00:40:00,67.34195639087605
2026-02-07 00:45:00,60.67139311595542
2026-02-07 00:50:00,66.78231122108626
2026-02-07 00:55:00,66.60221925898065
2026-02-07 01:00:00,63.62221615849925
2026-02-07 01:05:00,66.28515202521308
2026-02-07 01:10:00,68.10091812527833
2026-02-07 01:15:00,66.2597896492705
2026-02-07 01:20:00,67.01224875483068
2026-02-07 01:25:00,66.6963368039929
2026-02-07 01:30:00,64.13161630006782
2026-02-07 01:35:00,65.35329968963201
2026-02-07 01:40:00,69.46025980821882
2026-02-07 01:45:00,66.50426190750137
2026-02-07 01:50:00,66.70804835505146
2026-02-07 01:55:00,67.94828230075454
2026-02-07 02:00:00,62.68940180278385
2026-02-07 02:05:00,66.5866789233097
2026-02-07 02:10:00,65.77199810907281
2026-02-07 02:15:00,60.86165277324183
2026-02-07 02:20:00,63.78870839918625
2026-02-07 02:25:00,58.95527607913064
2026-02-07 02:30:00,63.53413073164315
2026-02-07 02:35:00,72.0402171676294
2026-02-07 02:40:00,67.17713951945531
2026-02-07 02:45:00,59.20748328795635
2026-02-07 02:50:00,67.62614768711549
2026-02-07 02:55:00,67.00113352178082
2026-02-07 03:00:00,67.657632730781
2026-02-07 03:05:00,63.64688869111879
2026-02-07 03:10:00,62.20074318267525
2026-02-07 03:15:00,63.598740729643715
2026-02-07 03:20:00,66.17676315240222
2026-02-07 03:25:00,68.4157671519705
2026-02-07 03:30:00,66.2739879219252
2026-02-07 03:35:00,68.81146169377452
2026-02-07 03:40:00,65.56850669129119
2026-02-07 03:45:00,63.69235205886818
2026-02-07 03:50:00,64.19184208601199
2026-02-07 03:55:00,65.16743990038056
2026-02-07 04:00:00,61.41502483528635
2026-02-07 04:05:00,61.34204479061038
2026-02-07 04:10:00,65.19003864239477
2026-02-07 04:15:00,59.455493064532654
2026-02-07 04:20:00,63.37914550346292
2026-02-07 04:25:00,67.44065961821535
2026-02-07 04:30:00,64.70536808680431
2026-02-07 04:35:00,68.34473339101432
2026-02-07 04:40:00,62.50633696293995
2026-02-07 04:45:00,62.35738908896956
2026-02-07 04:50:00,65.46959810223774
2026-02-07 04:55:00,66.31817249788973
2026-02-07 05:00:00,72.04713604556298
2026-02-07 05:05:00,66.375147867034
2026-02-07 05:10:00,64.28040354561864
2026-02-07 05:15:00,63.43726782396167
2026-02-07 05:20:00,65.33689282410919
2026-02-07 05:25:00,65.24104447145638
2026-02-07 05:30:00,67.4543057183621
2026-02-07 05:35:00,65.49830007838138
2026-02-07 05:40:00,65.39825854096459
2026-02-07 05:45:00,63.212870418777804
2026-02-07 05:50:00,66.28574881366659
2026-02-07 05:55:00,71.19234920706312
2026-02-07 06:00:00,72.54203517040533
2026-02-07 06:05:00,65.46315329569799
2026-02-07 06:10:00,66.972517392933
2026-02-07 06:15:00,68.7504435074627
2026-02-07 06:20:00,63.6365108994887
2026-02-07 06:25:00,62.936933293564735
2026-02-07 06:30:00,65.98927675018741
2026-02-07 06:35:00,66.67612529756676
2026-02-07 06:40:00,60.51064976509838
2026-02-07 06:45:00,66.54654326390701
2026-02-07 06:50:00,64.55214892882091
2026-02-07 06:55:00,66.21438449019897
2026-02-07 07:00:00,69.64557991625773
2026-02-07 07:05:00,65.6735087096034
2026-02-07 07:10:00,58.34623146768317
2026-02-07 07:15:00,64.0064472386817
2026-02-07 07:20:00,60.75282346083637
2026-02-07 07:25:00,68.00790022881837
2026-02-07 07:30:00,59.747526827078815
2026-02-07 07:35:00,58.38729552205693
2026-02-07 07:40:00,67.08172093961205
2026-02-07 07:45:00,64.49504451540105
2026-02-07 07:50:00,65.19742543451692
2026-02-07 07:55:00,66.28411761188194
2026-02-07 08:00:00,62.42233481947718
2026-02-07 08:05:00,68.69102476021328
2026-02-07 08:10:00,67.04411625406678
2026-02-07 08:15:00,67.15210130922098
2026-02-07 08:20:00,66.26243503631643
2026-02-07 08:25:00,65.14668113980451
2026-02-07 08:30:00,67.72746577407167
2026-02-07 08:35:00,65.38845060718101
2026-02-07 08:40:00,66.74234749222549
2026-02-07 08:45:00,63.18593208197507
2026-02-07 08:50:00,64.66729018239012
2026-02-07 08:55:00,61.87100455026952
2026-02-07 09:00:00,67.44740671216422
2026-02-07 09:05:00,70.46672393128598
2026-02-07 09:10:00,61.333633601048064
2026-02-07 09:15:00,61.00841722331065
2026-02-07 09:20:00,63.46479129661719
2026-02-07 09:25:00,65.36588135725037
2026-02-07 09:30:00,62.08945735357315
2026-02-07 09:35:00,59.5186245972863
2026-02-07 09:40:00,65.10499627002744
2026-02-07 09:45:00,59.01156688812756
2026-02-07 09:50:00,61.86845981969991
2026-02-07 09:55:00,65.09956930943567
2026-02-07 10:00:00,66.90161521550739
2026-02-07 10:05:00,74.31427219599081
2026-02-07 10:10:00,63.64554473100653
2026-02-07 10:15:00,62.97719268612569
2026-02-07 10:20:00,61.144730740770214
2026-02-07 10:25:00,69.9055878365046
2026-02-07 10:30:00,63.82571457509215
2026-02-07 10:35:00,63.07216253776763
2026-02-07 10:40:00,59.30094203625866
2026-02-07 10:45:00,63.74204006478865
2026-02-07 10:50:00,67.85043008290772
2026-02-07 10:55:00,63.802192760189506
2026-02-07 11:00:00,44.71297282742586
2026-02-07 11:05:00,42.51468702290691
2026-02-07 11:10:00,51.824555215546
2026-02-07 11:15:00,48.871079230210114
2026-02-07 11:20:00,51.6264608686389
2026-02-07 11:25:00,51.86134624485012
2026-02-07 11:30:00,46.06687941920598
2026-02-07 11:35:00,47.515191470499495
2026-02-07 11:40:00,54.54030803278902
2026-02-07 11:45:00,52.24657311961151
2026-02-07 11:50:00,50.93414057959676
2026-02-07 11:55:00,52.46510342007825
2026-02-07 12:00:00,45.95168646563846
2026-02-07 12:05:00,43.91719096185466
2026-02-07 12:10:00,44.63916716765473
2026-02-07 12:15:00,50.673023198209734
2026-02-07 12:20:00,51.17070768294672
2026-02-07 12:25:00,49.56613934485206
2026-02-07 12:30:00,50.04178170472077
2026-02-07 12:35:00,57.55071754952271
2026-02-07 12:40:00,53.10121234302551
2026-02-07 12:45:00,53.42926281579944
2026-02-07 12:50:00,41.749070092787505
2026-02-07 12:55:00,52.66916218074073
2026-02-07 13:00:00,44.122846404715666
2026-02-07 13:05:00,48.58046074376427
2026-02-07 13:10:00,54.26257930597921
2026-02-07 13:15:00,55.32252152116166
2026-02-07 13:20:00,48.63038361344371
2026-02-07 13:25:00,48.90799331218857
2026-02-07 13:30:00,54.797198318357644
2026-02-07 13:35:00,51.96241537418897
2026-02-07 13:40:00,48.21109173737583
2026-02-07 13:45:00,48.7914743467227
2026-02-07 13:50:00,51.31207209653225
2026-02-07 13:55:00,50.15890788895382
2026-02-07 14:00:00,48.109672935549334
2026-02-07 14:05:00,55.561389724338305
2026-02-07 14:10:00,47.46683012832151
2026-02-07 14:15:00,46.06407078240673
2026-02-07 14:20:00,55.60776073625912
2026-02-07 14:25:00,52.92454589882705
2026-02-07 14:30:00,44.75382546961236
2026-02-07 14:35:00,52.68890776191412
2026-02-07 14:40:00,48.718093404215054
2026-02-07 14:45:00,55.98823894306769
2026-02-07 14:50:00,49.83587835119534
2026-02-07 14:55:00,51.42072745552258
2026-02-07 15:00:00,52.95408521351505
2026-02-07 15:05:00,50.64562380105488
2026-02-07 15:10:00,48.4812691133677
2026-02-07 15:15:00,53.8377342973911
2026-02-07 15:20:00,48.55299479537518
2026-02-07 15:25:00,54.95838007483863
2026-02-07 15:30:00,49.18870871747853
2026-02-07 15:35:00,44.81128939885275
2026-02-07 15:40:00,51.906778131367794
2026-02-07 15:45:00,43.79975308986909
2026-02-07 15:50:00,42.57062364931839
2026-02-07 15:55:00,49.8255967743767
2026-02-07 16:00:00,59.17425333723307
2026-02-07 16:05:00,61.35720714350195
2026-02-07 16:10:00,62.63153236672428
2026-02-07 16:15:00,66.43447913092177
2026-02-07 16:20:00,65.79501844072779
2026-02-07 16:25:00,61.02347422640747
2026-02-07 16:30:00,69.73932525218
2026-02-07 16:35:00,66.14969823461433
2026-02-07 16:40:00,61.76318507660702
2026-02-07 16:45:00,65.95797512143514
2026-02-07 16:50:00,68.0611226476364
2026-02-07 16:55:00,73.74464128935337
2026-02-07 17:00:00,67.91970330484249
2026-02-07 17:05:00,61.666350569394105
2026-02-07 17:10:00,62.268193060536746
2026-02-07 17:15:00,63.56347695540128
2026-02-07 17:20:00,66.43480197341133
2026-02-07 17:25:00,66.81447668020328
2026-02-07 17:30:00,65.50945659203754
2026-02-07 17:35:00,62.00888367035304
2026-02-07 17:40:00,62.84722171109427
2026-02-07 17:45:00,67.34634265212654
2026-02-07 17:50:00,62.52854226259601
2026-02-07 17:55:00,63.78989381344752
2026-02-07 18:00:00,66.5560682040696
2026-02-07 18:05:00,66.80284683537394
2026-02-07 18:10:00,65.27651365735858
2026-02-07 18:15:00,60.42189803510496
2026-02-07 18:20:00,64.20058006537872
2026-02-07 18:25:00,59.43194693489305
2026-02-07 18:30:00,65.33071415480761
2026-02-07 18:35:00,64.29508541110792
2026-02-07 18:40:00,66.34423260286214
2026-02-07 18:45:00,55.65355493342531
2026-02-07 18:50:00,65.31633534155519
2026-02-07 18:55:00,67.44086300483283
2026-02-07 19:00:00,65.54053215060807
2026-02-07 19:05:00,66.75713508150814
2026-02-07 19:10:00,66.72784119632908
2026-02-07 19:15:00,64.53947184735047
2026-02-07 19:20:00,67.11162746608326
2026-02-07 19:25:00,65.31419957111119
2026-02-07 19:30:00,63.21004035753756
2026-02-07 19:35:00,68.02591315447593
2026-02-07 19:40:00,69.3357736653617
2026-02-07 19:45:00,65.17116958477811
2026-02-07 19:50:00,62.98972195394478
2026-02-07 19:55:00,63.29720216875584
2026-02-07 20:00:00,66.10960060430189
2026-02-07 20:05:00,59.60010058385993
2026-02-07 20:10:00,70.02786083634084
2026-02-07 20:15:00,62.964288280648596
2026-02-07 20:20:00,71.46604317962712
2026-02-07 20:25:00,63.24567477370631
2026-02-07 20:30:00,68.32777520521724
2026-02-07 20:35:00,64.30374205259395
2026-02-07 20:40:00,70.04684114770046
2026-02-07 20:45:00,64.82965034307836
2026-02-07 20:50:00,65.30365850654626
2026-02-07 20:55:00,64.08643731815832
2026-02-07 21:00:00,57.85956264129898
2026-02-07 21:05:00,63.153255371015064
2026-02-07 21:10:00,67.08849393983786
2026-02-07 21:15:00,62.211975195361056
2026-02-07 21:20:00,68.60023730058104
2026-02-07 21:25:00,64.18624616501428
2026-02-07 21:30:00,61.0191737171014
2026-02-07 21:35:00,64.43866534590326
2026-02-07 21:40:00,65.14891921241332
2026-02-07 21:45:00,64.60099393437397
2026-02-07 21:50:00,65.24115269258532
2026-02-07 21:55:00,65.64342236557765
2026-02-07 22:00:00,69.09659825897747
2026-02-07 22:05:00,68.91080005411504
2026-02-07 22:10:00,65.95661929239908
2026-02-07 22:15:00,66.25379116112107
2026-02-07 22:20:00,63.65035624464565
2026-02-07 22:25:00,64.92654359225624
2026-02-07 22:30:00,66.97763678925993
2026-02-07 22:35:00,66.67089098748595
2026-02-07 22:40:00,61.88970421634885
2026-02-07 22:45:00,66.30049099516651
2026-02-07 22:50:00,65.17412791605204
2026-02-07 22:55:00,64.00908752730149
2026-02-07 23:00:00,65.25741149845332
2026-02-07 23:05:00,63.90354937491193
2026-02-07 23:10:00,65.97547397432902
2026-02-07 23:15:00,67.32736321465647
2026-02-07 23:20:00,63.63097310940665
2026-02-07 23:25:00,64.72841635615742
2026-02-07 23:30:00,69.97350031233059
2026-02-07 23:35:00,61.96090627921763
2026-02-07 23:40:00,62.27782607856564
2026-02-07 23:45:00,63.41815825666553
2026-02-07 23:50:00,63.82923316499431
2026-02-07 23:55:00,62.43841933464994
2026-02-08 00:00:00,63.61052439368311
2026-02-08 00:05:00,59.377120802937625
2026-02-08 00:10:00,61.99365036595385
2026-02-08 00:15:00,68.59145184264663
2026-02-08 00:20:00,65.81887295734018
2026-02-08 00:25:00,69.71028231479637
2026-02-08 00:30:00,67.12216430044651
2026-02-08 00:35:00,61.49013142310479
2026-02-08 00:40:00,63.57070699098687
2026-02-08 00:45:00,67.57946762507817
2026-02-08 00:50:00,60.848924044989815
2026-02-08 00:55:00,65.71091675313697
2026-02-08 01:00:00,69.51878145236677
2026-02-08 01:05:00,65.25251643496401
2026-02-08 01:10:00,63.66870383632083
2026-02-08 01:15:00,65.26252412823126
2026-02-08 01:20:00,64.2145432034732
2026-02-08 01:25:00,64.11357168166836
2026-02-08 01:30:00,67.64339940718499
2026-02-08 01:35:00,66.14952910020718
2026-02-08 01:40:00,64.71430610808949
2026-02-08 01:45:00,65.76693496805915
2026-02-08 01:50:00,64.90132712606784
2026-02-08 01:55:00,62.95594398333984
2026-02-08 02:00:00,67.93267872057552
2026-02-08 02:05:00,64.51685843015377
2026-02-08 02:10:00,63.00022021127995
2026-02-08 02:15:00,67.30704440730844
2026-02-08 02:20:00,67.54252971646129
2026-02-08 02:25:00,65.56366602096146
2026-02-08 02:30:00,65.14753895823458
2026-02-08 02:35:00,62.86774115092438
2026-02-08 02:40:00,69.56264011405953
2026-02-08 02:45:00,66.01306430735782
2026-02-08 02:50:00,67.55598803172835
2026-02-08 02:55:00,65.36368568529957
2026-02-08 03:00:00,63.68405349880793
2026-02-08 03:05:00,67.1720221057631
2026-02-08 03:10:00,65.08032676918369
2026-02-08 03:15:00,63.480689272836116
2026-02-08 03:20:00,65.71137783301883
2026-02-08 03:25:00,62.83413227892062
2026-02-08 03:30:00,62.69749225395701
2026-02-08 03:35:00,72.95304370965303
2026-02-08 03:40:00,61.81559814396735
2026-02-08 03:45:00,65.95653553933923
2026-02-08 03:50:00,62.747050248367586
2026-02-08 03:55:00,70.29277314969708
2026-02-08 04:00:00,56.70319664529389
2026-02-08 04:05:00,67.88915157724797
2026-02-08 04:10:00,69.85324590773855
2026-02-08 04:15:00,66.14724250278277
2026-02-08 04:20:00,65.47157672274737
2026-02-08 04:25:00,67.59441669748333
2026-02-08 04:30:00,67.63128805787784
2026-02-08 04:35:00,65.89943660516548
2026-02-08 04:40:00,63.7028290961725
2026-02-08 04:45:00,64.85478264862374
2026-02-08 04:50:00,62.954113511585945
2026-02-08 04:55:00,68.16437286357102
2026-02-08 05:00:00,65.34540728070641
2026-02-08 05:05:00,64.9155052497495
2026-02-08 05:10:00,65.8119004118235
2026-02-08 05:15:00,66.1887417086759
2026-02-08 05:20:00,67.2436871840806
2026-02-08 05:25:00,60.918864357306234
2026-02-08 05:30:00,61.59254277816778
2026-02-08 05:35:00,62.42089586144283
2026-02-08 05:40:00,67.6123584356935
2026-02-08 05:45:00,62.832605037065335
2026-02-08 05:50:00,61.67377216419499
2026-02-08 05:55:00,63.0058173703078
2026-02-08 06:00:00,64.73401425683987
2026-02-08 06:05:00,64.83278455187613
2026-02-08 06:10:00,64.14026482012432
2026-02-08 06:15:00,66.07839537747843
2026-02-08 06:20:00,68.73508687907992
2026-02-08 06:25:00,63.99157615584327
2026-02-08 06:30:00,60.97379082856845
2026-02-08 06:35:00,70.58544062262496
2026-02-08 06:40:00,66.88787024586937
2026-02-08 06:45:00,70.85516043482617
2026-02-08 06:50:00,66.59555892818017
2026-02-08 06:55:00,60.66064147915173
2026-02-08 07:00:00,66.7727984735889
2026-02-08 07:05:00,65.85862211792798
2026-02-08 07:10:00,60.53049453269777
2026-02-08 07:15:00,62.95188323157434
2026-02-08 07:20:00,63.16300034372941
2026-02-08 07:25:00,63.78110893263673
2026-02-08 07:30:00,66.11355310711726
2026-02-08 07:35:00,69.3152261994162
2026-02-08 07:40:00,65.35042539760518
2026-02-08 07:45:00,67.63818830473717
2026-02-08 07:50:00,63.245097532402475
2026-02-08 07:55:00,64.33282311149574
2026-02-08 08:00:00,71.65765482113355
2026-02-08 08:05:00,66.52634763570185
2026-02-08 08:10:00,66.03600104197854
2026-02-08 08:15:00,63.96085297589921
2026-02-08 08:20:00,63.27323899234764
2026-02-08 08:25:00,63.612709208932564
2026-02-08 08:30:00,64.01341329803576
2026-02-08 08:35:00,69.69064153724068
2026-02-08 08:40:00,63.52035499414761
2026-02-08 08:45:00,64.04324374025676
2026-02-08 08:50:00,66.96565042882276
2026-02-08 08:55:00,63.267364137034015
2026-02-08 09:00:00,69.30519195048893
2026-02-08 09:05:00,64.29554648652254
2026-02-08 09:10:00,67.30911053798091
2026-02-08 09:15:00,63.057241080914004
2026-02-08 09:20:00,65.26946615808312
2026-02-08 09:25:00,64.00193285290969
2026-02-08 09:30:00,55.3548074122258
2026-02-08 09:35:00,67.13475499029745
2026-02-08 09:40:00,62.43321433917915
2026-02-08 09:45:00,63.18251996533517
2026-02-08 09:50:00,65.09044638084744
2026-02-08 09:55:00,63.28406970935841
2026-02-08 10:00:00,63.64229279579905
2026-02-08 10:05:00,70.0754142812348
2026-02-08 10:10:00,65.1674383542258
2026-02-08 10:15:00,63.42199935853293
2026-02-08 10:20:00,64.34666322563126
2026-02-08 10:25:00,61.1723734498976
2026-02-08 10:30:00,65.6240844763406
2026-02-08 10:35:00,69.9609235645681
2026-02-08 10:40:00,65.42808797654834
2026-02-08 10:45:00,64.4217189501068
2026-02-08 10:50:00,66.88070111928603
2026-02-08 10:55:00,60.89552003611729
2026-02-08 11:00:00,44.584146392280644
2026-02-08 11:05:00,49.22785489739953
2026-02-08 11:10:00,45.61722843845065
2026-02-08 11:15:00,51.39120680294647
2026-02-08 11:20:00,44.67293449531922
2026-02-08 11:25:00,57.30129210075162
2026-02-08 11:30:00,56.62080070722134
2026-02-08 11:35:00,55.24986394455351
2026-02-08 11:40:00,51.753429104159984
2026-02-08 11:45:00,52.792019700348106
2026-02-08 11:50:00,56.381964783289234
2026-02-08 11:55:00,47.87557707829138
2026-02-08 12:00:00,49.09056889116642
2026-02-08 12:05:00,51.39435488572761
2026-02-08 12:10:00,45.41688769312945
2026-02-08 12:15:00,46.93289756127242
2026-02-08 12:20:00,52.60937227963098
2026-02-08 12:25:00,55.93687401640263
2026-02-08 12:30:00,48.7076181889238
2026-02-08 12:35:00,54.613433037966594
2026-02-08 12:40:00,48.50060617140867
2026-02-08 12:45:00,49.076890785233985
2026-02-08 12:50:00,52.97906299949643
2026-02-08 12:55:00,56.70680416058666
2026-02-08 13:00:00,48.40274120074242
2026-02-08 13:05:00,56.549452657861934
2026-02-08 13:10:00,47.053899604512374
2026-02-08 13:15:00,55.17757024277798
2026-02-08 13:20:00,46.45850638312181
2026-02-08 13:25:00,54.56833204659454
2026-02-08 13:30:00,53.2942240499055
2026-02-08 13:35:00,54.36274370265606
2026-02-08 13:40:00,51.94410689100625
2026-02-08 13:45:00,55.33284509722228
2026-02-08 13:50:00,52.06999781460982
2026-02-08 13:55:00,47.76164146794289
2026-02-08 14:00:00,54.497198613600105
2026-02-08 14:05:00,53.94687222081883
2026-02-08 14:10:00,53.60870448432824
2026-02-08 14:15:00,52.41093494136067
2026-02-08 14:20:00,55.54548802076769
2026-02-08 14:25:00,49.78406739669719
2026-02-08 14:30:00,45.45757548233149
2026-02-08 14:35:00,53.96666428598377
2026-02-08 14:40:00,47.499600290151704
2026-02-08 14:45:00,46.8105547398815
2026-02-08 14:50:00,41.266501909854455
2026-02-08 14:55:00,53.99303014910452
2026-02-08 15:00:00,58.96063646440759
2026-02-08 15:05:00,52.771807851973776
2026-02-08 15:10:00,50.53981419658874
2026-02-08 15:15:00,56.274979555656984
2026-02-08 15:20:00,46.36652587031129
2026-02-08 15:25:00,46.78128441007743
2026-02-08 15:30:00,46.04593154686129
2026-02-08 15:35:00,48.85423186181363
2026-02-08 15:40:00,56.50884113024498
2026-02-08 15:45:00,44.34993047271878
2026-02-08 15:50:00,48.59603453596987
2026-02-08 15:55:00,52.873688417358835
2026-02-08 16:00:00,58.83078980258071
2026-02-08 16:05:00,63.08842970250173
2026-02-08 16:10:00,61.15041847581139
2026-02-08 16:15:00,63.09243024730123
2026-02-08 16:20:00,64.37246503889732
2026-02-08 16:25:00,68.31942822006636
2026-02-08 16:30:00,65.59128339276313
2026-02-08 16:35:00,66.81029646352168
2026-02-08 16:40:00,61.42892879863473
2026-02-08 16:45:00,64.10323601358691
2026-02-08 16:50:00,64.8320219842527
2026-02-08 16:55:00,62.5238002856368
2026-02-08 17:00:00,68.40728112045032
2026-02-08 17:05:00,68.25263275765417
2026-02-08 17:10:00,68.53757544341057
2026-02-08 17:15:00,69.78229025554336
2026-02-08 17:20:00,64.2871384834559
2026-02-08 17:25:00,66.25958931734368
2026-02-08 17:30:00,65.71870114883298
2026-02-08 17:35:00,61.28819330177917
2026-02-08 17:40:00,65.49009074902442
2026-02-08 17:45:00,66.09283865634544
2026-02-08 17:50:00,64.30164570402258
2026-02-08 17:55:00,67.10670391548028
2026-02-08 18:00:00,69.73326614747369
2026-02-08 18:05:00,71.62973619425688
2026-02-08 18:10:00,67.31089500573302
2026-02-08 18:15:00,63.91203971914693
2026-02-08 18:20:00,68.08843261954144
2026-02-08 18:25:00,65.29268486188536
2026-02-08 18:30:00,66.85068200858028
2026-02-08 18:35:00,65.88043687196185
2026-02-08 18:40:00,57.19034363707188
2026-02-08 18:45:00,64.37046643313667
2026-02-08 18:50:00,59.91767360439474
2026-02-08 18:55:00,65.40258676858059
2026-02-08 19:00:00,64.83099434323267
2026-02-08 19:05:00,66.17110092089176
2026-02-08 19:10:00,58.12729819111797
2026-02-08 19:15:00,64.12996403645812
2026-02-08 19:20:00,68.10091222256304
2026-02-08 19:25:00,67.12717111663424
2026-02-08 19:30:00,69.21291422417524
2026-02-08 19:35:00,65.03968084844186
2026-02-08 19:40:00,64.88625479958635
2026-02-08 19:45:00,64.79970464519002
2026-02-08 19:50:00,65.81859282877632
2026-02-08 19:55:00,64.30382352217981
2026-02-08 20:00:00,65.11882167781488
2026-02-08 20:05:00,66.76903844396078
2026-02-08 20:10:00,66.7038994389821
2026-02-08 20:15:00,70.50047002229427
2026-02-08 20:20:00,64.32479653927102
2026-02-08 20:25:00,65.5661982774365
2026-02-08 20:30:00,70.58130201286365
2026-02-08 20:35:00,68.8703158741966
2026-02-08 20:40:00,61.65090183915074
2026-02-08 20:45:00,68.40695255944753
2026-02-08 20:50:00,59.74636377252078
2026-02-08 20:55:00,64.4403193327528
2026-02-08 21:00:00,63.966728738883326
2026-02-08 21:05:00,67.02943571265129
2026-02-08 21:10:00,65.9717048649282
2026-02-08 21:15:00,61.56025576467405
2026-02-08 21:20:00,67.68208382599569
2026-02-08 21:25:00,57.01267975069918
2026-02-08 21:30:00,67.25414131380053
2026-02-08 21:35:00,66.31693116192952
2026-02-08 21:40:00,68.27535718182932
2026-02-08 21:45:00,61.91667120565813
2026-02-08 21:50:00,59.912227003316815
2026-02-08 21:55:00,56.933793132334245
2026-02-08 22:00:00,65.12972080160446
2026-02-08 22:05:00,63.07647415112431
2026-02-08 22:10:00,67.90723880494612
2026-02-08 22:15:00,67.82166053001018
2026-02-08 22:20:00,56.26045423391244
2026-02-08 22:25:00,66.02493139159789
2026-02-08 22:30:00,65.8663592930067
2026-02-08 22:35:00,62.58978419628474
2026-02-08 22:40:00,66.98614376910314
2026-02-08 22:45:00,66.74942929965518
2026-02-08 22:50:00,63.84850857492297
2026-02-08 22:55:00,67.25466407092081
2026-02-08 23:00:00,63.97046120631348
2026-02-08 23:05:00,63.84126778252373
2026-02-08 23:10:00,67.45108490145799
2026-02-08 23:15:00,64.38845873911717
2026-02-08 23:20:00,64.63482477055263
2026-02-08 23:25:00,66.42302075689182
2026-02-08 23:30:00,70.66676666756548
2026-02-08 23:35:00,67.01812173667616
2026-02-08 23:40:00,67.4954060393527
2026-02-08 23:45:00,67.96683652532137
2026-02-08 23:50:00,68.38699850485726
2026-02-08 23:55:00,61.33744377817745
2026-02-09 00:00:00,62.96738991072596
2026-02-09 00:05:00,67.56161061057931
2026-02-09 00:10:00,65.28250836230092
2026-02-09 00:15:00,64.65677755083806
2026-02-09 00:20:00,64.81578765601293
2026-02-09 00:25:00,65.57860186663346
2026-02-09 00:30:00,64.70189546692474
2026-02-09 00:35:00,68.6182015761132
2026-02-09 00:40:00,61.95017088842078
2026-02-09 00:45:00,66.74750978160306
2026-02-09 00:50:00,66.17426359202834
2026-02-09 00:55:00,58.371950869252736
2026-02-09 01:00:00,67.69599783290091
2026-02-09 01:05:00,59.945931767025016
2026-02-09 01:10:00,67.21740863759408
2026-02-09 01:15:00,64.06891813492652
2026-02-09 01:20:00,66.9542892327688
2026-02-09 01:25:00,67.11854594938778
2026-02-09 01:30:00,64.77517373007151
2026-02-09 01:35:00,66.89535168445711
2026-02-09 01:40:00,67.00429708176888
2026-02-09 01:45:00,63.271790441762114
2026-02-09 01:50:00,64.82554180961495
2026-02-09 01:55:00,69.17940065839495
2026-02-09 02:00:00,67.2601058960217
2026-02-09 02:05:00,61.14185384248655
2026-02-09 02:10:00,63.718097145409935
2026-02-09 02:15:00,62.60115566671036
2026-02-09 02:20:00,59.91611553313898
2026-02-09 02:25:00,62.41208250217744
2026-02-09 02:30:00,67.44182945936582
2026-02-09 02:35:00,66.59735282910226
2026-02-09 02:40:00,64.07360569152442
2026-02-09 02:45:00,60.437911381181465
2026-02-09 02:50:00,64.831298919785
2026-02-09 02:55:00,68.82890216666917
2026-02-09 03:00:00,61.69779027705825
2026-02-09 03:05:00,67.88739846549001
2026-02-09 03:10:00,65.99332584492204
2026-02-09 03:15:00,63.21425033061822
2026-02-09 03:20:00,60.153140188085146
2026-02-09 03:25:00,61.68662924864254
2026-02-09 03:30:00,63.716336289104014
2026-02-09 03:35:00,60.01660989946439
2026-02-09 03:40:00,64.46784495950007
2026-02-09 03:45:00,65.69003770845289
2026-02-09 03:50:00,70.13421946774434
2026-02-09 03:55:00,65.23479667628287
2026-02-09 04:00:00,64.5247375478636
2026-02-09 04:05:00,68.04408212508818
2026-02-09 04:10:00,61.475648879162904
2026-02-09 04:15:00,64.98418151741515
2026-02-09 04:20:00,63.834443809510155
2026-02-09 04:25:00,59.976634229848514
2026-02-09 04:30:00,63.65102603353911
2026-02-09 04:35:00,69.664333341361
2026-02-09 04:40:00,66.52152006965514
2026-02-09 04:45:00,65.13398314316491
2026-02-09 04:50:00,70.40290900733953
2026-02-09 04:55:00,64.63348360168588
2026-02-09 05:00:00,64.16030503803051
2026-02-09 05:05:00,61.75443711158493
2026-02-09 05:10:00,62.340127190847014
2026-02-09 05:15:00,65.91318290258607
2026-02-09 05:20:00,64.88386843234115
2026-02-09 05:25:00,65.54400774839671
2026-02-09 05:30:00,69.0989149542289
2026-02-09 05:35:00,66.05367555403662
2026-02-09 05:40:00,59.23851170783204
2026-02-09 05:45:00,60.35055347704719
2026-02-09 05:50:00,58.90753407349597
2026-02-09 05:55:00,69.82432494240575
2026-02-09 06:00:00,69.31452899416185
2026-02-09 06:05:00,63.94493566036624
2026-02-09 06:10:00,70.83345524707478
2026-02-09 06:15:00,66.54636236885663
2026-02-09 06:20:00,63.71152164781267
2026-02-09 06:25:00,65.29763159080878
2026-02-09 06:30:00,66.24855521976616
2026-02-09 06:35:00,64.77720747505585
2026-02-09 06:40:00,66.91375540454806
2026-02-09 06:45:00,65.52554136101712
2026-02-09 06:50:00,61.881953599275796
2026-02-09 06:55:00,67.35493463371154
2026-02-09 07:00:00,28.61011456262781
2026-02-09 07:05:00,41.65329883334116
2026-02-09 07:10:00,34.766194882612126
2026-02-09 07:15:00,45.524252993235415
2026-02-09 07:20:00,26.948624997160746
2026-02-09 07:25:00,43.00366852032926
2026-02-09 07:30:00,31.39206518706528
2026-02-09 07:35:00,32.60319256661487
2026-02-09 07:40:00,42.49633612549003
2026-02-09 07:45:00,48.310643658792046
2026-02-09 07:50:00,40.99064149587863
2026-02-09 07:55:00,34.41140974350132
2026-02-09 08:00:00,45.63869936375529
2026-02-09 08:05:00,24.304680366803524
2026-02-09 08:10:00,27.165147758953818
2026-02-09 08:15:00,38.748008812204226
2026-02-09 08:20:00,24.176848199042446
2026-02-09 08:25:00,29.667913224678248
2026-02-09 08:30:00,32.303594735167266
2026-02-09 08:35:00,30.016862581129978
2026-02-09 08:40:00,32.338533627973
2026-02-09 08:45:00,30.513817903884405
2026-02-09 08:50:00,34.510764977240406
2026-02-09 08:55:00,29.888618518868356
2026-02-09 09:00:00,34.821137940578964
2026-02-09 09:05:00,37.82050764019371
2026-02-09 09:10:00,43.938737247263
2026-02-09 09:15:00,39.72503050947071
2026-02-09 09:20:00,44.76913342036613
2026-02-09 09:25:00,39.645127011596884
2026-02-09 09:30:00,30.547294260512388
2026-02-09 09:35:00,33.9199103251471
2026-02-09 09:40:00,35.32821110411778
2026-02-09 09:45:00,48.83837211696974
2026-02-09 09:50:00,32.99464849945115
2026-02-09 09:55:00,36.34005884680851
2026-02-09 10:00:00,50.71910716031641
2026-02-09 10:05:00,58.17535674912629
2026-02-09 10:10:00,56.18498413711631
2026-02-09 10:15:00,52.41169995562527
2026-02-09 10:20:00,59.16181591081357
2026-02-09 10:25:00,49.523384624639625
2026-02-09 10:30:00,52.7218468176881
2026-02-09 10:35:00,53.52430357067461
2026-02-09 10:40:00,55.63835478654299
2026-02-09 10:45:00,55.82272823317849
2026-02-09 10:50:00,53.55878708678745
2026-02-09 10:55:00,51.79536726024196
2026-02-09 11:00:00,44.87151024699211
2026-02-09 11:05:00,51.50196068823141
2026-02-09 11:10:00,51.3982187756467
2026-02-09 11:15:00,53.546275935381196
2026-02-09 11:20:00,56.75648421360685
2026-02-09 11:25:00,45.11830850564145
2026-02-09 11:30:00,52.73759864880894
2026-02-09 11:35:00,56.04811595769464
2026-02-09 11:40:00,49.44462397716067
2026-02-09 11:45:00,58.51784635050378
2026-02-09 11:50:00,50.412336230382756
2026-02-09 11:55:00,59.81952490634692
2026-02-09 12:00:00,61.03008795777554
2026-02-09 12:05:00,53.50178316549977
2026-02-09 12:10:00,44.70023705752514
2026-02-09 12:15:00,55.54947684336528
2026-02-09 12:20:00,61.015228710674656
2026-02-09 12:25:00,58.07873028362762
2026-02-09 12:30:00,57.81319906021143
2026-02-09 12:35:00,58.74994443618945
2026-02-09 12:40:00,55.80965090155823
2026-02-09 12:45:00,54.57679425523774
2026-02-09 12:50:00,62.21876288468833
2026-02-09 12:55:00,56.08611251457546
2026-02-09 13:00:00,52.04334408180013
2026-02-09 13:05:00,55.460682843033744
2026-02-09 13:10:00,47.781476889790675
2026-02-09 13:15:00,53.4125184095052
2026-02-09 13:20:00,57.63913983869217
2026-02-09 13:25:00,52.74670612713971
2026-02-09 13:30:00,60.40155268308369
2026-02-09 13:35:00,59.07184066644928
2026-02-09 13:40:00,53.47770977041843
2026-02-09 13:45:00,49.34261605999506
2026-02-09 13:50:00,56.857653246206226
2026-02-09 13:55:00,55.44004760194378
2026-02-09 14:00:00,54.9620350415673
2026-02-09 14:05:00,56.71672679544641
2026-02-09 14:10:00,53.844532251368136
2026-02-09 14:15:00,55.09495852841425
2026-02-09 14:20:00,55.48682895907166
2026-02-09 14:25:00,56.63907875751188
2026-02-09 14:30:00,51.45482782437957
2026-02-09 14:35:00,58.17482598509753
2026-02-09 14:40:00,54.44005723918408
2026-02-09 14:45:00,55.836394809737776
2026-02-09 14:50:00,64.16377918912187
2026-02-09 14:55:00,54.124917607417395
2026-02-09 15:00:00,56.82708670948272
2026-02-09 15:05:00,57.97933181366752
2026-02-09 15:10:00,60.56869858155793
2026-02-09 15:15:00,59.3294641092903
2026-02-09 15:20:00,50.00996244995932
2026-02-09 15:25:00,57.07693460517006
2026-02-09 15:30:00,50.18080994289708
2026-02-09 15:35:00,52.53698924973634
2026-02-09 15:40:00,57.44819023275605
2026-02-09 15:45:00,51.65258354713812
2026-02-09 15:50:00,59.04909665782884
2026-02-09 15:55:00,51.449162601123355
2026-02-09 16:00:00,21.636097834370883
2026-02-09 16:05:00,34.563672458729236
2026-02-09 16:10:00,36.58559969015013
2026-02-09 16:15:00,36.87170610185807
2026-02-09 16:20:00,29.741854598509896
2026-02-09 16:25:00,39.638929397961476
2026-02-09 16:30:00,40.34622840652381
2026-02-09 16:35:00,27.03959981651915
2026-02-09 16:40:00,30.298919397183226
2026-02-09 16:45:00,40.46196663810185
2026-02-09 16:50:00,35.50978157271178
2026-02-09 16:55:00,33.06795110258436
2026-02-09 17:00:00,30.41877952647312
2026-02-09 17:05:00,29.035825848735143
2026-02-09 17:10:00,25.07220776070028
2026-02-09 17:15:00,32.247271522507425
2026-02-09 17:20:00,18.2185806759103
2026-02-09 17:25:00,28.88128132857563
2026-02-09 17:30:00,37.051477899377836
2026-02-09 17:35:00,28.095008825391496
2026-02-09 17:40:00,32.03720922865942
2026-02-09 17:45:00,33.4207952820001
2026-02-09 17:50:00,37.07798778901171
2026-02-09 17:55:00,22.192739258821117
2026-02-09 18:00:00,25.732862677432912
2026-02-09 18:05:00,34.42554397578667
2026-02-09 18:10:00,28.31569705816775
2026-02-09 18:15:00,34.74418697092968
2026-02-09 18:20:00,37.67789136373132
2026-02-09 18:25:00,25.706916807095496
2026-02-09 18:30:00,30.18214321745454
2026-02-09 18:35:00,37.43170439677074
2026-02-09 18:40:00,31.754614507454214
2026-02-09 18:45:00,20.868038005325452
2026-02-09 18:50:00,25.36383535872914
2026-02-09 18:55:00,27.64502511345178
2026-02-09 19:00:00,29.060004966515816
2026-02-09 19:05:00,26.879937944619652
2026-02-09 19:10:00,24.009405784536398
2026-02-09 19:15:00,36.618612604440756
2026-02-09 19:20:00,32.73344775864602
2026-02-09 19:25:00,27.639086373339147
2026-02-09 19:30:00,33.141207629453554
2026-02-09 19:35:00,38.70752366057687
2026-02-09 19:40:00,33.63818311000774
2026-02-09 19:45:00,21.385431574309937
2026-02-09 19:50:00,24.348705008650057
2026-02-09 19:55:00,25.521319495059352
2026-02-09 20:00:00,66.99176417600259
2026-02-09 20:05:00,64.06043527295107
2026-02-09 20:10:00,60.919680860526604
2026-02-09 20:15:00,63.471802073561605
2026-02-09 20:20:00,68.00294394601434
2026-02-09 20:25:00,69.12762241130109
2026-02-09 20:30:00,58.944919152732965
2026-02-09 20:35:00,61.80822833971808
2026-02-09 20:40:00,68.12616167035388
2026-02-09 20:45:00,66.48990481161442
2026-02-09 20:50:00,68.03660254866105
2026-02-09 20:55:00,63.174262056106826
2026-02-09 21:00:00,62.13608348458356
2026-02-09 21:05:00,66.2131060109427
2026-02-09 21:10:00,66.1068220867881
2026-02-09 21:15:00,64.74717663295526
2026-02-09 21:20:00,58.7518170972232
2026-02-09 21:25:00,68.75867805182726
2026-02-09 21:30:00,66.78018012722987
2026-02-09 21:35:00,65.02390642278418
2026-02-09 21:40:00,65.70713572000285
2026-02-09 21:45:00,62.223625772347894
2026-02-09 21:50:00,67.05637009880743
2026-02-09 21:55:00,63.74851023807542
2026-02-09 22:00:00,64.76259908695077
2026-02-09 22:05:00,66.82083004929588
2026-02-09 22:10:00,63.64346046790792
2026-02-09 22:15:00,61.09119466924971
2026-02-09 22:20:00,65.70977624221301
2026-02-09 22:25:00,70.2869772232727
2026-02-09 22:30:00,60.45498789148728
2026-02-09 22:35:00,63.2346484245178
2026-02-09 22:40:00,62.96125442562591
2026-02-09 22:45:00,66.43212093862103
2026-02-09 22:50:00,64.84929002390214
2026-02-09 22:55:00,64.06951969336247
2026-02-09 23:00:00,66.52602324667103
2026-02-09 23:05:00,64.71747470627625
2026-02-09 23:10:00,67.48748996639074
2026-02-09 23:15:00,62.82702901769192
2026-02-09 23:20:00,66.07281271578508
2026-02-09 23:25:00,69.11446098135303
2026-02-09 23:30:00,63.017409492446184
2026-02-09 23:35:00,62.99385862101254
2026-02-09 23:40:00,67.1042761341649
2026-02-09 23:45:00,66.14069257108805
2026-02-09 23:50:00,66.53986334368318
2026-02-09 23:55:00,63.41942851670906
2026-02-10 00:00:00,65.2444215989866
2026-02-10 00:05:00,67.94020778838208
2026-02-10 00:10:00,74.64346739339354
2026-02-10 00:15:00,65.32507357465758
2026-02-10 00:20:00,63.083550538655956
2026-02-10 00:25:00,63.228692432588915
2026-02-10 00:30:00,59.83772196375141
2026-02-10 00:35:00,62.00423687198382
2026-02-10 00:40:00,66.83032358978355
2026-02-10 00:45:00,65.6050050092715
2026-02-10 00:50:00,55.46571824885965
2026-02-10 00:55:00,65.8074691638446
2026-02-10 01:00:00,66.149755672571
2026-02-10 01:05:00,58.422987250897684
2026-02-10 01:10:00,64.8881328130442
2026-02-10 01:15:00,71.6221420623451
2026-02-10 01:20:00,64.27251976218189
2026-02-10 01:25:00,66.4111659934056
2026-02-10 01:30:00,66.89361200662522
2026-02-10 01:35:00,66.38625318573396
2026-02-10 01:40:00,70.39544832015248
2026-02-10 01:45:00,61.01595134250321
2026-02-10 01:50:00,68.2622640032314
2026-02-10 01:55:00,65.56033301930586
2026-02-10 02:00:00,64.65023541026747
2026-02-10 02:05:00,65.32989721103614
2026-02-10 02:10:00,66.7028093556175
2026-02-10 02:15:00,65.48732950154799
2026-02-10 02:20:00,69.23851444255853
2026-02-10 02:25:00,61.76615138032038
2026-02-10 02:30:00,64.04230617558532
2026-02-10 02:35:00,62.7445933927125
2026-02-10 02:40:00,67.01676112495443
2026-02-10 02:45:00,60.80675797195333
2026-02-10 02:50:00,65.6923025613002
2026-02-10 02:55:00,61.53407043768788
2026-02-10 03:00:00,63.37818235010895
2026-02-10 03:05:00,63.94124841333781
2026-02-10 03:10:00,70.48434644230232
2026-02-10 03:15:00,61.70057366436138
2026-02-10 03:20:00,63.67456171322117
2026-02-10 03:25:00,64.41417999767816
2026-02-10 03:30:00,63.1157323255143
2026-02-10 03:35:00,65.3260209759705
2026-02-10 03:40:00,66.97877726217853
2026-02-10 03:45:00,60.74175156588814
2026-02-10 03:50:00,66.41966978989993
2026-02-10 03:55:00,63.84738153744042
2026-02-10 04:00:00,63.49518944604428
2026-02-10 04:05:00,65.61937208660105
2026-02-10 04:10:00,65.26861367292345
2026-02-10 04:15:00,66.79966489252018
2026-02-10 04:20:00,65.01125398469841
2026-02-10 04:25:00,65.21510899449305
2026-02-10 04:30:00,69.57108411816394
2026-02-10 04:35:00,63.01247548451938
2026-02-10 04:40:00,62.6553086432144
2026-02-10 04:45:00,65.57751887558972
2026-02-10 04:50:00,68.41111654653936
2026-02-10 04:55:00,62.341467094396506
2026-02-10 05:00:00,65.40036880906354
2026-02-10 05:05:00,63.474025619392286
2026-02-10 05:10:00,58.73382959018591
2026-02-10 05:15:00,61.66062981881082
2026-02-10 05:20:00,64.0412639707254
2026-02-10 05:25:00,64.21526999332693
2026-02-10 05:30:00,65.35216126640931
2026-02-10 05:35:00,65.70303416841317
2026-02-10 05:40:00,59.62706836356916
2026-02-10 05:45:00,63.33802569856713
2026-02-10 05:50:00,66.86884672948672
2026-02-10 05:55:00,63.641453730083896
2026-02-10 06:00:00,67.87957107683692
2026-02-10 06:05:00,64.49258427416291
2026-02-10 06:10:00,62.56954924618271
2026-02-10 06:15:00,62.455689405376795
2026-02-10 06:20:00,63.82596658211492
2026-02-10 06:25:00,67.644764126975
2026-02-10 06:30:00,68.84188367930672
2026-02-10 06:35:00,65.97132991647743
2026-02-10 06:40:00,68.15164435734481
2026-02-10 06:45:00,62.94664474790339
2026-02-10 06:50:00,65.83222151727666
2026-02-10 06:55:00,66.79958139635315
2026-02-10 07:00:00,37.14414415830641
2026-02-10 07:05:00,28.084337611405736
2026-02-10 07:10:00,28.780037890177777
2026-02-10 07:15:00,35.7487286703884
2026-02-10 07:20:00,30.47755775781964
2026-02-10 07:25:00,36.19240190290963
2026-02-10 07:30:00,26.938782710835778
2026-02-10 07:35:00,30.226065043414472
2026-02-10 07:40:00,32.50730864360233
2026-02-10 07:45:00,33.20453580940509
2026-02-10 07:50:00,26.450406156228222
2026-02-10 07:55:00,43.073174716830366
2026-02-10 08:00:00,39.66173568769413
2026-02-10 08:05:00,41.620925692410154
2026-02-10 08:10:00,38.46319049852764
2026-02-10 08:15:00,27.471365327676295
2026-02-10 08:20:00,40.25681167710844
2026-02-10 08:25:00,25.399802969412807
2026-02-10 08:30:00,41.23744061218298
2026-02-10 08:35:00,35.87177327192543
2026-02-10 08:40:00,33.79569929817376
2026-02-10 08:45:00,46.47265156171316
2026-02-10 08:50:00,44.73673047437436
2026-02-10 08:55:00,31.02419912408449
2026-02-10 09:00:00,39.331733385131876
2026-02-10 09:05:00,36.881245931959874
2026-02-10 09:10:00,33.99517431551295
2026-02-10 09:15:00,44.614113589918695
2026-02-10 09:20:00,28.355189827602892
2026-02-10 09:25:00,27.34307346874595
2026-02-10 09:30:00,33.88977414185494
2026-02-10 09:35:00,34.980012443949185
2026-02-10 09:40:00,41.4874327982786
2026-02-10 09:45:00,41.468844893339245
2026-02-10 09:50:00,24.43264194827532
2026-02-10 09:55:00,48.321659238837604
2026-02-10 10:00:00,57.210357842773206
2026-02-10 10:05:00,54.49389175106867
2026-02-10 10:10:00,56.836744618947066
2026-02-10 10:15:00,63.40891746630068
2026-02-10 10:20:00,58.15486499682037
2026-02-10 10:25:00,58.49208565618512
2026-02-10 10:30:00,58.3232979723362
2026-02-10 10:35:00,53.707895946303736
2026-02-10 10:40:00,53.82018900467495
2026-02-10 10:45:00,50.163178356283844
2026-02-10 10:50:00,58.183224801499456
2026-02-10 10:55:00,50.858959130002006
2026-02-10 11:00:00,56.397577511365384
2026-02-10 11:05:00,56.02755304594396
2026-02-10 11:10:00,57.598736812750744
2026-02-10 11:15:00,53.56494063959671
2026-02-10 11:20:00,60.45934550745094
2026-02-10 11:25:00,62.0505880029524
2026-02-10 11:30:00,60.746800419045606
2026-02-10 11:35:00,53.46760958720272
2026-02-10 11:40:00,52.44910332444135
2026-02-10 11:45:00,53.332131378848054
2026-02-10 11:50:00,51.2875097428227
2026-02-10 11:55:00,55.78865773359366
2026-02-10 12:00:00,65.31677302452763
2026-02-10 12:05:00,57.4451956775702
2026-02-10 12:10:00,59.308933833786654
2026-02-10 12:15:00,60.071115340359064
2026-02-10 12:20:00,52.37699659491331
2026-02-10 12:25:00,53.57701301368737
2026-02-10 12:30:00,56.26914087149326
2026-02-10 12:35:00,42.3597082543867
2026-02-10 12:40:00,53.610069290282965
2026-02-10 12:45:00,51.32717739298802
2026-02-10 12:50:00,50.61488577741694
2026-02-10 12:55:00,48.971137644917576
2026-02-10 13:00:00,53.74562635034165
2026-02-10 13:05:00,57.895688808654
2026-02-10 13:10:00,57.67476745310046
2026-02-10 13:15:00,59.00631028211117
2026-02-10 13:20:00,53.91131332156853
2026-02-10 13:25:00,45.0192132318876
2026-02-10 13:30:00,46.18771875069555
2026-02-10 13:35:00,52.49174364306255
2026-02-10 13:40:00,50.59407170532704
2026-02-10 13:45:00,50.82018998794071
2026-02-10 13:50:00,55.96385179709827
2026-02-10 13:55:00,53.98215293766613
2026-02-10 14:00:00,58.96579776278118
2026-02-10 14:05:00,56.42436812144294
2026-02-10 14:10:00,50.64095014382969
2026-02-10 14:15:00,50.46166431052313
2026-02-10 14:20:00,52.155418463812914
2026-02-10 14:25:00,55.410044056983544
2026-02-10 14:30:00,55.23374108287351
2026-02-10 14:35:00,54.54902499417269
2026-02-10 14:40:00,52.76036137251174
2026-02-10 14:45:00,50.59667257378698
2026-02-10 14:50:00,60.83026976866284
2026-02-10 14:55:00,56.00272340561014
2026-02-10 15:00:00,50.36562525685625
2026-02-10 15:05:00,57.23421752449032
2026-02-10 15:10:00,50.99864620459277
2026-02-10 15:15:00,53.44865976324305
2026-02-10 15:20:00,51.87335063000813
2026-02-10 15:25:00,52.10954936606731
2026-02-10 15:30:00,64.98071415512516
2026-02-10 15:35:00,60.46633219488257
2026-02-10 15:40:00,52.591088973323636
2026-02-10 15:45:00,52.4057104021772
2026-02-10 15:50:00,51.02154280801212
2026-02-10 15:55:00,61.65814225935566
2026-02-10 16:00:00,29.91345633319366
2026-02-10 16:05:00,37.377366709613135
2026-02-10 16:10:00,36.30289600911887
2026-02-10 16:15:00,40.59135957923888
2026-02-10 16:20:00,29.885992848923205
2026-02-10 16:25:00,30.33406622199879
2026-02-10 16:30:00,32.951929347295845
2026-02-10 16:35:00,29.271383347920487
2026-02-10 16:40:00,31.922021482677334
2026-02-10 16:45:00,26.2189661276058
2026-02-10 16:50:00,34.358321474751236
2026-02-10 16:55:00,22.71309536825375
2026-02-10 17:00:00,30.272954528338435
2026-02-10 17:05:00,39.74212257948091
2026-02-10 17:10:00,21.52882754240767
2026-02-10 17:15:00,42.689980892131075
2026-02-10 17:20:00,30.312106346837588
2026-02-10 17:25:00,25.56579909352464
2026-02-10 17:30:00,30.20261119833106
2026-02-10 17:35:00,32.73686661712444
2026-02-10 17:40:00,33.10960175745789
2026-02-10 17:45:00,35.874181231677824
2026-02-10 17:50:00,23.01393957965376
2026-02-10 17:55:00,27.765182555310897
2026-02-10 18:00:00,37.068247355453046
2026-02-10 18:05:00,37.06393201094363
2026-02-10 18:10:00,39.40405529533805
2026-02-10 18:15:00,20.45786591631029
2026-02-10 18:20:00,21.645242106055115
2026-02-10 18:25:00,29.973549665028933
2026-02-10 18:30:00,27.001339102374406
2026-02-10 18:35:00,20.837854020697257
2026-02-10 18:40:00,31.947499362824175
2026-02-10 18:45:00,27.73487672799152
2026-02-10 18:50:00,23.32568121000406
2026-02-10 18:55:00,34.919872762790966
2026-02-10 19:00:00,31.677551328357946
2026-02-10 19:05:00,26.008917942581302
2026-02-10 19:10:00,20.1646657448137
2026-02-10 19:15:00,19.527271499810812
2026-02-10 19:20:00,27.16108938749139
2026-02-10 19:25:00,36.74014727522924
2026-02-10 19:30:00,18.320666665742632
2026-02-10 19:35:00,23.86795595039669
2026-02-10 19:40:00,30.740688145836284
2026-02-10 19:45:00,34.7725642520651
2026-02-10 19:50:00,40.07673514683955
2026-02-10 19:55:00,20.167956865557453
2026-02-10 20:00:00,65.93335980815152
2026-02-10 20:05:00,62.004177876835705
2026-02-10 20:10:00,68.80791478417724
2026-02-10 20:15:00,65.34977012221118
2026-02-10 20:20:00,63.89024583301873
2026-02-10 20:25:00,62.14521398657868
2026-02-10 20:30:00,67.50060416127776
2026-02-10 20:35:00,67.63156364057927
2026-02-10 20:40:00,67.10785235728225
2026-02-10 20:45:00,65.171893111675
2026-02-10 20:50:00,61.964781570892335
2026-02-10 20:55:00,62.56640711363668
2026-02-10 21:00:00,68.89162506857156
2026-02-10 21:05:00,67.50473473801236
2026-02-10 21:10:00,69.69831729508398
2026-02-10 21:15:00,62.16034463335908
2026-02-10 21:20:00,66.00113963007536
2026-02-10 21:25:00,72.08690152491273
2026-02-10 21:30:00,65.78643622975135
2026-02-10 21:35:00,64.83780758544049
2026-02-10 21:40:00,65.2149445346167
2026-02-10 21:45:00,65.86637611501988
2026-02-10 21:50:00,65.12320256802528
2026-02-10 21:55:00,59.57232118850983
2026-02-10 22:00:00,64.1414775031003
2026-02-10 22:05:00,65.81196606545214
2026-02-10 22:10:00,66.45556064361338
2026-02-10 22:15:00,66.88749617844107
2026-02-10 22:20:00,67.78788745233699
2026-02-10 22:25:00,64.56476843458937
2026-02-10 22:30:00,64.59118607515283
2026-02-10 22:35:00,67.39412776526511
2026-02-10 22:40:00,67.23763569471697
2026-02-10 22:45:00,68.25797832482309
2026-02-10 22:50:00,68.5576637502142
2026-02-10 22:55:00,64.20536397116823
2026-02-10 23:00:00,65.12908312226985
2026-02-10 23:05:00,64.58188104326321
2026-02-10 23:10:00,63.79265011217424
2026-02-10 23:15:00,63.76485076957496
2026-02-10 23:20:00,63.4815021423725
2026-02-10 23:25:00,61.3275720143578
2026-02-10 23:30:00,71.68963932119419
2026-02-10 23:35:00,65.77365455080813
2026-02-10 23:40:00,67.50877543661697
2026-02-10 23:45:00,66.55207538722341
2026-02-10 23:50:00,65.62298149989088
2026-02-10 23:55:00,64.44885322878027
2026-02-11 00:00:00,61.23928914643603
2026-02-11 00:05:00,69.47182417932046
2026-02-11 00:10:00,65.13754067885799
2026-02-11 00:15:00,62.14924028922574
2026-02-11 00:20:00,62.220308064268636
2026-02-11 00:25:00,65.00664874021848
2026-02-11 00:30:00,69.45379822087136
2026-02-11 00:35:00,65.62172261403373
2026-02-11 00:40:00,68.8404992826098
2026-02-11 00:45:00,67.25621260576925
2026-02-11 00:50:00,64.31547918628611
2026-02-11 00:55:00,74.14020620918029
2026-02-11 01:00:00,60.39987072772618
2026-02-11 01:05:00,67.04792625726196
2026-02-11 01:10:00,63.74690647034291
2026-02-11 01:15:00,63.22359416599683
2026-02-11 01:20:00,64.92909024474196
2026-02-11 01:25:00,60.688069895933516
2026-02-11 01:30:00,66.49312974474806
2026-02-11 01:35:00,66.77735342652068
2026-02-11 01:40:00,65.2663536427444
2026-02-11 01:45:00,59.89430581197736
2026-02-11 01:50:00,65.22250353083902
2026-02-11 01:55:00,63.75832864629632
2026-02-11 02:00:00,67.81674970054159
2026-02-11 02:05:00,67.61484372032902
2026-02-11 02:10:00,65.64757901790132
2026-02-11 02:15:00,60.91080845965916
2026-02-11 02:20:00,65.1569813326741
2026-02-11 02:25:00,64.49400323398638
2026-02-11 02:30:00,62.33238386469666
2026-02-11 02:35:00,63.76572273500272
2026-02-11 02:40:00,67.95821428474618
2026-02-11 02:45:00,64.05406368713489
2026-02-11 02:50:00,68.54613622716502
2026-02-11 02:55:00,67.8254818717251
2026-02-11 03:00:00,69.13327753945863
2026-02-11 03:05:00,62.73245119931421
2026-02-11 03:10:00,62.56087722004788
2026-02-11 03:15:00,62.34567942697566
2026-02-11 03:20:00,67.3038119834917
2026-02-11 03:25:00,64.62186343152686
2026-02-11 03:30:00,63.09083951870282
2026-02-11 03:35:00,65.13970823770677
2026-02-11 03:40:00,65.1171299953998
2026-02-11 03:45:00,64.27886781396882
2026-02-11 03:50:00,61.61511458438183
2026-02-11 03:55:00,65.14054248708074
2026-02-11 04:00:00,69.01202020538533
2026-02-11 04:05:00,68.58978773717593
2026-02-11 04:10:00,65.05841308865561
2026-02-11 04:15:00,66.44948550813176
2026-02-11 04:20:00,61.7881146344355
2026-02-11 04:25:00,64.72369471052315
2026-02-11 04:30:00,64.94613063240313
2026-02-11 04:35:00,65.01078774428521
2026-02-11 04:40:00,65.48411596212495
2026-02-11 04:45:00,66.34219303514662
2026-02-11 04:50:00,66.16419429189115
2026-02-11 04:55:00,70.79505742595703
2026-02-11 05:00:00,68.10300114838599
2026-02-11 05:05:00,62.98423082699399
2026-02-11 05:10:00,64.15270945871445
2026-02-11 05:15:00,66.36882755555534
2026-02-11 05:20:00,65.62680714082842
2026-02-11 05:25:00,64.75529675054084
2026-02-11 05:30:00,65.92528751997443
2026-02-11 05:35:00,68.13289620479154
2026-02-11 05:40:00,66.79036186493741
2026-02-11 05:45:00,70.31032893568054
2026-02-11 05:50:00,63.59989065061744
2026-02-11 05:55:00,65.03085105887921
2026-02-11 06:00:00,66.03645043008491
2026-02-11 06:05:00,64.96122971000656
2026-02-11 06:10:00,65.90473398113896
2026-02-11 06:15:00,62.951215297075834
2026-02-11 06:20:00,66.40604243023863
2026-02-11 06:25:00,62.92651995300734
2026-02-11 06:30:00,67.34522338853928
2026-02-11 06:35:00,64.76432468881579
2026-02-11 06:40:00,61.08408439426087
2026-02-11 06:45:00,67.50732659751066
2026-02-11 06:50:00,65.0986627561124
2026-02-11 06:55:00,63.52641072696482
2026-02-11 07:00:00,30.043944566393467
2026-02-11 07:05:00,29.436953380942374
2026-02-11 07:10:00,28.486969296374212
2026-02-11 07:15:00,31.204749268664624
2026-02-11 07:20:00,36.55685445674971
2026-02-11 07:25:00,47.80941052006382
2026-02-11 07:30:00,24.321570648736735
2026-02-11 07:35:00,34.16554537169088
2026-02-11 07:40:00,38.1271238713034
2026-02-11 07:45:00,40.91821500874841
2026-02-11 07:50:00,30.277423447270593
2026-02-11 07:55:00,31.480122088623414
2026-02-11 08:00:00,28.763772038037985
2026-02-11 08:05:00,36.760037443674065
2026-02-11 08:10:00,43.948169910499814
2026-02-11 08:15:00,41.15185867763446
2026-02-11 08:20:00,30.69066726218644
2026-02-11 08:25:00,44.57429207167167
2026-02-11 08:30:00,22.166309198216933
2026-02-11 08:35:00,45.61337876127079
2026-02-11 08:40:00,31.166388629835346
2026-02-11 08:45:00,41.38720251711242
2026-02-11 08:50:00,34.44513440182885
2026-02-11 08:55:00,33.74810230548185
2026-02-11 09:00:00,23.589938535852003
2026-02-11 09:05:00,37.09231158401809
2026-02-11 09:10:00,39.94321874896089
2026-02-11 09:15:00,41.6799362417162
2026-02-11 09:20:00,40.33016576696962
2026-02-11 09:25:00,32.442474366185735
2026-02-11 09:30:00,41.34782262565771
2026-02-11 09:35:00,45.77401665677732
2026-02-11 09:40:00,29.52583525458397
2026-02-11 09:45:00,30.157896038710778
2026-02-11 09:50:00,42.496822330663775
2026-02-11 09:55:00,28.314910257628583
2026-02-11 10:00:00,47.276035769824574
2026-02-11 10:05:00,50.93195405089347
2026-02-11 10:10:00,60.11744039763708
2026-02-11 10:15:00,55.1954358964931
2026-02-11 10:20:00,58.2060917306656
2026-02-11 10:25:00,59.51521957811362
2026-02-11 10:30:00,59.59410153289353
2026-02-11 10:35:00,55.38151605857112
2026-02-11 10:40:00,49.987412720074474
2026-02-11 10:45:00,48.8534533227942
2026-02-11 10:50:00,58.150643148203535
2026-02-11 10:55:00,51.61357446758854
2026-02-11 11:00:00,61.703423942686186
2026-02-11 11:05:00,49.045445473272316
2026-02-11 11:10:00,56.310790475822344
2026-02-11 11:15:00,59.731336936141666
2026-02-11 11:20:00,56.67478677576203
2026-02-11 11:25:00,58.38991139369993
2026-02-11 11:30:00,51.0526646208823
2026-02-11 11:35:00,56.03179050308184
2026-02-11 11:40:00,54.03298473859453
2026-02-11 11:45:00,58.184254792423054
2026-02-11 11:50:00,61.30983306007307
2026-02-11 11:55:00,55.60494140687838
2026-02-11 12:00:00,60.87079556937752
2026-02-11 12:05:00,54.193433460876875
2026-02-11 12:10:00,61.81180163358672
2026-02-11 12:15:00,57.62367431470163
2026-02-11 12:20:00,53.66591647812595
2026-02-11 12:25:00,50.94308105766246
2026-02-11 12:30:00,50.92782951350652
2026-02-11 12:35:00,49.6916084852396
2026-02-11 12:40:00,56.7290999745793
2026-02-11 12:45:00,60.98041867122766
2026-02-11 12:50:00,50.26422084550516
2026-02-11 12:55:00,54.114176072528075
2026-02-11 13:00:00,55.772250735297824
2026-02-11 13:05:00,54.554369257935754
2026-02-11 13:10:00,47.00984206797835
2026-02-11 13:15:00,56.26975060891183
2026-02-11 13:20:00,56.72839411856182
2026-02-11 13:25:00,60.49456399975325
2026-02-11 13:30:00,53.21682660467135
2026-02-11 13:35:00,52.063699414452486
2026-02-11 13:40:00,65.7306537961371
2026-02-11 13:45:00,59.06044085015774
2026-02-11 13:50:00,53.42286924096841
2026-02-11 13:55:00,49.699955374352335
2026-02-11 14:00:00,54.671528988813094
2026-02-11 14:05:00,55.17704546999705
2026-02-11 14:10:00,59.08456105754652
2026-02-11 14:15:00,55.06875089422038
2026-02-11 14:20:00,58.36939003563009
2026-02-11 14:25:00,52.16185039288422
2026-02-11 14:30:00,56.16365383864577
2026-02-11 14:35:00,51.66764789456274
2026-02-11 14:40:00,53.53807203018187
2026-02-11 14:45:00,57.18855888118958
2026-02-11 14:50:00,56.173125828008665
2026-02-11 14:55:00,55.67434368267238
2026-02-11 15:00:00,55.467560201646535
2026-02-11 15:05:00,51.18930754743547
2026-02-11 15:10:00,59.36781610470913
2026-02-11 15:15:00,52.66922328831559
2026-02-11 15:20:00,54.93930792551978
2026-02-11 15:25:00,51.235686500480625
2026-02-11 15:30:00,57.60555276656406
2026-02-11 15:35:00,49.339725636560004
2026-02-11 15:40:00,46.44785157051805
2026-02-11 15:45:00,57.488888190924435
2026-02-11 15:50:00,59.80696345511751
2026-02-11 15:55:00,54.52170306945022
2026-02-11 16:00:00,34.49978863964678
2026-02-11 16:05:00,30.885103254043287
2026-02-11 16:10:00,20.229149884436858
2026-02-11 16:15:00,36.44406380528279
2026-02-11 16:20:00,34.732396086761135
2026-02-11 16:25:00,20.88604507513945
2026-02-11 16:30:00,31.318140351941004
2026-02-11 16:35:00,20.519602950493834
2026-02-11 16:40:00,29.67251039410993
2026-02-11 16:45:00,31.022809083948854
2026-02-11 16:50:00,32.54066678292335
2026-02-11 16:55:00,30.957823365910677
2026-02-11 17:00:00,39.491520157850175
2026-02-11 17:05:00,32.45731483421698
2026-02-11 17:10:00,25.61799516718122
2026-02-11 17:15:00,28.021496603030176
2026-02-11 17:20:00,39.99401554278508
2026-02-11 17:25:00,19.696853682539597
2026-02-11 17:30:00,29.96321367581312
2026-02-11 17:35:00,23.844734109467986
2026-02-11 17:40:00,38.20740444241753
2026-02-11 17:45:00,36.53277188758381
2026-02-11 17:50:00,36.52676960553904
2026-02-11 17:55:00,15.827067374890209
2026-02-11 18:00:00,33.73316930554315
2026-02-11 18:05:00,31.280742320766116
2026-02-11 18:10:00,23.487813462772284
2026-02-11 18:15:00,40.75794010307702
2026-02-11 18:20:00,20.112953381870213
2026-02-11 18:25:00,39.82790943657277
2026-02-11 18:30:00,34.42438958939509
2026-02-11 18:35:00,30.1983660090291
2026-02-11 18:40:00,38.45076818521524
2026-02-11 18:45:00,26.293726742404857
2026-02-11 18:50:00,27.9130246385712
2026-02-11 18:55:00,26.476198850732928
2026-02-11 19:00:00,27.37432088085256
2026-02-11 19:05:00,22.21122913392319
2026-02-11 19:10:00,35.86891520103441
2026-02-11 19:15:00,32.3488119671506
2026-02-11 19:20:00,24.835636639931657
2026-02-11 19:25:00,27.95690565755875
2026-02-11 19:30:00,25.751523098885663
2026-02-11 19:35:00,34.394861637574714
2026-02-11 19:40:00,27.141476096775605
2026-02-11 19:45:00,24.319633592901454
2026-02-11 19:50:00,31.49377629908338
2026-02-11 19:55:00,35.57454984472417
2026-02-11 20:00:00,65.24592086011528
2026-02-11 20:05:00,66.12622564762782
2026-02-11 20:10:00,65.01725094141462
2026-02-11 20:15:00,59.39454159948671
2026-02-11 20:20:00,68.21748222824878
2026-02-11 20:25:00,60.97608374765687
2026-02-11 20:30:00,64.34244839080702
2026-02-11 20:35:00,72.75227310539528
2026-02-11 20:40:00,66.53934258673938
2026-02-11 20:45:00,65.86569379265772
2026-02-11 20:50:00,66.01809087878446
2026-02-11 20:55:00,69.21423892203023
2026-02-11 21:00:00,63.25671465556295
2026-02-11 21:05:00,66.61681386885392
2026-02-11 21:10:00,58.97985431386696
2026-02-11 21:15:00,65.98431901562375
2026-02-11 21:20:00,67.9079044161908
2026-02-11 21:25:00,65.52899270511605
2026-02-11 21:30:00,66.3800906838568
2026-02-11 21:35:00,63.90754869587522
2026-02-11 21:40:00,69.46499507988898
2026-02-11 21:45:00,71.16252897125177
2026-02-11 21:50:00,67.20722147268191
2026-02-11 21:55:00,61.29153200460441
2026-02-11 22:00:00,64.66551161232019
2026-02-11 22:05:00,68.76582968559676
2026-02-11 22:10:00,68.10973247845013
2026-02-11 22:15:00,67.6694689408711
2026-02-11 22:20:00,68.32204735356977
2026-02-11 22:25:00,63.01060659761731
2026-02-11 22:30:00,64.72227952986395
2026-02-11 22:35:00,63.40022641575881
2026-02-11 22:40:00,65.57276670766238
2026-02-11 22:45:00,61.681954782041956
2026-02-11 22:50:00,68.40601111115235
2026-02-11 22:55:00,59.7507435614874
2026-02-11 23:00:00,62.9151397232439
2026-02-11 23:05:00,62.3345802783266
2026-02-11 23:10:00,61.57029375434014
2026-02-11 23:15:00,62.821872162561064
2026-02-11 23:20:00,65.78675000009704
2026-02-11 23:25:00,59.03158059781419
2026-02-11 23:30:00,61.000504450328535
2026-02-11 23:35:00,68.64428035324171
2026-02-11 23:40:00,66.8299278348035
2026-02-11 23:45:00,63.46967316376021
2026-02-11 23:50:00,62.04164325415693
2026-02-11 23:55:00,64.35910912478897
2026-02-12 00:00:00,64.07195132736828
2026-02-12 00:05:00,68.6273485404769
2026-02-12 00:10:00,62.194584477055244
2026-02-12 00:15:00,62.15707382493519
2026-02-12 00:20:00,66.50618832902404
2026-02-12 00:25:00,66.22540854646937
2026-02-12 00:30:00,70.91464868154608
2026-02-12 00:35:00,63.10247808645236
2026-02-12 00:40:00,65.09952298480668
2026-02-12 00:45:00,69.04232550723594
2026-02-12 00:50:00,64.6243607315547
2026-02-12 00:55:00,63.03630234073122
2026-02-12 01:00:00,59.47603168917258
2026-02-12 01:05:00,65.11831310271006
2026-02-12 01:10:00,65.6555181606512
2026-02-12 01:15:00,62.49557722754204
2026-02-12 01:20:00,61.190252419876245
2026-02-12 01:25:00,63.77253124431226
2026-02-12 01:30:00,63.39027696932596
2026-02-12 01:35:00,65.19359879982004
2026-02-12 01:40:00,68.32299239376238
2026-02-12 01:45:00,68.2910110777295
2026-02-12 01:50:00,63.66088150823286
2026-02-12 01:55:00,62.79224805265504
2026-02-12 02:00:00,60.59175442696755
2026-02-12 02:05:00,67.83186556293671
2026-02-12 02:10:00,61.49113475908087
2026-02-12 02:15:00,64.2077471135598
2026-02-12 02:20:00,61.38924158319634
2026-02-12 02:25:00,64.10232723305701
2026-02-12 02:30:00,64.78467945355926
2026-02-12 02:35:00,69.36812680335802
2026-02-12 02:40:00,63.605260333660624
2026-02-12 02:45:00,64.18300795382139
2026-02-12 02:50:00,63.67417612724945
2026-02-12 02:55:00,65.55421820135994
2026-02-12 03:00:00,67.96156134022331
2026-02-12 03:05:00,66.5382372562508
2026-02-12 03:10:00,62.26372285252717
2026-02-12 03:15:00,61.79023594177554
2026-02-12 03:20:00,66.4115775659945
2026-02-12 03:25:00,62.430204208458704
2026-02-12 03:30:00,68.25911868296707
2026-02-12 03:35:00,68.0590832477241
2026-02-12 03:40:00,72.15356388831684
2026-02-12 03:45:00,62.28416978642587
2026-02-12 03:50:00,72.02671364961934
2026-02-12 03:55:00,64.85657147991665
2026-02-12 04:00:00,61.62403032417133
2026-02-12 04:05:00,62.45574865684646
2026-02-12 04:10:00,58.36035106263949
2026-02-12 04:15:00,59.7437719382316
2026-02-12 04:20:00,66.92048345150339
2026-02-12 04:25:00,68.42084045306619
2026-02-12 04:30:00,63.905081389821646
2026-02-12 04:35:00,61.76670245827222
2026-02-12 04:40:00,67.55937245714694
2026-02-12 04:45:00,66.55743515432006
2026-02-12 04:50:00,69.04351211190075
2026-02-12 04:55:00,64.61802804625844
2026-02-12 05:00:00,62.315097983696155
2026-02-12 05:05:00,66.18723338197442
2026-02-12 05:10:00,63.91859757781161
2026-02-12 05:15:00,65.26274661113946
2026-02-12 05:20:00,69.34161204828004
2026-02-12 05:25:00,65.56844136945831
2026-02-12 05:30:00,63.89506557257287
2026-02-12 05:35:00,67.42879664149552
2026-02-12 05:40:00,65.21571402788308
2026-02-12 05:45:00,66.22322753898561
2026-02-12 05:50:00,61.8851520367821
2026-02-12 05:55:00,66.83772591726984
2026-02-12 06:00:00,67.5349646741436
2026-02-12 06:05:00,63.828790126370095
2026-02-12 06:10:00,70.90433981277123
2026-02-12 06:15:00,57.02719595282486
2026-02-12 06:20:00,65.73540998884836
2026-02-12 06:25:00,62.992559257286295
2026-02-12 06:30:00,64.73381109903745
2026-02-12 06:35:00,63.827996220954596
2026-02-12 06:40:00,66.13924287849851
2026-02-12 06:45:00,65.52325746700468
2026-02-12 06:50:00,65.29980241757227
2026-02-12 06:55:00,64.42877094569424
2026-02-12 07:00:00,28.854486115725486
2026-02-12 07:05:00,38.17504698289306
2026-02-12 07:10:00,32.64108628702344
2026-02-12 07:15:00,40.56710251848823
2026-02-12 07:20:00,48.486041381198746
2026-02-12 07:25:00,38.48978394930751
2026-02-12 07:30:00,27.0332948600107
2026-02-12 07:35:00,47.928513237161866
2026-02-12 07:40:00,40.61901833288457
2026-02-12 07:45:00,36.50760266771822
2026-02-12 07:50:00,22.735448877849315
2026-02-12 07:55:00,36.358415650970386
2026-02-12 08:00:00,22.43594440347037
2026-02-12 08:05:00,38.55580491022363
2026-02-12 08:10:00,33.248635802076286
2026-02-12 08:15:00,30.46682208013957
2026-02-12 08:20:00,27.965362959062436
2026-02-12 08:25:00,33.5832421254902
2026-02-12 08:30:00,38.02546110740566
2026-02-12 08:35:00,36.15409743160399
2026-02-12 08:40:00,35.35218048830225
2026-02-12 08:45:00,43.124505749536944
2026-02-12 08:50:00,30.902860229034978
2026-02-12 08:55:00,38.16342271661957
2026-02-12 09:00:00,35.09584572350213
2026-02-12 09:05:00,26.267619434799137
2026-02-12 09:10:00,34.22385276716928
2026-02-12 09:15:00,43.263563074474696
2026-02-12 09:20:00,31.794973986265
2026-02-12 09:25:00,33.47664609321687
2026-02-12 09:30:00,37.45144297024511
2026-02-12 09:35:00,41.51208786116567
2026-02-12 09:40:00,39.14831486581588
2026-02-12 09:45:00,37.397880918590175
2026-02-12 09:50:00,31.08895304058381
2026-02-12 09:55:00,33.141591416367866
2026-02-12 10:00:00,47.95005505408918
2026-02-12 10:05:00,53.740517708052906
2026-02-12 10:10:00,56.56631469372333
2026-02-12 10:15:00,52.91351360439026
2026-02-12 10:20:00,57.49042995904996
2026-02-12 10:25:00,51.952940698483985
2026-02-12 10:30:00,58.447974555688745
2026-02-12 10:35:00,51.408606949610466
2026-02-12 10:40:00,55.26678415640524
2026-02-12 10:45:00,52.002339661072995
2026-02-12 10:50:00,57.86687442035214
2026-02-12 10:55:00,55.68809485516695
2026-02-12 11:00:00,60.39295387060536
2026-02-12 11:05:00,48.77801219618322
2026-02-12 11:10:00,48.37599830029596
2026-02-12 11:15:00,52.26870394630609
2026-02-12 11:20:00,48.98553241436445
2026-02-12 11:25:00,54.018076580688906
2026-02-12 11:30:00,55.6669729734889
2026-02-12 11:35:00,46.60370185576673
2026-02-12 11:40:00,49.32986027600134
2026-02-12 11:45:00,50.78549546096548
2026-02-12 11:50:00,60.39070956413038
2026-02-12 11:55:00,57.012330707542
2026-02-12 12:00:00,52.26119914639617
2026-02-12 12:05:00,52.536994187369324
2026-02-12 12:10:00,61.44406443452013
2026-02-12 12:15:00,57.16133882873391
2026-02-12 12:20:00,57.85586059717105
2026-02-12 12:25:00,61.275626189171064
2026-02-12 12:30:00,52.580395717952555
2026-02-12 12:35:00,52.35438940722762
2026-02-12 12:40:00,53.910798812376754
2026-02-12 12:45:00,51.22176160760135
2026-02-12 12:50:00,56.881863989215915
2026-02-12 12:55:00,60.09571961771597
2026-02-12 13:00:00,60.236377629449095
2026-02-12 13:05:00,55.31545073280156
2026-02-12 13:10:00,54.40684994173273
2026-02-12 13:15:00,54.1247166282782
2026-02-12 13:20:00,54.47320660807403
2026-02-12 13:25:00,54.69044238848478
2026-02-12 13:30:00,58.94733386219578
2026-02-12 13:35:00,58.59398737864889
2026-02-12 13:40:00,53.83567417207467
2026-02-12 13:45:00,53.58079041978169
2026-02-12 13:50:00,52.16464397904956
2026-02-12 13:55:00,51.23022525818155
2026-02-12 14:00:00,51.80645996666079
2026-02-12 14:05:00,54.061479108293426
2026-02-12 14:10:00,55.1506939017098
2026-02-12 14:15:00,55.69875796524139
2026-02-12 14:20:00,50.212118640118064
2026-02-12 14:25:00,57.67639590866646
2026-02-12 14:30:00,58.09250817386334
2026-02-12 14:35:00,57.75258050590828
2026-02-12 14:40:00,57.71852869547747
2026-02-12 14:45:00,57.994966434034865
2026-02-12 14:50:00,53.097201755088136
2026-02-12 14:55:00,55.105948921336484
2026-02-12 15:00:00,56.88298359260261
2026-02-12 15:05:00,52.175877590895794
2026-02-12 15:10:00,58.43684275456431
2026-02-12 15:15:00,63.14656924710305
2026-02-12 15:20:00,50.43205256329848
2026-02-12 15:25:00,51.806114320366824
2026-02-12 15:30:00,56.62120278829475
2026-02-12 15:35:00,53.172288617892214
2026-02-12 15:40:00,49.49362091992884
2026-02-12 15:45:00,59.156110320016055
2026-02-12 15:50:00,55.78121543578303
2026-02-12 15:55:00,56.13128362355916
2026-02-12 16:00:00,30.502471587151923
2026-02-12 16:05:00,38.19852215468467
2026-02-12 16:10:00,43.566113371862244
2026-02-12 16:15:00,24.413150179148953
2026-02-12 16:20:00,31.77155616142709
2026-02-12 16:25:00,27.33860672992989
2026-02-12 16:30:00,41.09537230895818
2026-02-12 16:35:00,38.59323078012832
2026-02-12 16:40:00,32.003388069864705
2026-02-12 16:45:00,23.716679060788135
2026-02-12 16:50:00,30.512070543693767
2026-02-12 16:55:00,22.696804748533374
2026-02-12 17:00:00,34.22941319832518
2026-02-12 17:05:00,36.418151401685826
2026-02-12 17:10:00,24.955358006593215
2026-02-12 17:15:00,30.564572980576603
2026-02-12 17:20:00,30.592496491199086
2026-02-12 17:25:00,29.901112007294675
2026-02-12 17:30:00,33.90306670532725
2026-02-12 17:35:00,39.679457852864054
2026-02-12 17:40:00,23.048693376342676
2026-02-12 17:45:00,37.71020794387401
2026-02-12 17:50:00,33.21858446496502
2026-02-12 17:55:00,31.57279146549777
2026-02-12 18:00:00,33.59538580471767
2026-02-12 18:05:00,34.76596161473749
2026-02-12 18:10:00,20.126425935497693
2026-02-12 18:15:00,23.723585557401794
2026-02-12 18:20:00,29.32123123826849
2026-02-12 18:25:00,31.80019229993851
2026-02-12 18:30:00,28.192065298937194
2026-02-12 18:35:00,28.860607141575706
2026-02-12 18:40:00,27.730031670903166
2026-02-12 18:45:00,38.69922050622218
2026-02-12 18:50:00,38.59148871800982
2026-02-12 18:55:00,25.580959305430053
2026-02-12 19:00:00,32.59237207096991
2026-02-12 19:05:00,16.74550198529047
2026-02-12 19:10:00,25.044125008183798
2026-02-12 19:15:00,32.118985318150074
2026-02-12 19:20:00,25.25920452408416
2026-02-12 19:25:00,32.837089620148504
2026-02-12 19:30:00,33.18214856406648
2026-02-12 19:35:00,38.02843329627676
2026-02-12 19:40:00,25.26484824880761
2026-02-12 19:45:00,34.372007920421034
2026-02-12 19:50:00,19.79426488967212
2026-02-12 19:55:00,30.01206018842358
2026-02-12 20:00:00,60.31078095723268
2026-02-12 20:05:00,64.76349993996861
2026-02-12 20:10:00,60.91423762332138
2026-02-12 20:15:00,64.18642130482479
2026-02-12 20:20:00,65.2524381479246
2026-02-12 20:25:00,62.086158923394436
2026-02-12 20:30:00,63.733989941261044
2026-02-12 20:35:00,71.08542337991703
2026-02-12 20:40:00,65.30849357802029
2026-02-12 20:45:00,61.96710080822581
2026-02-12 20:50:00,57.5721013982332
2026-02-12 20:55:00,70.31451205916439
2026-02-12 21:00:00,62.538944769332794
2026-02-12 21:05:00,60.59173835467048
2026-02-12 21:10:00,66.16355806663888
2026-02-12 21:15:00,66.64010577656136
2026-02-12 21:20:00,67.86516967561997
2026-02-12 21:25:00,69.89229990783335
2026-02-12 21:30:00,63.36377586907459
2026-02-12 21:35:00,66.31637159426727
2026-02-12 21:40:00,61.65577175888273
2026-02-12 21:45:00,65.61484536024444
2026-02-12 21:50:00,64.30951642088107
2026-02-12 21:55:00,65.30763036797025
2026-02-12 22:00:00,68.1536825276752
2026-02-12 22:05:00,64.62498681046544
2026-02-12 22:10:00,64.73076450231974
2026-02-12 22:15:00,64.72896868371576
2026-02-12 22:20:00,63.04370938697685
2026-02-12 22:25:00,63.04940273674694
2026-02-12 22:30:00,66.95372129696774
2026-02-12 22:35:00,67.46553469551628
2026-02-12 22:40:00,67.94937919229731
2026-02-12 22:45:00,68.23772751753758
2026-02-12 22:50:00,65.27286915799982
2026-02-12 22:55:00,64.14465591627622
2026-02-12 23:00:00,64.37147027040064
2026-02-12 23:05:00,65.93758619889694
2026-02-12 23:10:00,68.98001831245
2026-02-12 23:15:00,68.3532722537365
2026-02-12 23:20:00,62.85019572277732
2026-02-12 23:25:00,63.88910086316536
2026-02-12 23:30:00,63.28493126402297
2026-02-12 23:35:00,64.51872360812881
2026-02-12 23:40:00,59.37649101387732
2026-02-12 23:45:00,71.65657604098405
2026-02-12 23:50:00,62.071647785988176
2026-02-12 23:55:00,63.50974162398684
2026-02-13 00:00:00,67.19725932465343
2026-02-13 00:05:00,60.86306814455799
2026-02-13 00:10:00,66.29142327476423
2026-02-13 00:15:00,64.89135555762498
2026-02-13 00:20:00,68.03388539167591
2026-02-13 00:25:00,67.82836001507681
2026-02-13 00:30:00,60.430725713045774
2026-02-13 00:35:00,70.58241566909648
2026-02-13 00:40:00,68.2523755417832
2026-02-13 00:45:00,64.03335423165217
2026-02-13 00:50:00,68.52497469649916
2026-02-13 00:55:00,60.973032226997695
2026-02-13 01:00:00,62.45687143084248
2026-02-13 01:05:00,65.39970211998427
2026-02-13 01:10:00,64.02196587025044
2026-02-13 01:15:00,57.088239816825926
2026-02-13 01:20:00,72.7776601855816
2026-02-13 01:25:00,62.64488126254456
2026-02-13 01:30:00,62.60691867407348
2026-02-13 01:35:00,60.51176510638737
2026-02-13 01:40:00,63.838339074747275
2026-02-13 01:45:00,67.98535027649928
2026-02-13 01:50:00,62.867774711878646
2026-02-13 01:55:00,62.73841025469266
2026-02-13 02:00:00,68.28141960125615
2026-02-13 02:05:00,64.52602665363344
2026-02-13 02:10:00,61.56439743473366
2026-02-13 02:15:00,64.61702432372802
2026-02-13 02:20:00,61.86001659633652
2026-02-13 02:25:00,67.68256181571817
2026-02-13 02:30:00,65.43387411258524
2026-02-13 02:35:00,69.03701872630825
2026-02-13 02:40:00,64.23313544249379
2026-02-13 02:45:00,63.95208557323298
2026-02-13 02:50:00,62.97088795153495
2026-02-13 02:55:00,66.61833705759437
2026-02-13 03:00:00,65.20184961368342
2026-02-13 03:05:00,67.29612440594082
2026-02-13 03:10:00,67.8255431766155
2026-02-13 03:15:00,64.71098080266182
2026-02-13 03:20:00,63.39598252623738
2026-02-13 03:25:00,58.057659484586694
2026-02-13 03:30:00,70.42951041388345
2026-02-13 03:35:00,71.05967281727095
2026-02-13 03:40:00,60.30624855141336
2026-02-13 03:45:00,66.15942979811973
2026-02-13 03:50:00,66.6790470838794
2026-02-13 03:55:00,61.298879450168926
2026-02-13 04:00:00,63.66750356159854
2026-02-13 04:05:00,64.99692463482884
2026-02-13 04:10:00,69.22883690009182
2026-02-13 04:15:00,65.97977947165963
2026-02-13 04:20:00,67.04335038172675
2026-02-13 04:25:00,65.93163256697179
2026-02-13 04:30:00,60.949522891075276
2026-02-13 04:35:00,62.29453093867633
2026-02-13 04:40:00,61.655683222054094
2026-02-13 04:45:00,68.94241784632477
2026-02-13 04:50:00,66.07929435601736
2026-02-13 04:55:00,68.03582520680646
2026-02-13 05:00:00,62.07347337702671
2026-02-13 05:05:00,69.05514061722646
2026-02-13 05:10:00,63.083885177709725
2026-02-13 05:15:00,64.97404932473286
2026-02-13 05:20:00,68.0998829943859
2026-02-13 05:25:00,65.3133344038377
2026-02-13 05:30:00,67.10819731284874
2026-02-13 05:35:00,65.50286854588424
2026-02-13 05:40:00,63.00803577722138
2026-02-13 05:45:00,62.775300541268656
2026-02-13 05:50:00,62.74270921953801
2026-02-13 05:55:00,68.53940084285664
2026-02-13 06:00:00,68.07367246997806
2026-02-13 06:05:00,64.53739202167024
2026-02-13 06:10:00,64.45373214780962
2026-02-13 06:15:00,60.05920582677303
2026-02-13 06:20:00,58.120678858002336
2026-02-13 06:25:00,58.76537898438234
2026-02-13 06:30:00,64.84615117545512
2026-02-13 06:35:00,58.44337243282624
2026-02-13 06:40:00,67.86724050839742
2026-02-13 06:45:00,62.64441645647593
2026-02-13 06:50:00,69.02468238440392
2026-02-13 06:55:00,63.79290482242022
2026-02-13 07:00:00,40.67794035253129
2026-02-13 07:05:00,33.0782435602005
2026-02-13 07:10:00,28.5900553221518
2026-02-13 07:15:00,36.89510879161176
2026-02-13 07:20:00,35.136557212426275
2026-02-13 07:25:00,45.431541864894285
2026-02-13 07:30:00,33.98871578510454
2026-02-13 07:35:00,36.798358957972575
2026-02-13 07:40:00,30.058041394361297
2026-02-13 07:45:00,47.27910372058638
2026-02-13 07:50:00,37.526482619799246
2026-02-13 07:55:00,27.95812288576559
2026-02-13 08:00:00,38.521812363819045
2026-02-13 08:05:00,33.54635211036091
2026-02-13 08:10:00,30.808550317365107
2026-02-13 08:15:00,44.85990770041029
2026-02-13 08:20:00,27.83347513299322
2026-02-13 08:25:00,34.26035707587433
2026-02-13 08:30:00,34.287696815086306
2026-02-13 08:35:00,32.15480565415615
2026-02-13 08:40:00,45.611940770727344
2026-02-13 08:45:00,34.2012017457634
2026-02-13 08:50:00,33.92735953600864
2026-02-13 08:55:00,42.862335651955014
2026-02-13 09:00:00,38.08338730299392
2026-02-13 09:05:00,29.401396951900026
2026-02-13 09:10:00,44.93799027708616
2026-02-13 09:15:00,45.15686737783117
2026-02-13 09:20:00,30.276049054511095
2026-02-13 09:25:00,30.971749227282384
2026-02-13 09:30:00,32.80668446213744
2026-02-13 09:35:00,30.314585683151154
2026-02-13 09:40:00,21.052653952692843
2026-02-13 09:45:00,24.480735814852633
2026-02-13 09:50:00,28.860413927602988
2026-02-13 09:55:00,43.06298468674931
2026-02-13 10:00:00,55.281086304053616
2026-02-13 10:05:00,52.273318824735505
2026-02-13 10:10:00,64.56945450590342
2026-02-13 10:15:00,49.83887878120659
2026-02-13 10:20:00,56.83483837316476
2026-02-13 10:25:00,50.990763529606895
2026-02-13 10:30:00,58.65897120536982
2026-02-13 10:35:00,54.19227739040014
2026-02-13 10:40:00,54.77928341034901
2026-02-13 10:45:00,52.728587949338234
2026-02-13 10:50:00,56.7352527211418
2026-02-13 10:55:00,55.15896313644552
2026-02-13 11:00:00,52.06505842221329
2026-02-13 11:05:00,54.75890215378835
2026-02-13 11:10:00,58.5028962181593
2026-02-13 11:15:00,57.22157368808459
2026-02-13 11:20:00,49.87263200838585
2026-02-13 11:25:00,48.95079593521015
2026-02-13 11:30:00,56.088595544458556
2026-02-13 11:35:00,59.20805869180602
2026-02-13 11:40:00,55.04914851136059
2026-02-13 11:45:00,57.97728413999269
2026-02-13 11:50:00,59.590721215135034
2026-02-13 11:55:00,50.419980751053345
2026-02-13 12:00:00,58.65636606781529
2026-02-13 12:05:00,55.26498891962493
2026-02-13 12:10:00,60.492535338714575
2026-02-13 12:15:00,61.85971142372786
2026-02-13 12:20:00,48.177164751886835
2026-02-13 12:25:00,52.348134938374656
2026-02-13 12:30:00,52.73093408035528
2026-02-13 12:35:00,61.33485195728221
2026-02-13 12:40:00,55.00186855067355
2026-02-13 12:45:00,57.616787509109436
2026-02-13 12:50:00,50.17326845842106
2026-02-13 12:55:00,58.38638325517646
2026-02-13 13:00:00,55.89925292533096
2026-02-13 13:05:00,58.879053609224165
2026-02-13 13:10:00,58.49566489171761
2026-02-13 13:15:00,53.06603038339553
2026-02-13 13:20:00,53.54604881312913
2026-02-13 13:25:00,51.468992932648575
2026-02-13 13:30:00,50.30877303553286
2026-02-13 13:35:00,53.53394574099588
2026-02-13 13:40:00,46.986504075228645
2026-02-13 13:45:00,59.08597391211452
2026-02-13 13:50:00,49.013027304708906
2026-02-13 13:55:00,47.76867870398252
2026-02-13 14:00:00,59.369055344884586
2026-02-13 14:05:00,55.85288994320604
2026-02-13 14:10:00,54.61678312077851
2026-02-13 14:15:00,56.487239803145584
2026-02-13 14:20:00,50.8445757931835
2026-02-13 14:25:00,48.85015951134069
2026-02-13 14:30:00,57.132303249041605
2026-02-13 14:35:00,51.064146691129636
2026-02-13 14:40:00,53.478221602978195
2026-02-13 14:45:00,54.22532527498095
2026-02-13 14:50:00,55.24901217532414
2026-02-13 14:55:00,58.84413034664529
2026-02-13 15:00:00,47.751603594974924
2026-02-13 15:05:00,57.59566132504267
2026-02-13 15:10:00,52.43051551734786
2026-02-13 15:15:00,45.394804008327284
2026-02-13 15:20:00,49.582328975783426
2026-02-13 15:25:00,61.151447565307166
2026-02-13 15:30:00,52.05199527933367
2026-02-13 15:35:00,49.56679624733731
2026-02-13 15:40:00,55.467624573388036
2026-02-13 15:45:00,57.7730779621123
2026-02-13 15:50:00,53.03249558126841
2026-02-13 15:55:00,54.21923231830143
2026-02-13 16:00:00,24.097017899113474
2026-02-13 16:05:00,22.44637771489989
2026-02-13 16:10:00,35.26173197418111
2026-02-13 16:15:00,28.722011067005738
2026-02-13 16:20:00,39.63385844883659
2026-02-13 16:25:00,34.66556341050985
2026-02-13 16:30:00,44.70232105687293
2026-02-13 16:35:00,31.05342450723255
2026-02-13 16:40:00,23.514865526654656
2026-02-13 16:45:00,39.96544264674422
2026-02-13 16:50:00,36.49544601963626
2026-02-13 16:55:00,33.78932990190714
2026-02-13 17:00:00,36.61777006590513
2026-02-13 17:05:00,25.694690563746263
2026-02-13 17:10:00,27.127001758640688
2026-02-13 17:15:00,24.199248594220283
2026-02-13 17:20:00,26.545905727743126
2026-02-13 17:25:00,23.18767634004084
2026-02-13 17:30:00,27.9877731660007
2026-02-13 17:35:00,40.02337603383142
2026-02-13 17:40:00,29.77931444295203
2026-02-13 17:45:00,27.53550175745302
2026-02-13 17:50:00,33.26229565413607
2026-02-13 17:55:00,44.96795031148757
2026-02-13 18:00:00,21.03403919198416
2026-02-13 18:05:00,35.53608675187886
2026-02-13 18:10:00,36.3641905376816
2026-02-13 18:15:00,35.1904238543445
2026-02-13 18:20:00,29.47463532565054
2026-02-13 18:25:00,35.776578299794856
2026-02-13 18:30:00,30.233342935693567
2026-02-13 18:35:00,23.519623666782
2026-02-13 18:40:00,32.92036439446233
2026-02-13 18:45:00,22.302176645925996
2026-02-13 18:50:00,39.126885198176154
2026-02-13 18:55:00,37.628800054621735
2026-02-13 19:00:00,25.01068692130206
2026-02-13 19:05:00,17.99192690145948
2026-02-13 19:10:00,38.82541249677569
2026-02-13 19:15:00,30.010954520223798
2026-02-13 19:20:00,34.676548568838804
2026-02-13 19:25:00,22.999913040954723
2026-02-13 19:30:00,28.04948099839433
2026-02-13 19:35:00,24.145409869961767
2026-02-13 19:40:00,34.582226942144636
2026-02-13 19:45:00,19.120685670092133
2026-02-13 19:50:00,39.01398435459544
2026-02-13 19:55:00,20.321174605535106
2026-02-13 20:00:00,64.76453624052316
2026-02-13 20:05:00,68.20753045220569
2026-02-13 20:10:00,67.20530081309077
2026-02-13 20:15:00,65.37644192425714
2026-02-13 20:20:00,65.88947112270215
2026-02-13 20:25:00,58.10595006015973
2026-02-13 20:30:00,67.84667712288
2026-02-13 20:35:00,66.81506854666787
2026-02-13 20:40:00,62.31433736045811
2026-02-13 20:45:00,61.508785102671126
2026-02-13 20:50:00,68.44516405834362
2026-02-13 20:55:00,64.51243733285456
2026-02-13 21:00:00,63.74029674500613
2026-02-13 21:05:00,66.75956094950773
2026-02-13 21:10:00,65.18832350299395
2026-02-13 21:15:00,62.09918337802337
2026-02-13 21:20:00,63.38832038562037
2026-02-13 21:25:00,64.99725705399347
2026-02-13 21:30:00,66.98736175130998
2026-02-13 21:35:00,61.819245046632496
2026-02-13 21:40:00,62.37787295262459
2026-02-13 21:45:00,67.22090424099028
2026-02-13 21:50:00,67.40560450599394
2026-02-13 21:55:00,67.61362089870464
2026-02-13 22:00:00,64.48791293624389
2026-02-13 22:05:00,61.12577222604337
2026-02-13 22:10:00,65.06470856886325
2026-02-13 22:15:00,63.93518223295721
2026-02-13 22:20:00,63.63496417950714
2026-02-13 22:25:00,70.94064227518362
2026-02-13 22:30:00,70.73078261491716
2026-02-13 22:35:00,65.60780102368768
2026-02-13 22:40:00,66.72935527706376
2026-02-13 22:45:00,64.81120935998572
2026-02-13 22:50:00,65.9215799090527
2026-02-13 22:55:00,64.5477471805807
2026-02-13 23:00:00,65.37488986194008
2026-02-13 23:05:00,63.02804387547784
2026-02-13 23:10:00,61.67909722237849
2026-02-13 23:15:00,61.11565016498757
2026-02-13 23:20:00,66.76987649073665
2026-02-13 23:25:00,65.09981536723033
2026-02-13 23:30:00,67.49456574279321
2026-02-13 23:35:00,69.23544860253055
2026-02-13 23:40:00,59.304941555034866
2026-02-13 23:45:00,68.14301402408469
2026-02-13 23:50:00,60.60855401730486
2026-02-13 23:55:00,66.8572787665148
2026-02-14 00:00:00,66.92111710117813
2026-02-14 00:05:00,69.39947608884368
2026-02-14 00:10:00,63.45741834533968
2026-02-14 00:15:00,63.05468064853348
2026-02-14 00:20:00,64.22405613380303
2026-02-14 00:25:00,66.88687229884621
2026-02-14 00:30:00,60.53912207472306
2026-02-14 00:35:00,65.8076534178272
2026-02-14 00:40:00,68.85056842631639
2026-02-14 00:45:00,67.93518148497097
2026-02-14 00:50:00,60.76914013698028
2026-02-14 00:55:00,63.98362766120677
2026-02-14 01:00:00,69.59885639187667
2026-02-14 01:05:00,63.24654249718932
2026-02-14 01:10:00,64.63980550538449
2026-02-14 01:15:00,63.15062771036314
2026-02-14 01:20:00,64.34812219315471
2026-02-14 01:25:00,68.85190292756221
2026-02-14 01:30:00,67.83730441518395
2026-02-14 01:35:00,64.28335378889774
2026-02-14 01:40:00,68.77231887145363
2026-02-14 01:45:00,65.10884714370518
2026-02-14 01:50:00,61.517312312764176
2026-02-14 01:55:00,67.32304858225571
2026-02-14 02:00:00,68.55274599133858
2026-02-14 02:05:00,67.32931483987966
2026-02-14 02:10:00,67.41234592694663
2026-02-14 02:15:00,64.67152173329076
2026-02-14 02:20:00,65.00722667253999
2026-02-14 02:25:00,64.69753363389083
2026-02-14 02:30:00,62.953961306452676
2026-02-14 02:35:00,65.5744548713093
2026-02-14 02:40:00,62.098700090752175
2026-02-14 02:45:00,65.76794745054715
2026-02-14 02:50:00,66.37408680165312
2026-02-14 02:55:00,69.24418450832094
2026-02-14 03:00:00,64.96803506472182
2026-02-14 03:05:00,67.1996736163783
2026-02-14 03:10:00,64.4090686817259
2026-02-14 03:15:00,68.00600929583373
2026-02-14 03:20:00,63.91726331093638
2026-02-14 03:25:00,66.7301725086425
2026-02-14 03:30:00,66.59087606688159
2026-02-14 03:35:00,66.20730161653586
2026-02-14 03:40:00,64.21127936911137
2026-02-14 03:45:00,66.12545129594531
2026-02-14 03:50:00,61.361433689954644
2026-02-14 03:55:00,66.81639788154783
2026-02-14 04:00:00,65.3278145498736
2026-02-14 04:05:00,61.295748753072616
2026-02-14 04:10:00,68.58433752774229
2026-02-14 04:15:00,67.81094132276246
2026-02-14 04:20:00,64.96114660498358
2026-02-14 04:25:00,64.85274647905243
2026-02-14 04:30:00,67.23502080078752
2026-02-14 04:35:00,60.984765806924194
2026-02-14 04:40:00,61.8228129536236
2026-02-14 04:45:00,62.901482145318504
2026-02-14 04:50:00,63.31178247204284
2026-02-14 04:55:00,71.1309619492819
2026-02-14 05:00:00,63.017522398114615
2026-02-14 05:05:00,67.92577788299106
2026-02-14 05:10:00,67.65065904799984
2026-02-14 05:15:00,61.92426271926444
2026-02-14 05:20:00,66.11557365179911
2026-02-14 05:25:00,66.56371100736857
2026-02-14 05:30:00,65.28272723464208
2026-02-14 05:35:00,64.16631664742283
2026-02-14 05:40:00,64.40332598928589
2026-02-14 05:45:00,67.54336031281004
2026-02-14 05:50:00,64.71569237917676
2026-02-14 05:55:00,67.02789232858417
2026-02-14 06:00:00,64.7607297567673
2026-02-14 06:05:00,62.836829920162565
2026-02-14 06:10:00,66.32748219128752
2026-02-14 06:15:00,64.66077820843724
2026-02-14 06:20:00,69.56642349890265
2026-02-14 06:25:00,64.3952897617168
2026-02-14 06:30:00,64.36462742745229
2026-02-14 06:35:00,65.59348495213304
2026-02-14 06:40:00,62.29942978583873
2026-02-14 06:45:00,60.434805532568355
2026-02-14 06:50:00,64.46641688122159
2026-02-14 06:55:00,71.6824184382551
2026-02-14 07:00:00,62.87996249062506
2026-02-14 07:05:00,64.35221909748104
2026-02-14 07:10:00,65.05200275937129
2026-02-14 07:15:00,66.72035284956756
2026-02-14 07:20:00,63.67357235630647
2026-02-14 07:25:00,66.14486745136342
2026-02-14 07:30:00,68.50026516769418
2026-02-14 07:35:00,65.91929359802153
2026-02-14 07:40:00,65.70442883293184
2026-02-14 07:45:00,67.46784316173884
2026-02-14 07:50:00,65.6576750763147
2026-02-14 07:55:00,72.93033788887696
2026-02-14 08:00:00,60.97436355556223
2026-02-14 08:05:00,59.635493517184585
2026-02-14 08:10:00,66.18569334766546
2026-02-14 08:15:00,65.80951703921725
2026-02-14 08:20:00,64.7505364708907
2026-02-14 08:25:00,67.72394068726385
2026-02-14 08:30:00,70.53778464061081
2026-02-14 08:35:00,60.977230535241404
2026-02-14 08:40:00,64.47105618412856
2026-02-14 08:45:00,68.221725318347
2026-02-14 08:50:00,66.23845554101415
2026-02-14 08:55:00,65.74951617127591
2026-02-14 09:00:00,68.93371011157635
2026-02-14 09:05:00,58.63058754183132
2026-02-14 09:10:00,64.81290307040803
2026-02-14 09:15:00,68.14320387941534
2026-02-14 09:20:00,58.56321438183532
2026-02-14 09:25:00,62.904038256891056
2026-02-14 09:30:00,65.82550679585124
2026-02-14 09:35:00,69.0523788465706
2026-02-14 09:40:00,69.38068114586436
2026-02-14 09:45:00,67.67395360019883
2026-02-14 09:50:00,61.64268179099217
2026-02-14 09:55:00,65.1185478864653
2026-02-14 10:00:00,64.1410151350562
2026-02-14 10:05:00,62.292623652906116
2026-02-14 10:10:00,66.5690744479927
2026-02-14 10:15:00,59.24620031114823
2026-02-14 10:20:00,67.81391185274616
2026-02-14 10:25:00,65.10062801137957
2026-02-14 10:30:00,66.53691772648813
2026-02-14 10:35:00,61.06465009148745
2026-02-14 10:40:00,66.13647646003791
2026-02-14 10:45:00,70.07399611731925
2026-02-14 10:50:00,66.95030318425358
2026-02-14 10:55:00,69.42224813740481
2026-02-14 11:00:00,56.66057283517947
2026-02-14 11:05:00,48.49914875085299
2026-02-14 11:10:00,48.992889123719934
2026-02-14 11:15:00,53.74528320699923
2026-02-14 11:20:00,40.19979554564945
2026-02-14 11:25:00,48.476770083441295
2026-02-14 11:30:00,52.290742539331795
2026-02-14 11:35:00,47.48139195522865
2026-02-14 11:40:00,54.41618315140634
2026-02-14 11:45:00,58.6877007050782
2026-02-14 11:50:00,48.957195614574864
2026-02-14 11:55:00,45.94137064171831
2026-02-14 12:00:00,50.09780606326374
2026-02-14 12:05:00,55.82557698502806
2026-02-14 12:10:00,46.89575758834113
2026-02-14 12:15:00,44.23957325086933
2026-02-14 12:20:00,53.50930955132398
2026-02-14 12:25:00,44.10729592548176
2026-02-14 12:30:00,43.09444212060673
2026-02-14 12:35:00,51.63698263184624
2026-02-14 12:40:00,48.9299429243182
2026-02-14 12:45:00,46.714707827642656
2026-02-14 12:50:00,42.340731983641554
2026-02-14 12:55:00,48.65906009388798
2026-02-14 13:00:00,50.16836386253884
2026-02-14 13:05:00,47.854906355083415
2026-02-14 13:10:00,45.99633615055318
2026-02-14 13:15:00,52.759284421431516
2026-02-14 13:20:00,48.77302939403827
2026-02-14 13:25:00,52.34387334584969
2026-02-14 13:30:00,51.486993232639236
2026-02-14 13:35:00,42.43480231172267
2026-02-14 13:40:00,50.456346069281444
2026-02-14 13:45:00,45.23986227927254
2026-02-14 13:50:00,43.26084517216025
2026-02-14 13:55:00,52.211573495511196
2026-02-14 14:00:00,47.012384498990954
2026-02-14 14:05:00,40.93065630658913
2026-02-14 14:10:00,49.32223247937446
2026-02-14 14:15:00,51.46521551389423
2026-02-14 14:20:00,46.69307118058442
2026-02-14 14:25:00,48.11871130202546
2026-02-14 14:30:00,51.086990548803236
2026-02-14 14:35:00,49.487539284366385
2026-02-14 14:40:00,55.92588500209785
2026-02-14 14:45:00,43.51753091479066
2026-02-14 14:50:00,48.14752532393304
2026-02-14 14:55:00,50.4347967153987
2026-02-14 15:00:00,55.69577753584662
2026-02-14 15:05:00,53.144251388059246
2026-02-14 15:10:00,47.566236219744624
2026-02-14 15:15:00,47.58614190791352
2026-02-14 15:20:00,54.64578363558513
2026-02-14 15:25:00,53.327959312624834
2026-02-14 15:30:00,53.22355944440632
2026-02-14 15:35:00,50.78061444003145
2026-02-14 15:40:00,51.860227803619146
2026-02-14 15:45:00,44.933369312107594
2026-02-14 15:50:00,52.67699005830811
2026-02-14 15:55:00,49.410087118176904
2026-02-14 16:00:00,60.72800432368567
2026-02-14 16:05:00,67.04659043639951
2026-02-14 16:10:00,69.18173650775218
2026-02-14 16:15:00,62.6490190821375
2026-02-14 16:20:00,63.30745492521049
2026-02-14 16:25:00,72.18883791568466
2026-02-14 16:30:00,61.407341984237156
2026-02-14 16:35:00,64.8438868669076
2026-02-14 16:40:00,66.37095969880629
2026-02-14 16:45:00,67.24680030634589
2026-02-14 16:50:00,70.85169553915213
2026-02-14 16:55:00,66.9541015255138
2026-02-14 17:00:00,67.53426318066465
2026-02-14 17:05:00,58.48603043417845
2026-02-14 17:10:00,62.914654808759465
2026-02-14 17:15:00,65.98812121398475
2026-02-14 17:20:00,65.19525460242937
2026-02-14 17:25:00,65.45649517573871
2026-02-14 17:30:00,62.99017600024076
2026-02-14 17:35:00,64.08341254548473
2026-02-14 17:40:00,63.54292424996659
2026-02-14 17:45:00,69.10438960959164
2026-02-14 17:50:00,68.599714605435
2026-02-14 17:55:00,61.690454123937386
2026-02-14 18:00:00,62.59375650209775
2026-02-14 18:05:00,68.8979376978922
2026-02-14 18:10:00,65.33889932550125
2026-02-14 18:15:00,64.53958116097641
2026-02-14 18:20:00,62.82128749407117
2026-02-14 18:25:00,63.51130853861877
2026-02-14 18:30:00,62.73418321357592
2026-02-14 18:35:00,59.856378640116
2026-02-14 18:40:00,68.04077156007943
2026-02-14 18:45:00,68.25690870761201
2026-02-14 18:50:00,61.561393169300274
2026-02-14 18:55:00,59.89219456103412
2026-02-14 19:00:00,67.33194759442924
2026-02-14 19:05:00,60.596884803976494
2026-02-14 19:10:00,65.15489000511097
2026-02-14 19:15:00,61.036466549049756
2026-02-14 19:20:00,64.8658044152
2026-02-14 19:25:00,68.12552658587448
2026-02-14 19:30:00,65.05192782633286
2026-02-14 19:35:00,67.96771453395522
2026-02-14 19:40:00,67.86948389738251
2026-02-14 19:45:00,65.66067030231804
2026-02-14 19:50:00,61.15879508705139
2026-02-14 19:55:00,65.88891144757135
2026-02-14 20:00:00,66.72935124612091
2026-02-14 20:05:00,65.415725009986
2026-02-14 20:10:00,63.57403757848884
2026-02-14 20:15:00,68.22936571542772
2026-02-14 20:20:00,66.1777370948992
2026-02-14 20:25:00,64.04166451745054
2026-02-14 20:30:00,65.72447686705667
2026-02-14 20:35:00,59.69745133815898
2026-02-14 20:40:00,68.76216340534182
2026-02-14 20:45:00,63.59183229564293
2026-02-14 20:50:00,67.6581803199625
2026-02-14 20:55:00,63.38824547784044
2026-02-14 21:00:00,68.0047184707175
2026-02-14 21:05:00,68.17660781157949
2026-02-14 21:10:00,57.51418008026775
2026-02-14 21:15:00,70.07434813179347
2026-02-14 21:20:00,63.338668104681815
2026-02-14 21:25:00,61.10747493100584
2026-02-14 21:30:00,67.67616505202938
2026-02-14 21:35:00,62.03848660962912
2026-02-14 21:40:00,63.51414434151376
2026-02-14 21:45:00,59.409312717494714
2026-02-14 21:50:00,70.17865871774305
2026-02-14 21:55:00,63.046142403214745
2026-02-14 22:00:00,64.95371954373731
2026-02-14 22:05:00,62.99571746270229
2026-02-14 22:10:00,65.62612758627805
2026-02-14 22:15:00,66.01157332426534
2026-02-14 22:20:00,68.16443336236276
2026-02-14 22:25:00,68.85035157640783
2026-02-14 22:30:00,62.41157495687585
2026-02-14 22:35:00,65.96535785209086
2026-02-14 22:40:00,64.60931054955611
2026-02-14 22:45:00,66.61823813549026
2026-02-14 22:50:00,69.73424680501702
2026-02-14 22:55:00,61.972114777114584
2026-02-14 23:00:00,67.3284936331251
2026-02-14 23:05:00,60.327343298643044
2026-02-14 23:10:00,62.83308479917739
2026-02-14 23:15:00,64.68806565079937
2026-02-14 23:20:00,65.18943338731773
2026-02-14 23:25:00,63.12813480622017
2026-02-14 23:30:00,62.045826691225706
2026-02-14 23:35:00,65.94499904170098
2026-02-14 23:40:00,66.71810772900815
2026-02-14 23:45:00,65.87859156672022
2026-02-14 23:50:00,62.70438818366701
2026-02-14 23:55:00,70.22562276059485
2026-02-15 00:00:00,67.21864778298593
2026-02-15 00:05:00,58.01396103833821
2026-02-15 00:10:00,65.23672938141311
2026-02-15 00:15:00,69.20598611138415
2026-02-15 00:20:00,66.43721189265327
2026-02-15 00:25:00,62.39593989752212
2026-02-15 00:30:00,63.02155477470573
2026-02-15 00:35:00,68.19586908816295
2026-02-15 00:40:00,70.20921502734588
2026-02-15 00:45:00,61.1459692218503
2026-02-15 00:50:00,70.28681363961215
2026-02-15 00:55:00,65.84914009348903
2026-02-15 01:00:00,67.65294787945997
2026-02-15 01:05:00,65.53708979589312
2026-02-15 01:10:00,66.92609321048654
2026-02-15 01:15:00,64.8289293840655
2026-02-15 01:20:00,63.859712678483454
2026-02-15 01:25:00,63.125207852416125
2026-02-15 01:30:00,65.78147075084992
2026-02-15 01:35:00,65.03776080288904
2026-02-15 01:40:00,61.915815459862
2026-02-15 01:45:00,63.73513867821001
2026-02-15 01:50:00,65.48386839480688
2026-02-15 01:55:00,65.99368968320924
2026-02-15 02:00:00,65.4293108732126
2026-02-15 02:05:00,68.5589629730237
2026-02-15 02:10:00,65.35376158149975
2026-02-15 02:15:00,63.19129099843214
2026-02-15 02:20:00,62.265455238261445
2026-02-15 02:25:00,66.13333702768443
2026-02-15 02:30:00,65.11849958269754
2026-02-15 02:35:00,68.23303432420298
2026-02-15 02:40:00,68.42754256373665
2026-02-15 02:45:00,68.76425559246366
2026-02-15 02:50:00,65.82730207754258
2026-02-15 02:55:00,63.60239747809226
2026-02-15 03:00:00,66.94551423994433
2026-02-15 03:05:00,60.367093133904305
2026-02-15 03:10:00,63.805543395260834
2026-02-15 03:15:00,69.31026196111377
2026-02-15 03:20:00,63.96122887311308
2026-02-15 03:25:00,63.07565177981346
2026-02-15 03:30:00,68.14630197081574
2026-02-15 03:35:00,60.50715659550359
2026-02-15 03:40:00,59.11032520984318
2026-02-15 03:45:00,60.90170259096859
2026-02-15 03:50:00,62.154204627358595
2026-02-15 03:55:00,60.158141521973285
2026-02-15 04:00:00,64.31029025094566
2026-02-15 04:05:00,64.57221823081142
2026-02-15 04:10:00,68.79337986533173
2026-02-15 04:15:00,64.12265247577044
2026-02-15 04:20:00,64.95675218021724
2026-02-15 04:25:00,66.82812562761652
2026-02-15 04:30:00,63.885625845587725
2026-02-15 04:35:00,62.99015325993785
2026-02-15 04:40:00,63.96107194152279
2026-02-15 04:45:00,66.0890295489376
2026-02-15 04:50:00,65.2970043805021
2026-02-15 04:55:00,66.57227050443834
2026-02-15 05:00:00,68.58113193190239
2026-02-15 05:05:00,62.30128734233276
2026-02-15 05:10:00,64.73116872237942
2026-02-15 05:15:00,64.32404448306416
2026-02-15 05:20:00,61.98410167087838
2026-02-15 05:25:00,66.71318951583963
2026-02-15 05:30:00,62.33178295438658
2026-02-15 05:35:00,66.10414819390301
2026-02-15 05:40:00,59.95776481145796
2026-02-15 05:45:00,65.44897789341775
2026-02-15 05:50:00,67.07104909275253
2026-02-15 05:55:00,69.27678593699336
2026-02-15 06:00:00,61.9529935479153
2026-02-15 06:05:00,66.71139159545667
2026-02-15 06:10:00,65.54606089959212
2026-02-15 06:15:00,70.30460449849912
2026-02-15 06:20:00,62.176314038851004
2026-02-15 06:25:00,63.957504689644516
2026-02-15 06:30:00,66.15266709077933
2026-02-15 06:35:00,67.85032099874543
2026-02-15 06:40:00,65.19852616101544
2026-02-15 06:45:00,68.38056660394416
2026-02-15 06:50:00,59.67723338487566
2026-02-15 06:55:00,63.47141573641326
2026-02-15 07:00:00,59.1916962641251
2026-02-15 07:05:00,64.79285333272644
2026-02-15 07:10:00,64.76011043328737
2026-02-15 07:15:00,64.92374223058509
2026-02-15 07:20:00,64.88797444468648
2026-02-15 07:25:00,68.83785496666765
2026-02-15 07:30:00,63.65495781510188
2026-02-15 07:35:00,67.06209353866261
2026-02-15 07:40:00,60.19822948525382
2026-02-15 07:45:00,65.09828375310168
2026-02-15 07:50:00,65.08287131444673
2026-02-15 07:55:00,67.1435763636771
2026-02-15 08:00:00,61.572361384364754
2026-02-15 08:05:00,70.22033015911424
2026-02-15 08:10:00,68.02676507412589
2026-02-15 08:15:00,60.4024482495687
2026-02-15 08:20:00,65.8815994423415
2026-02-15 08:25:00,64.57849681550562
2026-02-15 08:30:00,62.30326939717089
2026-02-15 08:35:00,62.75241257369639
2026-02-15 08:40:00,66.45155729390751
2026-02-15 08:45:00,71.59684420836226
2026-02-15 08:50:00,64.21530664013196
2026-02-15 08:55:00,67.69824517459655
2026-02-15 09:00:00,59.50711812852647
2026-02-15 09:05:00,58.20267590244747
2026-02-15 09:10:00,60.103989650365335
2026-02-15 09:15:00,61.01809858725014
2026-02-15 09:20:00,66.50106986247125
2026-02-15 09:25:00,64.183638157317
2026-02-15 09:30:00,62.56870819580472
2026-02-15 09:35:00,69.0401677593598
2026-02-15 09:40:00,60.76390952412968
2026-02-15 09:45:00,67.535786516813
2026-02-15 09:50:00,60.35309151905564
2026-02-15 09:55:00,69.03155503242994
2026-02-15 10:00:00,68.37786147000068
2026-02-15 10:05:00,67.06338825759843
2026-02-15 10:10:00,65.08534849067294
2026-02-15 10:15:00,64.00698489444264
2026-02-15 10:20:00,59.97181222462194
2026-02-15 10:25:00,65.95110061443245
2026-02-15 10:30:00,66.34363869202285
2026-02-15 10:35:00,64.44575877312336
2026-02-15 10:40:00,67.4442529817009
2026-02-15 10:45:00,63.60316689699322
2026-02-15 10:50:00,65.19287105758836
2026-02-15 10:55:00,62.62084150500533
2026-02-15 11:00:00,48.07428043265167
2026-02-15 11:05:00,52.669973458704696
2026-02-15 11:10:00,49.19453104522731
2026-02-15 11:15:00,47.27529051289451
2026-02-15 11:20:00,50.36730274699068
2026-02-15 11:25:00,46.067913052699524
2026-02-15 11:30:00,43.59987626995873
2026-02-15 11:35:00,47.614974839467024
2026-02-15 11:40:00,54.78561692685486
2026-02-15 11:45:00,49.10616618409836
2026-02-15 11:50:00,52.253962173644716
2026-02-15 11:55:00,52.04768644752202
2026-02-15 12:00:00,53.86817376654552
2026-02-15 12:05:00,56.31242242621092
2026-02-15 12:10:00,49.99507722129791
2026-02-15 12:15:00,46.75134358760441
2026-02-15 12:20:00,43.77427804543039
2026-02-15 12:25:00,56.74309159739768
2026-02-15 12:30:00,45.65867735733611
2026-02-15 12:35:00,52.029613048637515
2026-02-15 12:40:00,44.16412892534595
2026-02-15 12:45:00,47.26085333365907
2026-02-15 12:50:00,51.68667309515798
2026-02-15 12:55:00,52.18374951546791
2026-02-15 13:00:00,46.49704081071807
2026-02-15 13:05:00,40.65788656401937
2026-02-15 13:10:00,53.51120498945407
2026-02-15 13:15:00,52.68871519053997
2026-02-15 13:20:00,52.57134854953588
2026-02-15 13:25:00,44.56590744290259
2026-02-15 13:30:00,48.508582806752656
2026-02-15 13:35:00,51.84875266803323
2026-02-15 13:40:00,51.20719173244354
2026-02-15 13:45:00,50.36734107723445
2026-02-15 13:50:00,55.14534027055148
2026-02-15 13:55:00,42.30215354790867
2026-02-15 14:00:00,44.02396576919795
2026-02-15 14:05:00,50.79068077623983
2026-02-15 14:10:00,49.0357007252202
2026-02-15 14:15:00,55.02037066791562
2026-02-15 14:20:00,53.03094265899288
2026-02-15 14:25:00,54.111991339316354
2026-02-15 14:30:00,46.731197982760634
2026-02-15 14:35:00,45.7257670421358
2026-02-15 14:40:00,53.71678722529134
2026-02-15 14:45:00,61.58995446192736
2026-02-15 14:50:00,51.73493697639945
2026-02-15 14:55:00,51.582253556452656
2026-02-15 15:00:00,52.93464539031749
2026-02-15 15:05:00,51.59982385216704
2026-02-15 15:10:00,52.29457818763129
2026-02-15 15:15:00,44.85430529441506
2026-02-15 15:20:00,49.50686431890979
2026-02-15 15:25:00,50.077148749091556
2026-02-15 15:30:00,54.47315140967946
2026-02-15 15:35:00,50.481776519726054
2026-02-15 15:40:00,51.308153316267145
2026-02-15 15:45:00,44.745556227208425
2026-02-15 15:50:00,53.876294128117394
2026-02-15 15:55:00,52.73021779258027
2026-02-15 16:00:00,66.08080957340769
2026-02-15 16:05:00,69.80693407877374
2026-02-15 16:10:00,59.325119412953576
2026-02-15 16:15:00,65.63512019675433
2026-02-15 16:20:00,65.58784333772564
2026-02-15 16:25:00,68.88836148997174
2026-02-15 16:30:00,62.5097428841094
2026-02-15 16:35:00,66.3501275806165
2026-02-15 16:40:00,63.64365135936804
2026-02-15 16:45:00,63.93733660750243
2026-02-15 16:50:00,62.4526491127894
2026-02-15 16:55:00,61.77942317257714
2026-02-15 17:00:00,62.31904107787625
2026-02-15 17:05:00,66.43356649453074
2026-02-15 17:10:00,65.02390547188428
2026-02-15 17:15:00,68.77920932495594
2026-02-15 17:20:00,66.01167935434783
2026-02-15 17:25:00,65.20050875182764
2026-02-15 17:30:00,61.54197041146087
2026-02-15 17:35:00,61.542786952773184
2026-02-15 17:40:00,64.31578966203388
2026-02-15 17:45:00,61.97649683032484
2026-02-15 17:50:00,67.04133994513123
2026-02-15 17:55:00,64.70626191403005
2026-02-15 18:00:00,71.32623880161032
2026-02-15 18:05:00,65.48288234441013
2026-02-15 18:10:00,66.92275181275397
2026-02-15 18:15:00,63.23724480887623
2026-02-15 18:20:00,65.28439848594307
2026-02-15 18:25:00,57.71266920003986
2026-02-15 18:30:00,66.56080225076511
2026-02-15 18:35:00,60.946382380032105
2026-02-15 18:40:00,63.54903311706201
2026-02-15 18:45:00,62.754948084084376
2026-02-15 18:50:00,64.12301779344591
2026-02-15 18:55:00,65.0707753845289
2026-02-15 19:00:00,67.18609684345194
2026-02-15 19:05:00,63.98054150847249
2026-02-15 19:10:00,63.71050189892524
2026-02-15 19:15:00,69.03217100298238
2026-02-15 19:20:00,66.23228364567093
2026-02-15 19:25:00,62.63979286134963
2026-02-15 19:30:00,64.00716433861321
2026-02-15 19:35:00,62.827479846329496
2026-02-15 19:40:00,63.576080057500405
2026-02-15 19:45:00,66.59848464143666
2026-02-15 19:50:00,64.8578306388055
2026-02-15 19:55:00,61.9455390986445
2026-02-15 20:00:00,61.60766324688906
2026-02-15 20:05:00,65.44676774844487
2026-02-15 20:10:00,71.60174632709816
2026-02-15 20:15:00,66.41257377051888
2026-02-15 20:20:00,59.073158442200864
2026-02-15 20:25:00,63.75131583456394
2026-02-15 20:30:00,67.0225374282847
2026-02-15 20:35:00,69.01770060247746
2026-02-15 20:40:00,65.9685249072623
2026-02-15 20:45:00,63.47520025613047
2026-02-15 20:50:00,67.87727470446812
2026-02-15 20:55:00,69.93955699580363
2026-02-15 21:00:00,68.75286889691655
2026-02-15 21:05:00,67.01875625265619
2026-02-15 21:10:00,65.86722607914707
2026-02-15 21:15:00,63.56288434056535
2026-02-15 21:20:00,64.47786394815782
2026-02-15 21:25:00,61.726474366875756
2026-02-15 21:30:00,66.48026298435917
2026-02-15 21:35:00,67.41069279004708
2026-02-15 21:40:00,63.40362427193189
2026-02-15 21:45:00,65.2043414356739
2026-02-15 21:50:00,67.70910686995266
2026-02-15 21:55:00,66.08052735844298
2026-02-15 22:00:00,66.20161098058458
2026-02-15 22:05:00,68.24678256217749
2026-02-15 22:10:00,67.59547061827627
2026-02-15 22:15:00,64.89171827798492
2026-02-15 22:20:00,62.339589242552904
2026-02-15 22:25:00,62.7881370710214
2026-02-15 22:30:00,64.69344414104866
2026-02-15 22:35:00,62.414107724121884
2026-02-15 22:40:00,64.0036099845083
2026-02-15 22:45:00,59.306884025522294
2026-02-15 22:50:00,73.09592374345432
2026-02-15 22:55:00,62.89897665442475
2026-02-15 23:00:00,66.11700056344668
2026-02-15 23:05:00,68.15006962789033
2026-02-15 23:10:00,68.94252710706482
2026-02-15 23:15:00,63.87931373527339
2026-02-15 23:20:00,64.01777898903596
2026-02-15 23:25:00,64.62760960540916
2026-02-15 23:30:00,58.939371905286684
2026-02-15 23:35:00,65.18878814149248
2026-02-15 23:40:00,67.31479918022906
2026-02-15 23:45:00,61.239372395370744
2026-02-15 23:50:00,62.017135301047745
2026-02-15 23:55:00,63.57712373062052
2026-02-16 00:00:00,64.01938332717565
2026-02-16 00:05:00,68.15036236195725
2026-02-16 00:10:00,63.186659396571656
2026-02-16 00:15:00,64.07861985503028
2026-02-16 00:20:00,65.78878095517234
2026-02-16 00:25:00,64.35658801135493
2026-02-16 00:30:00,67.15295490932266
2026-02-16 00:35:00,64.31728239105843
2026-02-16 00:40:00,59.39739881382302
2026-02-16 00:45:00,66.83019922976166
2026-02-16 00:50:00,66.76153763622433
2026-02-16 00:55:00,68.29187465351539
2026-02-16 01:00:00,66.84548280263174
2026-02-16 01:05:00,65.62371990119634
2026-02-16 01:10:00,66.52795055574903
2026-02-16 01:15:00,67.62185763268151
2026-02-16 01:20:00,65.80696141874415
2026-02-16 01:25:00,69.3169479319893
2026-02-16 01:30:00,63.55188940610566
2026-02-16 01:35:00,71.37586654515209
2026-02-16 01:40:00,65.30946597502502
2026-02-16 01:45:00,62.47481003477213
2026-02-16 01:50:00,62.00693143710208
2026-02-16 01:55:00,61.584627146401225
2026-02-16 02:00:00,64.45517059918042
2026-02-16 02:05:00,72.08424179314339
2026-02-16 02:10:00,64.34162150753461
2026-02-16 02:15:00,65.39305423505944
2026-02-16 02:20:00,63.81544533075831
2026-02-16 02:25:00,67.65227917986304
2026-02-16 02:30:00,63.8891469234802
2026-02-16 02:35:00,63.58096810173411
2026-02-16 02:40:00,63.79652086636315
2026-02-16 02:45:00,63.31366154479262
2026-02-16 02:50:00,67.08692047664704
2026-02-16 02:55:00,65.96247444544612
2026-02-16 03:00:00,66.528144609062
2026-02-16 03:05:00,63.09206432423976
2026-02-16 03:10:00,69.09484375666281
2026-02-16 03:15:00,65.08989633210967
2026-02-16 03:20:00,65.40668916490026
2026-02-16 03:25:00,63.793015586841825
2026-02-16 03:30:00,62.450743851834396
2026-02-16 03:35:00,66.28657138831765
2026-02-16 03:40:00,64.44905561065747
2026-02-16 03:45:00,65.35537774529854
2026-02-16 03:50:00,63.512434238916214
2026-02-16 03:55:00,67.65551433840845
2026-02-16 04:00:00,64.67803822724497
2026-02-16 04:05:00,63.82128559600824
2026-02-16 04:10:00,60.86455264595216
2026-02-16 04:15:00,63.99738117649399
2026-02-16 04:20:00,64.45647124004294
2026-02-16 04:25:00,67.29101904317632
2026-02-16 04:30:00,63.55055441628935
2026-02-16 04:35:00,68.49177880618241
2026-02-16 04:40:00,63.01436373114743
2026-02-16 04:45:00,65.94287825716496
2026-02-16 04:50:00,65.50784610454858
2026-02-16 04:55:00,69.39127498352138
2026-02-16 05:00:00,65.51193063788376
2026-02-16 05:05:00,62.82062874781314
2026-02-16 05:10:00,67.61514241836423
2026-02-16 05:15:00,63.08402189589879
2026-02-16 05:20:00,65.08978088984703
2026-02-16 05:25:00,63.21710653579009
2026-02-16 05:30:00,70.15978880831764
2026-02-16 05:35:00,66.77359238925796
2026-02-16 05:40:00,60.313550675837455
2026-02-16 05:45:00,66.26379150283034
2026-02-16 05:50:00,64.7389040879182
2026-02-16 05:55:00,65.94370363367031
2026-02-16 06:00:00,67.39376795593955
2026-02-16 06:05:00,64.45481995967316
2026-02-16 06:10:00,60.52715085875961
2026-02-16 06:15:00,67.8099021213114
2026-02-16 06:20:00,68.42130365860046
2026-02-16 06:25:00,62.34519655633319
2026-02-16 06:30:00,63.08703444431359
2026-02-16 06:35:00,66.07364397579872
2026-02-16 06:40:00,62.8119269117035
2026-02-16 06:45:00,68.70140211351114
2026-02-16 06:50:00,60.43005742698976
2026-02-16 06:55:00,59.89854321991803
2026-02-16 07:00:00,29.9419958912524
2026-02-16 07:05:00,36.79318513412806
2026-02-16 07:10:00,29.483631170441885
2026-02-16 07:15:00,26.35152974444566
2026-02-16 07:20:00,27.51972694778684
2026-02-16 07:25:00,41.057391137056946
2026-02-16 07:30:00,39.9593673800715
2026-02-16 07:35:00,40.12598903681367
2026-02-16 07:40:00,42.67327477577476
2026-02-16 07:45:00,39.655056100452974
2026-02-16 07:50:00,39.016733713768005
2026-02-16 07:55:00,34.6444047102375
2026-02-16 08:00:00,39.163967784176165
2026-02-16 08:05:00,29.26600959866532
2026-02-16 08:10:00,30.897188574775427
2026-02-16 08:15:00,43.791489988628456
2026-02-16 08:20:00,44.812455824878846
2026-02-16 08:25:00,40.88172748846367
2026-02-16 08:30:00,41.47016809866308
2026-02-16 08:35:00,33.2974428757152
2026-02-16 08:40:00,23.8889975342396
2026-02-16 08:45:00,38.09362746456231
2026-02-16 08:50:00,45.823713482635085
2026-02-16 08:55:00,27.52428333110397
2026-02-16 09:00:00,32.32929294914335
2026-02-16 09:05:00,28.087467536471607
2026-02-16 09:10:00,44.317667539391216
2026-02-16 09:15:00,35.37419698370555
2026-02-16 09:20:00,28.32313142731487
2026-02-16 09:25:00,33.05692924257511
2026-02-16 09:30:00,34.7787491275957
2026-02-16 09:35:00,40.91860702697027
2026-02-16 09:40:00,33.8750776807292
2026-02-16 09:45:00,29.531085308902156
2026-02-16 09:50:00,46.85775123724424
2026-02-16 09:55:00,47.90771730492998
2026-02-16 10:00:00,49.79102072440715
2026-02-16 10:05:00,49.30197097240007
2026-02-16 10:10:00,56.4014023989625
2026-02-16 10:15:00,54.22387940721104
2026-02-16 10:20:00,63.656921096663034
2026-02-16 10:25:00,63.70724245170604
2026-02-16 10:30:00,55.254190329313204
2026-02-16 10:35:00,56.725324574774724
2026-02-16 10:40:00,58.359643040806446
2026-02-16 10:45:00,51.41518486216903
2026-02-16 10:50:00,47.099822869738574
2026-02-16 10:55:00,57.62039538764533
2026-02-16 11:00:00,50.250782288119154
2026-02-16 11:05:00,54.834986322407424
2026-02-16 11:10:00,48.70236921018388
2026-02-16 11:15:00,55.970417136876165
2026-02-16 11:20:00,45.01263657842311
2026-02-16 11:25:00,62.21456673179892
2026-02-16 11:30:00,54.881308346451625
2026-02-16 11:35:00,60.41561235002496
2026-02-16 11:40:00,50.75134061240558
2026-02-16 11:45:00,63.95958541347249
2026-02-16 11:50:00,56.54301665441853
2026-02-16 11:55:00,58.97627482010198
2026-02-16 12:00:00,53.257198777654445
2026-02-16 12:05:00,58.5929647072981
2026-02-16 12:10:00,53.428784404773744
2026-02-16 12:15:00,56.48465163072084
2026-02-16 12:20:00,52.365193855017296
2026-02-16 12:25:00,54.380339555874485
2026-02-16 12:30:00,51.359989305464964
2026-02-16 12:35:00,54.82823752063282
2026-02-16 12:40:00,49.760871493782886
2026-02-16 12:45:00,50.9892101712981
2026-02-16 12:50:00,51.51548611177595
2026-02-16 12:55:00,56.85470499938017
2026-02-16 13:00:00,57.24587544040066
2026-02-16 13:05:00,55.072513287168704
2026-02-16 13:10:00,51.66431427331509
2026-02-16 13:15:00,49.56731270184261
2026-02-16 13:20:00,56.670685711807515
2026-02-16 13:25:00,50.182506794947855
2026-02-16 13:30:00,56.62824482029163
2026-02-16 13:35:00,53.189390780576744
2026-02-16 13:40:00,55.34271296038051
2026-02-16 13:45:00,51.5628625090212
2026-02-16 13:50:00,57.35112202200105
2026-02-16 13:55:00,53.70030677794747
2026-02-16 14:00:00,50.693059819536224
2026-02-16 14:05:00,56.27671918243496
2026-02-16 14:10:00,59.41264534011965
2026-02-16 14:15:00,53.20940683805527
2026-02-16 14:20:00,56.674165507473376
2026-02-16 14:25:00,53.48126179626893
2026-02-16 14:30:00,53.479145370674416
2026-02-16 14:35:00,51.408019485986074
2026-02-16 14:40:00,57.788566958247
2026-02-16 14:45:00,49.08593176770542
2026-02-16 14:50:00,58.162196504014155
2026-02-16 14:55:00,55.743573162248516
2026-02-16 15:00:00,51.099201791871785
2026-02-16 15:05:00,60.28906562800915
2026-02-16 15:10:00,59.77619645745765
2026-02-16 15:15:00,57.438592075975315
2026-02-16 15:20:00,49.11768109141825
2026-02-16 15:25:00,57.22438423638695
2026-02-16 15:30:00,55.75723942043147
2026-02-16 15:35:00,57.5793462944982
2026-02-16 15:40:00,58.87339604184537
2026-02-16 15:45:00,50.127526456106025
2026-02-16 15:50:00,55.296536273393
2026-02-16 15:55:00,64.34919312230666
2026-02-16 16:00:00,22.287078502160234
2026-02-16 16:05:00,34.918411495051295
2026-02-16 16:10:00,34.67464074711754
2026-02-16 16:15:00,38.68156864868078
2026-02-16 16:20:00,28.79285589508023
2026-02-16 16:25:00,37.21840197686714
2026-02-16 16:30:00,30.761643173892715
2026-02-16 16:35:00,25.020578105703038
2026-02-16 16:40:00,38.08602082940608
2026-02-16 16:45:00,21.026210333615847
2026-02-16 16:50:00,35.98922892791993
2026-02-16 16:55:00,22.663869148333255
2026-02-16 17:00:00,24.701989134167576
2026-02-16 17:05:00,30.19731920951274
2026-02-16 17:10:00,22.65427231644903
2026-02-16 17:15:00,30.536745193446457
2026-02-16 17:20:00,22.27076158153517
2026-02-16 17:25:00,34.976668602766225
2026-02-16 17:30:00,28.9867513255652
2026-02-16 17:35:00,26.308771980075264
2026-02-16 17:40:00,36.14250231152703
2026-02-16 17:45:00,35.776051351667945
2026-02-16 17:50:00,33.83018170353111
2026-02-16 17:55:00,29.803213394792362
2026-02-16 18:00:00,20.91450836301761
2026-02-16 18:05:00,38.0597658347523
2026-02-16 18:10:00,35.951657348607746
2026-02-16 18:15:00,31.80758886180702
2026-02-16 18:20:00,27.5378736034706
2026-02-16 18:25:00,29.888327136146195
2026-02-16 18:30:00,27.459149344991935
2026-02-16 18:35:00,29.930621591502305
2026-02-16 18:40:00,28.35334399672869
2026-02-16 18:45:00,18.507004205202158
2026-02-16 18:50:00,24.25202338605751
2026-02-16 18:55:00,30.12468309381833
2026-02-16 19:00:00,33.31021276458466
2026-02-16 19:05:00,31.88556385139528
2026-02-16 19:10:00,38.156463022295256
2026-02-16 19:15:00,27.918733500611527
2026-02-16 19:20:00,34.6427216765633
2026-02-16 19:25:00,36.47826272896254
2026-02-16 19:30:00,19.119991313386002
2026-02-16 19:35:00,30.56537415343273
2026-02-16 19:40:00,29.384238977897216
2026-02-16 19:45:00,37.065667519261716
2026-02-16 19:50:00,27.816402401249142
2026-02-16 19:55:00,34.98039784331769
2026-02-16 20:00:00,63.712474929573176
2026-02-16 20:05:00,62.083091407895786
2026-02-16 20:10:00,63.4497878977255
2026-02-16 20:15:00,65.63202811823176
2026-02-16 20:20:00,65.77809903243116
2026-02-16 20:25:00,66.5166317472471
2026-02-16 20:30:00,60.22881446492337
2026-02-16 20:35:00,57.809755570356074
2026-02-16 20:40:00,64.85028923574434
2026-02-16 20:45:00,66.43633661898653
2026-02-16 20:50:00,60.062576243023216
2026-02-16 20:55:00,66.25807407800498
2026-02-16 21:00:00,66.00140029995202
2026-02-16 21:05:00,57.06431123305626
2026-02-16 21:10:00,67.2618152875278
2026-02-16 21:15:00,65.68492379983469
2026-02-16 21:20:00,65.1064715283181
2026-02-16 21:25:00,67.10919585921836
2026-02-16 21:30:00,68.42755508679029
2026-02-16 21:35:00,63.96767132517628
2026-02-16 21:40:00,65.2194257442349
2026-02-16 21:45:00,67.65150516471253
2026-02-16 21:50:00,67.69229168751275
2026-02-16 21:55:00,61.10314147316564
2026-02-16 22:00:00,65.4565665930392
2026-02-16 22:05:00,65.89974457920809
2026-02-16 22:10:00,69.34749277300075
2026-02-16 22:15:00,66.47303853977067
2026-02-16 22:20:00,66.91554852326425
2026-02-16 22:25:00,66.12124879773751
2026-02-16 22:30:00,64.49868366574503
2026-02-16 22:35:00,63.62437128371099
2026-02-16 22:40:00,68.1388103757235
2026-02-16 22:45:00,69.06243323012717
2026-02-16 22:50:00,58.82273711363462
2026-02-16 22:55:00,61.54443275710255
2026-02-16 23:00:00,64.15691936928081
2026-02-16 23:05:00,62.060055125727324
2026-02-16 23:10:00,61.896136615929045
2026-02-16 23:15:00,64.42889944013876
2026-02-16 23:20:00,67.02572907833687
2026-02-16 23:25:00,68.91850824246549
2026-02-16 23:30:00,66.8471425329396
2026-02-16 23:35:00,62.89102923596757
2026-02-16 23:40:00,62.76978982144929
2026-02-16 23:45:00,66.6609244917836
2026-02-16 23:50:00,63.80871946819174
2026-02-16 23:55:00,68.8976298933415
2026-02-17 00:00:00,66.56123230940962
2026-02-17 00:05:00,60.90665441264135
2026-02-17 00:10:00,63.61360832078688
2026-02-17 00:15:00,68.0271900260276
2026-02-17 00:20:00,64.41502495267663
2026-02-17 00:25:00,67.79142375637724
2026-02-17 00:30:00,65.13262116632646
2026-02-17 00:35:00,63.449651975694856
2026-02-17 00:40:00,65.03498317370938
2026-02-17 00:45:00,67.44800272833697
2026-02-17 00:50:00,62.46001159718234
2026-02-17 00:55:00,62.99495927638644
2026-02-17 01:00:00,64.52788526062513
2026-02-17 01:05:00,67.34339127177596
2026-02-17 01:10:00,61.76478826648467
2026-02-17 01:15:00,63.35931919609339
2026-02-17 01:20:00,61.75715148783827
2026-02-17 01:25:00,63.0780985331299
2026-02-17 01:30:00,65.6593156575639
2026-02-17 01:35:00,71.00283896696133
2026-02-17 01:40:00,68.18401619213985
2026-02-17 01:45:00,64.8581349599041
2026-02-17 01:50:00,64.22981440422491
2026-02-17 01:55:00,63.2068037427397
2026-02-17 02:00:00,67.9378114671438
2026-02-17 02:05:00,63.83439490907266
2026-02-17 02:10:00,67.06931522719252
2026-02-17 02:15:00,65.98571756827876
2026-02-17 02:20:00,61.55657321692752
2026-02-17 02:25:00,66.78493264023183
2026-02-17 02:30:00,61.8621727837064
2026-02-17 02:35:00,66.34571371509942
2026-02-17 02:40:00,67.46536898757694
2026-02-17 02:45:00,64.8699462834733
2026-02-17 02:50:00,66.05126123486448
2026-02-17 02:55:00,65.39382428700526
2026-02-17 03:00:00,64.69147253640641
2026-02-17 03:05:00,64.8533580583951
2026-02-17 03:10:00,69.61808818209164
2026-02-17 03:15:00,67.13406607277157
2026-02-17 03:20:00,65.09344985912038
2026-02-17 03:25:00,59.51363208449056
2026-02-17 03:30:00,60.94947085413121
2026-02-17 03:35:00,63.042040347033705
2026-02-17 03:40:00,65.72327988342268
2026-02-17 03:45:00,60.81334268456923
2026-02-17 03:50:00,69.70870455504499
2026-02-17 03:55:00,60.219787686313495
2026-02-17 04:00:00,69.50206701402097
2026-02-17 04:05:00,62.44884827279892
2026-02-17 04:10:00,67.19178010298259
2026-02-17 04:15:00,61.60886867011033
2026-02-17 04:20:00,59.423501123529164
2026-02-17 04:25:00,62.8114619705559
2026-02-17 04:30:00,66.3998981013428
2026-02-17 04:35:00,66.21953172389169
2026-02-17 04:40:00,63.72138106402863
2026-02-17 04:45:00,66.28446178209605
2026-02-17 04:50:00,68.16156226744866
2026-02-17 04:55:00,63.50717464880679
2026-02-17 05:00:00,63.441436451275344
2026-02-17 05:05:00,64.46517178488013
2026-02-17 05:10:00,62.77674928730615
2026-02-17 05:15:00,64.64615931963468
2026-02-17 05:20:00,63.40688598247563
2026-02-17 05:25:00,66.44365944680472
2026-02-17 05:30:00,66.35491099005506
2026-02-17 05:35:00,65.55539751115907
2026-02-17 05:40:00,60.82017840509963
2026-02-17 05:45:00,66.09433236401743
2026-02-17 05:50:00,59.065339342304775
2026-02-17 05:55:00,65.0358718102826
2026-02-17 06:00:00,66.66875813127422
2026-02-17 06:05:00,67.19796834722993
2026-02-17 06:10:00,74.48921344637353
2026-02-17 06:15:00,67.72479178035367
2026-02-17 06:20:00,64.84800185359379
2026-02-17 06:25:00,62.90779570360958
2026-02-17 06:30:00,64.2998272764074
2026-02-17 06:35:00,61.36892680035435
2026-02-17 06:40:00,69.07002066713503
2026-02-17 06:45:00,60.89221173001508
2026-02-17 06:50:00,61.29711181832112
2026-02-17 06:55:00,64.5083444280627
2026-02-17 07:00:00,34.846821034101225
2026-02-17 07:05:00,30.529976860505812
2026-02-17 07:10:00,36.47734242859146
2026-02-17 07:15:00,27.657381565401515
2026-02-17 07:20:00,29.7270165916394
2026-02-17 07:25:00,25.39340968707257
2026-02-17 07:30:00,28.756374856726705
2026-02-17 07:35:00,36.324858451182465
2026-02-17 07:40:00,42.31292689108364
2026-02-17 07:45:00,39.43567157702081
2026-02-17 07:50:00,38.5530542443375
2026-02-17 07:55:00,33.03122981118451
2026-02-17 08:00:00,37.25283951468153
2026-02-17 08:05:00,39.009268898480165
2026-02-17 08:10:00,39.01765142642063
2026-02-17 08:15:00,28.92343390071005
2026-02-17 08:20:00,44.394084522231495
2026-02-17 08:25:00,36.209283805567004
2026-02-17 08:30:00,35.32138920288676
2026-02-17 08:35:00,24.725179246663384
2026-02-17 08:40:00,40.456245733270364
2026-02-17 08:45:00,33.892070517228326
2026-02-17 08:50:00,30.056300110221184
2026-02-17 08:55:00,39.783422549172045
2026-02-17 09:00:00,38.661490009929175
2026-02-17 09:05:00,39.573481103280024
2026-02-17 09:10:00,31.802020079865258
2026-02-17 09:15:00,34.16498578565705
2026-02-17 09:20:00,30.589103074653508
2026-02-17 09:25:00,44.1505044744106
2026-02-17 09:30:00,32.40097068172999
2026-02-17 09:35:00,34.291182430068154
2026-02-17 09:40:00,35.92548971955948
2026-02-17 09:45:00,39.35918689177467
2026-02-17 09:50:00,35.25440559235382
2026-02-17 09:55:00,28.622544307644517
2026-02-17 10:00:00,50.88997641786569
2026-02-17 10:05:00,61.4666839050011
2026-02-17 10:10:00,51.92551293675626
2026-02-17 10:15:00,52.51134789341131
2026-02-17 10:20:00,59.348513184650926
2026-02-17 10:25:00,53.57653428540616
2026-02-17 10:30:00,51.09629050146747
2026-02-17 10:35:00,51.1039916825503
2026-02-17 10:40:00,62.84004772178858
2026-02-17 10:45:00,55.85532564059072
2026-02-17 10:50:00,58.17858996841777
2026-02-17 10:55:00,51.89240600454756
2026-02-17 11:00:00,48.6186640017584
2026-02-17 11:05:00,56.50530630504046
2026-02-17 11:10:00,61.36162593794663
2026-02-17 11:15:00,55.3758348769639
2026-02-17 11:20:00,52.62824499151626
2026-02-17 11:25:00,61.377716268203336
2026-02-17 11:30:00,57.789368821728544
2026-02-17 11:35:00,58.09190288383871
2026-02-17 11:40:00,50.53969906514599
2026-02-17 11:45:00,56.582097741964326
2026-02-17 11:50:00,50.68411138690349
2026-02-17 11:55:00,59.1573499224733
2026-02-17 12:00:00,49.83253542260224
2026-02-17 12:05:00,50.427073479232284
2026-02-17 12:10:00,48.263345472525565
2026-02-17 12:15:00,57.476167773504436
2026-02-17 12:20:00,54.89520730878093
2026-02-17 12:25:00,62.89312340313542
2026-02-17 12:30:00,51.41395400281731
2026-02-17 12:35:00,56.69345108572094
2026-02-17 12:40:00,58.27060862317805
2026-02-17 12:45:00,52.51826078512866
2026-02-17 12:50:00,48.996431449408746
2026-02-17 12:55:00,61.09729627815729
2026-02-17 13:00:00,51.26503557128677
2026-02-17 13:05:00,60.37278651766971
2026-02-17 13:10:00,52.76965905001478
2026-02-17 13:15:00,60.5998823056116
2026-02-17 13:20:00,52.7069905139805
2026-02-17 13:25:00,48.017494640811236
2026-02-17 13:30:00,59.72093078506989
2026-02-17 13:35:00,57.104135911196515
2026-02-17 13:40:00,52.855562117221616
2026-02-17 13:45:00,55.126692099884025
2026-02-17 13:50:00,51.528317052389795
2026-02-17 13:55:00,49.08291827941542
2026-02-17 14:00:00,58.05615302534512
2026-02-17 14:05:00,60.23543588880494
2026-02-17 14:10:00,57.94729424986355
2026-02-17 14:15:00,53.357166946900634
2026-02-17 14:20:00,54.73357501587607
2026-02-17 14:25:00,55.25742898972288
2026-02-17 14:30:00,60.89782391658066
2026-02-17 14:35:00,50.522051770597756
2026-02-17 14:40:00,54.966821898136516
2026-02-17 14:45:00,54.308667625051825
2026-02-17 14:50:00,56.606554378438524
2026-02-17 14:55:00,50.412372184271
2026-02-17 15:00:00,57.49061139010345
2026-02-17 15:05:00,53.27353316927018
2026-02-17 15:10:00,44.145822597092554
2026-02-17 15:15:00,52.83281519974932
2026-02-17 15:20:00,56.1593852133644
2026-02-17 15:25:00,46.904221666284506
2026-02-17 15:30:00,52.23825562724481
2026-02-17 15:35:00,48.737191038542605
2026-02-17 15:40:00,62.48126974094215
2026-02-17 15:45:00,53.149952758029364
2026-02-17 15:50:00,59.12303798649714
2026-02-17 15:55:00,55.42863540956643
2026-02-17 16:00:00,22.780978877531272
2026-02-17 16:05:00,21.999199726415497
2026-02-17 16:10:00,36.63681967134851
2026-02-17 16:15:00,31.831066549859973
2026-02-17 16:20:00,36.0724639721658
2026-02-17 16:25:00,36.13002992105819
2026-02-17 16:30:00,23.571650768659723
2026-02-17 16:35:00,34.56958942211313
2026-02-17 16:40:00,21.60483977008783
2026-02-17 16:45:00,34.38148417011965
2026-02-17 16:50:00,21.695772377880413
2026-02-17 16:55:00,26.48002102044793
2026-02-17 17:00:00,36.51106710727844
2026-02-17 17:05:00,29.38159523644511
2026-02-17 17:10:00,22.27224573452373
2026-02-17 17:15:00,27.091875805104852
2026-02-17 17:20:00,39.49410099349608
2026-02-17 17:25:00,40.83656251261925
2026-02-17 17:30:00,31.6099668125964
2026-02-17 17:35:00,20.43584491587407
2026-02-17 17:40:00,38.715257994590026
2026-02-17 17:45:00,19.82368333124814
2026-02-17 17:50:00,31.97500119371005
2026-02-17 17:55:00,34.348049412130464
2026-02-17 18:00:00,33.115452248165546
2026-02-17 18:05:00,20.258361170613195
2026-02-17 18:10:00,34.20001964379143
2026-02-17 18:15:00,35.14932008225531
2026-02-17 18:20:00,19.832690692557975
2026-02-17 18:25:00,40.83050862379317
2026-02-17 18:30:00,14.679453267737017
2026-02-17 18:35:00,32.68455118987943
2026-02-17 18:40:00,29.650690046280648
2026-02-17 18:45:00,43.04080420791225
2026-02-17 18:50:00,39.56284858740682
2026-02-17 18:55:00,30.076536667357935
2026-02-17 19:00:00,33.22799675342078
2026-02-17 19:05:00,25.88062412187523
2026-02-17 19:10:00,28.30311897588887
2026-02-17 19:15:00,25.408771021524785
2026-02-17 19:20:00,23.15856697018571
2026-02-17 19:25:00,18.309814554193693
2026-02-17 19:30:00,32.69727490620852
2026-02-17 19:35:00,25.217909961257888
2026-02-17 19:40:00,28.883436873190096
2026-02-17 19:45:00,31.19447649457034
2026-02-17 19:50:00,26.246737163126063
2026-02-17 19:55:00,39.283232659526774
2026-02-17 20:00:00,66.14751038378218
2026-02-17 20:05:00,61.90576965964857
2026-02-17 20:10:00,64.63459392711073
2026-02-17 20:15:00,63.132595671625324
2026-02-17 20:20:00,61.87203822017223
2026-02-17 20:25:00,66.2775382973521
2026-02-17 20:30:00,62.90799519970735
2026-02-17 20:35:00,61.07683479800008
2026-02-17 20:40:00,64.28804883689847
2026-02-17 20:45:00,63.80291695857391
2026-02-17 20:50:00,61.22288078275979
2026-02-17 20:55:00,68.17902961962965
2026-02-17 21:00:00,62.020016344076474
2026-02-17 21:05:00,64.13802456563239
2026-02-17 21:10:00,65.25776629503609
2026-02-17 21:15:00,60.55215058370975
2026-02-17 21:20:00,58.75423052629223
2026-02-17 21:25:00,63.44165631599127
2026-02-17 21:30:00,66.81976659819925
2026-02-17 21:35:00,64.27867133320706
2026-02-17 21:40:00,61.669611345025785
2026-02-17 21:45:00,64.6172048769816
2026-02-17 21:50:00,67.31253732945969
2026-02-17 21:55:00,59.4139280613495
2026-02-17 22:00:00,65.99934570457422
2026-02-17 22:05:00,64.69359142580038
2026-02-17 22:10:00,64.80673346190575
2026-02-17 22:15:00,63.74756147518683
2026-02-17 22:20:00,72.02620928298666
2026-02-17 22:25:00,59.785606482163345
2026-02-17 22:30:00,63.613865957090034
2026-02-17 22:35:00,64.49032474183247
2026-02-17 22:40:00,64.4554053025212
2026-02-17 22:45:00,69.6791676609865
2026-02-17 22:50:00,60.62585291783862
2026-02-17 22:55:00,68.7995251215713
2026-02-17 23:00:00,60.00328563726107
2026-02-17 23:05:00,65.18801679885338
2026-02-17 23:10:00,66.2576648490207
2026-02-17 23:15:00,64.3730710176819
2026-02-17 23:20:00,63.23026147375688
2026-02-17 23:25:00,63.435416090001745
2026-02-17 23:30:00,71.89223263622618
2026-02-17 23:35:00,63.860425557259944
2026-02-17 23:40:00,66.16452503401251
2026-02-17 23:45:00,66.34309982270902
2026-02-17 23:50:00,65.64258654692438
2026-02-17 23:55:00,64.20284134429868
2026-02-18 00:00:00,62.73571549124095
2026-02-18 00:05:00,67.5582866964658
2026-02-18 00:10:00,63.02712102489125
2026-02-18 00:15:00,61.48780815226372
2026-02-18 00:20:00,66.16001153303716
2026-02-18 00:25:00,63.733988059687896
2026-02-18 00:30:00,64.00227591469881
2026-02-18 00:35:00,65.95063880007838
2026-02-18 00:40:00,62.968138115409694
2026-02-18 00:45:00,61.64405436842641
2026-02-18 00:50:00,67.57409606602137
2026-02-18 00:55:00,64.69459126434269
2026-02-18 01:00:00,62.426438083544106
2026-02-18 01:05:00,63.76979723468765
2026-02-18 01:10:00,61.630335686559015
2026-02-18 01:15:00,65.22127162397337
2026-02-18 01:20:00,59.239685684914335
2026-02-18 01:25:00,68.4152791917205
2026-02-18 01:30:00,66.82553885618708
2026-02-18 01:35:00,68.35353484131171
2026-02-18 01:40:00,60.84103382447515
2026-02-18 01:45:00,66.87057738324384
2026-02-18 01:50:00,66.53278911187033
2026-02-18 01:55:00,67.32272412535846
2026-02-18 02:00:00,63.4177384856397
2026-02-18 02:05:00,62.31614491212103
2026-02-18 02:10:00,70.17906967044765
2026-02-18 02:15:00,64.3590364480643
2026-02-18 02:20:00,67.22761953934491
2026-02-18 02:25:00,69.31744899455632
2026-02-18 02:30:00,60.27107067990602
2026-02-18 02:35:00,61.343375299779524
2026-02-18 02:40:00,63.440464224926394
2026-02-18 02:45:00,65.37333125540673
2026-02-18 02:50:00,68.85107974143136
2026-02-18 02:55:00,62.87472750427283
2026-02-18 03:00:00,63.049804996506374
2026-02-18 03:05:00,67.16631305156606
2026-02-18 03:10:00,60.180895951414946
2026-02-18 03:15:00,60.74964509279805
2026-02-18 03:20:00,59.49238271130023
2026-02-18 03:25:00,65.81118093854782
2026-02-18 03:30:00,64.3094124350032
2026-02-18 03:35:00,65.0374211462624
2026-02-18 03:40:00,62.07389193355465
2026-02-18 03:45:00,65.90964796800846
2026-02-18 03:50:00,62.57310355530753
2026-02-18 03:55:00,61.2648497441039
2026-02-18 04:00:00,63.58418313929083
2026-02-18 04:05:00,65.7840043603815
2026-02-18 04:10:00,68.51370079624472
2026-02-18 04:15:00,62.88808427637046
2026-02-18 04:20:00,62.82933239907717
2026-02-18 04:25:00,70.17706639072355
2026-02-18 04:30:00,67.75343658434171
2026-02-18 04:35:00,63.14454748757105
2026-02-18 04:40:00,62.061086149119475
2026-02-18 04:45:00,66.91656527827998
2026-02-18 04:50:00,60.94958840765686
2026-02-18 04:55:00,67.7544154475729
2026-02-18 05:00:00,68.08498026126111
2026-02-18 05:05:00,62.193316638651545
2026-02-18 05:10:00,62.724951548726345
2026-02-18 05:15:00,62.20135675421963
2026-02-18 05:20:00,64.36399306922786
2026-02-18 05:25:00,63.83199113396981
2026-02-18 05:30:00,68.17724003726939
2026-02-18 05:35:00,69.63959216025019
2026-02-18 05:40:00,61.30966575021768
2026-02-18 05:45:00,67.62421439372083
2026-02-18 05:50:00,62.2507797166491
2026-02-18 05:55:00,67.11593812559457
2026-02-18 06:00:00,66.28997619738722
2026-02-18 06:05:00,67.44597246060873
2026-02-18 06:10:00,68.0476840071882
2026-02-18 06:15:00,69.71745734582387
2026-02-18 06:20:00,67.7288180223534
2026-02-18 06:25:00,66.73696298447949
2026-02-18 06:30:00,67.41988419147249
2026-02-18 06:35:00,63.95951912900099
2026-02-18 06:40:00,63.40436557083087
2026-02-18 06:45:00,62.54623445593404
2026-02-18 06:50:00,65.87493626950578
2026-02-18 06:55:00,64.63972885640592
2026-02-18 07:00:00,31.734590804347068
2026-02-18 07:05:00,30.016903957779626
2026-02-18 07:10:00,35.90257608963512
2026-02-18 07:15:00,26.467804897773114
2026-02-18 07:20:00,43.218552837262074
2026-02-18 07:25:00,32.54652850471399
2026-02-18 07:30:00,36.69159031510463
2026-02-18 07:35:00,36.782842711616375
2026-02-18 07:40:00,43.71017049314412
2026-02-18 07:45:00,27.174819899852473
2026-02-18 07:50:00,29.682868243282343
2026-02-18 07:55:00,29.51285097148156
2026-02-18 08:00:00,38.238773695667284
2026-02-18 08:05:00,20.94396691163848
2026-02-18 08:10:00,46.48735537698068
2026-02-18 08:15:00,37.1075148226511
2026-02-18 08:20:00,42.37467362279474
2026-02-18 08:25:00,41.324984824492866
2026-02-18 08:30:00,41.411247066309336
2026-02-18 08:35:00,44.58918508512201
2026-02-18 08:40:00,28.10497969920703
2026-02-18 08:45:00,32.874263946237704
2026-02-18 08:50:00,34.828243797959985
2026-02-18 08:55:00,29.584064959326877
2026-02-18 09:00:00,44.46399292549187
2026-02-18 09:05:00,41.67787831415669
2026-02-18 09:10:00,32.67834803111574
2026-02-18 09:15:00,30.359133623294607
2026-02-18 09:20:00,27.843278561614785
2026-02-18 09:25:00,33.71336675272475
2026-02-18 09:30:00,41.423309695906696
2026-02-18 09:35:00,36.044826743317024
2026-02-18 09:40:00,35.753203231227296
2026-02-18 09:45:00,40.421659695849456
2026-02-18 09:50:00,44.07054797807967
2026-02-18 09:55:00,38.981611980468074
2026-02-18 10:00:00,52.43785474373218
2026-02-18 10:05:00,52.805616150406756
2026-02-18 10:10:00,53.13399081020179
2026-02-18 10:15:00,50.37526710463433
2026-02-18 10:20:00,55.67811225086044
2026-02-18 10:25:00,57.09734165711175
2026-02-18 10:30:00,50.504267906274336
2026-02-18 10:35:00,65.11567977188244
2026-02-18 10:40:00,50.42150559820878
2026-02-18 10:45:00,57.15287037382109
2026-02-18 10:50:00,51.8248124323942
2026-02-18 10:55:00,52.231969698820926
2026-02-18 11:00:00,54.909251329249734
2026-02-18 11:05:00,53.6786023867022
2026-02-18 11:10:00,61.624089421479376
2026-02-18 11:15:00,54.46161443603889
2026-02-18 11:20:00,47.765099637190396
2026-02-18 11:25:00,52.908449746953735
2026-02-18 11:30:00,63.46873562096374
2026-02-18 11:35:00,53.214915947883796
2026-02-18 11:40:00,58.28132583594958
2026-02-18 11:45:00,58.27091808926692
2026-02-18 11:50:00,55.006579202126744
2026-02-18 11:55:00,50.1028021135323
2026-02-18 12:00:00,55.38581004855182
2026-02-18 12:05:00,59.00408081792767
2026-02-18 12:10:00,52.46240019298994
2026-02-18 12:15:00,52.10743126898531
2026-02-18 12:20:00,62.963679266979824
2026-02-18 12:25:00,60.875426301422955
2026-02-18 12:30:00,58.110563635816185
2026-02-18 12:35:00,49.92373272561567
2026-02-18 12:40:00,51.86105510232562
2026-02-18 12:45:00,52.71375368364081
2026-02-18 12:50:00,53.53667128503287
2026-02-18 12:55:00,57.389465844919734
2026-02-18 13:00:00,53.2339130760658
2026-02-18 13:05:00,49.10951647233768
2026-02-18 13:10:00,46.404501608709744
2026-02-18 13:15:00,56.69493914142931
2026-02-18 13:20:00,62.56489633946106
2026-02-18 13:25:00,59.26744578443901
2026-02-18 13:30:00,61.87294052163572
2026-02-18 13:35:00,58.898863359341185
2026-02-18 13:40:00,59.66700985463031
2026-02-18 13:45:00,44.42645494281235
2026-02-18 13:50:00,60.53619567626912
2026-02-18 13:55:00,62.20989605787683
2026-02-18 14:00:00,55.98071664844732
2026-02-18 14:05:00,54.34699675332144
2026-02-18 14:10:00,53.04536509446214
2026-02-18 14:15:00,53.1088212449754
2026-02-18 14:20:00,51.07085230625894
2026-02-18 14:25:00,56.81201107596062
2026-02-18 14:30:00,52.264263962963746
2026-02-18 14:35:00,50.04713258351534
2026-02-18 14:40:00,59.81612320204028
2026-02-18 14:45:00,56.29066729699006
2026-02-18 14:50:00,59.080069819660324
2026-02-18 14:55:00,58.157172003476695
2026-02-18 15:00:00,45.10110108025877
2026-02-18 15:05:00,51.55167316069229
2026-02-18 15:10:00,55.01890400823034
2026-02-18 15:15:00,52.49565180736251
2026-02-18 15:20:00,50.80214944698888
2026-02-18 15:25:00,59.05193714966329
2026-02-18 15:30:00,54.83194488754071
2026-02-18 15:35:00,61.52244310548757
2026-02-18 15:40:00,49.28292420423827
2026-02-18 15:45:00,58.71394406942862
2026-02-18 15:50:00,54.40628150896823
2026-02-18 15:55:00,49.87430112159723
2026-02-18 16:00:00,24.083427165391864
2026-02-18 16:05:00,37.049932713641994
2026-02-18 16:10:00,26.08445608390445
2026-02-18 16:15:00,29.160107194160638
2026-02-18 16:20:00,38.93954098838247
2026-02-18 16:25:00,26.67386416326535
2026-02-18 16:30:00,38.94322088433354
2026-02-18 16:35:00,29.15969438692375
2026-02-18 16:40:00,18.678675588814144
2026-02-18 16:45:00,21.104096667985335
2026-02-18 16:50:00,22.888454330094405
2026-02-18 16:55:00,23.676490231030208
2026-02-18 17:00:00,30.350560062234177
2026-02-18 17:05:00,34.84510411684538
2026-02-18 17:10:00,25.21119928329038
2026-02-18 17:15:00,27.32203090249755
2026-02-18 17:20:00,31.865786177685393
2026-02-18 17:25:00,29.20762540071915
2026-02-18 17:30:00,21.209753290568614
2026-02-18 17:35:00,26.522537451055992
2026-02-18 17:40:00,29.05518981416199
2026-02-18 17:45:00,20.538571944781346
2026-02-18 17:50:00,17.928435960937858
2026-02-18 17:55:00,32.08816011409526
2026-02-18 18:00:00,22.879937808768517
2026-02-18 18:05:00,28.51982996346301
2026-02-18 18:10:00,26.663098351944036
2026-02-18 18:15:00,36.45054238816693
2026-02-18 18:20:00,38.843159932560766
2026-02-18 18:25:00,36.117693866857906
2026-02-18 18:30:00,24.025009638320707
2026-02-18 18:35:00,28.518672333295868
2026-02-18 18:40:00,31.42153733458883
2026-02-18 18:45:00,35.25423347362741
2026-02-18 18:50:00,37.8794861560674
2026-02-18 18:55:00,25.451775602025776
2026-02-18 19:00:00,22.221235170275953
2026-02-18 19:05:00,21.135942534802794
2026-02-18 19:10:00,26.18585113640498
2026-02-18 19:15:00,18.343667519213323
2026-02-18 19:20:00,38.69502834948122
2026-02-18 19:25:00,19.513847065420666
2026-02-18 19:30:00,39.10574040213327
2026-02-18 19:35:00,38.609255700868864
2026-02-18 19:40:00,33.827681765713294
2026-02-18 19:45:00,38.55089989838396
2026-02-18 19:50:00,25.53873307050282
2026-02-18 19:55:00,23.38187103504965
2026-02-18 20:00:00,70.56667451169984
2026-02-18 20:05:00,58.610900437442844
2026-02-18 20:10:00,67.19889966287384
2026-02-18 20:15:00,70.07680896501395
2026-02-18 20:20:00,62.22480795883769
2026-02-18 20:25:00,70.35121915938537
2026-02-18 20:30:00,65.82877608426901
2026-02-18 20:35:00,68.57690965005278
2026-02-18 20:40:00,66.15468359108065
2026-02-18 20:45:00,61.39513383070369
2026-02-18 20:50:00,67.15444285204546
2026-02-18 20:55:00,64.9831966140718
2026-02-18 21:00:00,67.56506153383863
2026-02-18 21:05:00,62.93367387459196
2026-02-18 21:10:00,59.70465673925883
2026-02-18 21:15:00,60.45657863221489
2026-02-18 21:20:00,67.47456562007376
2026-02-18 21:25:00,65.26637297167059
2026-02-18 21:30:00,66.29169834822312
2026-02-18 21:35:00,69.56754174049077
2026-02-18 21:40:00,67.558595773812
2026-02-18 21:45:00,61.56291279348836
2026-02-18 21:50:00,63.18794083517453
2026-02-18 21:55:00,63.156295802554816
2026-02-18 22:00:00,60.99720444285816
2026-02-18 22:05:00,62.591983615567166
2026-02-18 22:10:00,66.05830064574468
2026-02-18 22:15:00,65.6024514353575
2026-02-18 22:20:00,67.48699613040252
2026-02-18 22:25:00,65.41328369396271
2026-02-18 22:30:00,64.40950742798655
2026-02-18 22:35:00,72.03091631598303
2026-02-18 22:40:00,64.1722002852571
2026-02-18 22:45:00,64.2609230070303
2026-02-18 22:50:00,66.76094472226207
2026-02-18 22:55:00,67.9398852063424
2026-02-18 23:00:00,63.78133316747719
2026-02-18 23:05:00,64.51410706422617
2026-02-18 23:10:00,63.324647597701215
2026-02-18 23:15:00,60.82367464756511
2026-02-18 23:20:00,64.73319542928543
2026-02-18 23:25:00,66.87776382789292
2026-02-18 23:30:00,64.36741736644359
2026-02-18 23:35:00,58.52883108791081
2026-02-18 23:40:00,68.03132986103027
2026-02-18 23:45:00,65.75579314223452
2026-02-18 23:50:00,61.23481402383492
2026-02-18 23:55:00,68.86778618345893
2026-02-19 00:00:00,61.55449077590208
2026-02-19 00:05:00,64.63291795571214
2026-02-19 00:10:00,67.98193997974167
2026-02-19 00:15:00,65.29846065850707
2026-02-19 00:20:00,67.68001123570865
2026-02-19 00:25:00,63.48023725105535
2026-02-19 00:30:00,68.294446600317
2026-02-19 00:35:00,67.6606766801724
2026-02-19 00:40:00,63.786814315969835
2026-02-19 00:45:00,64.64520892161892
2026-02-19 00:50:00,63.58228997062891
2026-02-19 00:55:00,66.24969400213827
2026-02-19 01:00:00,64.99755921823387
2026-02-19 01:05:00,61.47604053305026
2026-02-19 01:10:00,60.25763459203543
2026-02-19 01:15:00,62.51237418027797
2026-02-19 01:20:00,66.25321210573144
2026-02-19 01:25:00,65.72415859329458
2026-02-19 01:30:00,70.30845083062282
2026-02-19 01:35:00,65.71871992792211
2026-02-19 01:40:00,65.79739239375031
2026-02-19 01:45:00,66.32003399938866
2026-02-19 01:50:00,66.76657075809986
2026-02-19 01:55:00,67.14494572156251
2026-02-19 02:00:00,64.96539102735467
2026-02-19 02:05:00,64.65778010059904
2026-02-19 02:10:00,68.19593718435902
2026-02-19 02:15:00,70.6053831855922
2026-02-19 02:20:00,67.73340604321677
2026-02-19 02:25:00,64.96467212074162
2026-02-19 02:30:00,65.29373665336915
2026-02-19 02:35:00,61.89628670246354
2026-02-19 02:40:00,69.27403826117293
2026-02-19 02:45:00,59.81937425804177
2026-02-19 02:50:00,68.24556640566374
2026-02-19 02:55:00,70.18497177548686
2026-02-19 03:00:00,66.57342396782761
2026-02-19 03:05:00,66.36222610384509
2026-02-19 03:10:00,65.01634798938659
2026-02-19 03:15:00,62.615384528703565
2026-02-19 03:20:00,65.51913713928533
2026-02-19 03:25:00,66.95970875102763
2026-02-19 03:30:00,65.88414615943427
2026-02-19 03:35:00,65.27098856995288
2026-02-19 03:40:00,61.993974387778984
2026-02-19 03:45:00,61.87704753380263
2026-02-19 03:50:00,64.36625758996355
2026-02-19 03:55:00,64.40582004822568
2026-02-19 04:00:00,68.48051710627925
2026-02-19 04:05:00,66.16210460348029
2026-02-19 04:10:00,69.63908673863249
2026-02-19 04:15:00,66.43796700756776
2026-02-19 04:20:00,63.71056194530856
2026-02-19 04:25:00,66.69903498229537
2026-02-19 04:30:00,64.03509240494778
2026-02-19 04:35:00,64.1919553654158
2026-02-19 04:40:00,57.736901586998194
2026-02-19 04:45:00,59.5350589691765
2026-02-19 04:50:00,64.62872274373504
2026-02-19 04:55:00,67.11224077709562
2026-02-19 05:00:00,70.01503964190077
2026-02-19 05:05:00,63.555297576491334
2026-02-19 05:10:00,66.51861986320867
2026-02-19 05:15:00,64.34846811004225
2026-02-19 05:20:00,62.07830136948394
2026-02-19 05:25:00,61.27984548573694
2026-02-19 05:30:00,64.40116392930963
2026-02-19 05:35:00,64.20269090050466
2026-02-19 05:40:00,68.11493676259674
2026-02-19 05:45:00,59.121859997231816
2026-02-19 05:50:00,61.38216573863423
2026-02-19 05:55:00,64.64231726725069
2026-02-19 06:00:00,60.059767120557545
2026-02-19 06:05:00,63.909110341034925
2026-02-19 06:10:00,65.57137603230953
2026-02-19 06:15:00,65.83399692194857
2026-02-19 06:20:00,64.78757945826885
2026-02-19 06:25:00,64.4196897044828
2026-02-19 06:30:00,65.81481783895038
2026-02-19 06:35:00,67.49762977624682
2026-02-19 06:40:00,69.18526371589962
2026-02-19 06:45:00,67.15158361640222
2026-02-19 06:50:00,64.28499061177776
2026-02-19 06:55:00,61.50960534176065
2026-02-19 07:00:00,35.95669382192022
2026-02-19 07:05:00,32.704100545973695
2026-02-19 07:10:00,27.500924443859557
2026-02-19 07:15:00,45.015870572063164
2026-02-19 07:20:00,31.396546184115014
2026-02-19 07:25:00,23.944000083660296
2026-02-19 07:30:00,47.01741621568534
2026-02-19 07:35:00,47.70117913706937
2026-02-19 07:40:00,46.51468442880004
2026-02-19 07:45:00,34.407714531613905
2026-02-19 07:50:00,32.27668083454209
2026-02-19 07:55:00,28.061712999394647
2026-02-19 08:00:00,44.34135634825987
2026-02-19 08:05:00,36.22199565486858
2026-02-19 08:10:00,37.29968016426922
2026-02-19 08:15:00,35.74690671926102
2026-02-19 08:20:00,29.088990462003473
2026-02-19 08:25:00,33.025190512686386
2026-02-19 08:30:00,30.437672288053886
2026-02-19 08:35:00,31.54468560487294
2026-02-19 08:40:00,39.671558577569385
2026-02-19 08:45:00,48.228705517618195
2026-02-19 08:50:00,26.55852529008715
2026-02-19 08:55:00,28.08203793447111
2026-02-19 09:00:00,38.435711458344485
2026-02-19 09:05:00,25.657514851907735
2026-02-19 09:10:00,36.39162087910885
2026-02-19 09:15:00,26.743113259329192
2026-02-19 09:20:00,32.468637207691145
2026-02-19 09:25:00,22.836579407209523
2026-02-19 09:30:00,42.29778685753489
2026-02-19 09:35:00,32.30680918375952
2026-02-19 09:40:00,32.192649203815215
2026-02-19 09:45:00,29.343108215230522
2026-02-19 09:50:00,30.826042495769947
2026-02-19 09:55:00,31.17728343031997
2026-02-19 10:00:00,50.60957353812496
2026-02-19 10:05:00,59.59592717768334
2026-02-19 10:10:00,54.66303493971297
2026-02-19 10:15:00,51.58146880552544
2026-02-19 10:20:00,60.182772199242926
2026-02-19 10:25:00,55.86111381587335
2026-02-19 10:30:00,57.80716837589341
2026-02-19 10:35:00,52.90331408279273
2026-02-19 10:40:00,54.99945685704225
2026-02-19 10:45:00,62.02817517927061
2026-02-19 10:50:00,53.86217815881977
2026-02-19 10:55:00,51.103035103034436
2026-02-19 11:00:00,55.23739922066526
2026-02-19 11:05:00,53.73785084159776
2026-02-19 11:10:00,56.71277417921636
2026-02-19 11:15:00,55.214696580431955
2026-02-19 11:20:00,57.97949863856265
2026-02-19 11:25:00,58.499731575104214
2026-02-19 11:30:00,49.08908094743616
2026-02-19 11:35:00,58.592771292091165
2026-02-19 11:40:00,60.41342249593589
2026-02-19 11:45:00,55.21109705114546
2026-02-19 11:50:00,50.157819015532034
2026-02-19 11:55:00,48.71065094291353
2026-02-19 12:00:00,61.22567812531851
2026-02-19 12:05:00,53.959998563891006
2026-02-19 12:10:00,53.259266811385515
2026-02-19 12:15:00,49.42538790558361
2026-02-19 12:20:00,58.19165725177593
2026-02-19 12:25:00,54.72458139773339
2026-02-19 12:30:00,50.13456567596274
2026-02-19 12:35:00,54.02872098127804
2026-02-19 12:40:00,54.387864557618
2026-02-19 12:45:00,55.17617503480017
2026-02-19 12:50:00,56.91418934366418
2026-02-19 12:55:00,57.20873625271738
2026-02-19 13:00:00,52.21494723735647
2026-02-19 13:05:00,56.1506890388897
2026-02-19 13:10:00,52.26172976851666
2026-02-19 13:15:00,59.8140253201523
2026-02-19 13:20:00,52.590533209815966
2026-02-19 13:25:00,57.637040038028
2026-02-19 13:30:00,53.23957354151152
2026-02-19 13:35:00,52.26387528488377
2026-02-19 13:40:00,58.69598486384065
2026-02-19 13:45:00,54.85558044732383
2026-02-19 13:50:00,54.20698935392134
2026-02-19 13:55:00,58.3340448126107
2026-02-19 14:00:00,51.02155107144468
2026-02-19 14:05:00,58.837433169005664
2026-02-19 14:10:00,60.28002708591845
2026-02-19 14:15:00,52.62320308544982
2026-02-19 14:20:00,53.36255263983912
2026-02-19 14:25:00,65.39097580384389
2026-02-19 14:30:00,56.19577828300561
2026-02-19 14:35:00,58.12249395447067
2026-02-19 14:40:00,51.849084002702725
2026-02-19 14:45:00,54.191482790771495
2026-02-19 14:50:00,56.78685058339982
2026-02-19 14:55:00,57.95873889747096
2026-02-19 15:00:00,56.32357765464273
2026-02-19 15:05:00,51.74625721310779
2026-02-19 15:10:00,47.00997149602345
2026-02-19 15:15:00,54.59719964688827
2026-02-19 15:20:00,53.757539780843686
2026-02-19 15:25:00,54.979287671093786
2026-02-19 15:30:00,59.30453130748323
2026-02-19 15:35:00,53.075659813762236
2026-02-19 15:40:00,50.772247453159395
2026-02-19 15:45:00,57.91249190843553
2026-02-19 15:50:00,51.07859522076144
2026-02-19 15:55:00,56.43653214654834
2026-02-19 16:00:00,34.343987849786465
2026-02-19 16:05:00,31.94450888405263
2026-02-19 16:10:00,23.777522880843996
2026-02-19 16:15:00,27.986218349424338
2026-02-19 16:20:00,34.81855311563697
2026-02-19 16:25:00,31.554527897772548
2026-02-19 16:30:00,24.489183284153473
2026-02-19 16:35:00,40.79708207565635
2026-02-19 16:40:00,35.30716290926674
2026-02-19 16:45:00,44.350819532787156
2026-02-19 16:50:00,25.12506488656623
2026-02-19 16:55:00,27.385521211879098
2026-02-19 17:00:00,25.583186744828847
2026-02-19 17:05:00,30.472328146526475
2026-02-19 17:10:00,30.16086111215824
2026-02-19 17:15:00,37.53328789120029
2026-02-19 17:20:00,36.85093029596911
2026-02-19 17:25:00,34.74886409244692
2026-02-19 17:30:00,27.414983572969486
2026-02-19 17:35:00,26.910109673775587
2026-02-19 17:40:00,20.600054297323275
2026-02-19 17:45:00,32.98347540593949
2026-02-19 17:50:00,30.144125886202055
2026-02-19 17:55:00,34.99635563219106
2026-02-19 18:00:00,27.148322078589192
2026-02-19 18:05:00,40.20704785480378
2026-02-19 18:10:00,27.875349797822754
2026-02-19 18:15:00,17.09178228340611
2026-02-19 18:20:00,37.90806920051217
2026-02-19 18:25:00,35.63174707036212
2026-02-19 18:30:00,30.794426550668856
2026-02-19 18:35:00,29.898116860081448
2026-02-19 18:40:00,29.740894151277384
2026-02-19 18:45:00,29.22428473576722
2026-02-19 18:50:00,34.894620049753
2026-02-19 18:55:00,29.85494884309894
2026-02-19 19:00:00,29.926136116313735
2026-02-19 19:05:00,20.53951243145785
2026-02-19 19:10:00,20.56841487152648
2026-02-19 19:15:00,35.68370989413999
2026-02-19 19:20:00,29.777738130365663
2026-02-19 19:25:00,18.02633785435446
2026-02-19 19:30:00,37.3431732133015
2026-02-19 19:35:00,39.175971024516215
2026-02-19 19:40:00,29.584155675414774
2026-02-19 19:45:00,27.88477565944327
2026-02-19 19:50:00,26.424280000956493
2026-02-19 19:55:00,32.0633146949124
2026-02-19 20:00:00,63.910550500717925
2026-02-19 20:05:00,69.76581613415541
2026-02-19 20:10:00,61.42518799872484
2026-02-19 20:15:00,62.66073237135009
2026-02-19 20:20:00,65.27703870549684
2026-02-19 20:25:00,68.83154777762383
2026-02-19 20:30:00,62.891099972391
2026-02-19 20:35:00,64.4731221715898
2026-02-19 20:40:00,63.71301988230803
2026-02-19 20:45:00,68.20796921450089
2026-02-19 20:50:00,60.336099711546964
2026-02-19 20:55:00,64.82889772143429
2026-02-19 21:00:00,64.37180504699855
2026-02-19 21:05:00,68.91685184836402
2026-02-19 21:10:00,59.860285725236494
2026-02-19 21:15:00,68.76313384384544
2026-02-19 21:20:00,65.83078609784819
2026-02-19 21:25:00,62.49934667207564
2026-02-19 21:30:00,65.95732436242461
2026-02-19 21:35:00,69.64985418822803
2026-02-19 21:40:00,65.8238172651129
2026-02-19 21:45:00,72.39089950857885
2026-02-19 21:50:00,63.49433789554042
2026-02-19 21:55:00,64.7449805326186
2026-02-19 22:00:00,67.03329195324982
2026-02-19 22:05:00,65.09737798951768
2026-02-19 22:10:00,68.34173473109955
2026-02-19 22:15:00,64.51058419219422
2026-02-19 22:20:00,67.84984914219162
2026-02-19 22:25:00,61.16374841156393
2026-02-19 22:30:00,63.496976018608095
2026-02-19 22:35:00,66.351507978643
2026-02-19 22:40:00,64.75744502186058
2026-02-19 22:45:00,68.743625568699
2026-02-19 22:50:00,65.7965931370242
2026-02-19 22:55:00,67.04948732116308
2026-02-19 23:00:00,61.794282716119774
2026-02-19 23:05:00,72.79224518517488
2026-02-19 23:10:00,65.88052419865612
2026-02-19 23:15:00,65.73402656499945
2026-02-19 23:20:00,63.47282356275711
2026-02-19 23:25:00,65.27171685699373
2026-02-19 23:30:00,63.61760845697313
2026-02-19 23:35:00,64.7247858644259
2026-02-19 23:40:00,66.23921171446142
2026-02-19 23:45:00,69.29950691740935
2026-02-19 23:50:00,66.79390944025681
2026-02-19 23:55:00,66.19192478116578
2026-02-20 00:00:00,65.86939461850125
2026-02-20 00:05:00,66.66656054363074
2026-02-20 00:10:00,64.35046533015586
2026-02-20 00:15:00,65.91608818119242
2026-02-20 00:20:00,67.0012031443919
2026-02-20 00:25:00,67.68511874481459
2026-02-20 00:30:00,65.81050047490183
2026-02-20 00:35:00,65.81357778106678
2026-02-20 00:40:00,64.27147369707647
2026-02-20 00:45:00,67.44404726265425
2026-02-20 00:50:00,65.67079355179817
2026-02-20 00:55:00,64.99310108894026
2026-02-20 01:00:00,67.17600785226712
2026-02-20 01:05:00,59.505415521328395
2026-02-20 01:10:00,69.27467534147134
2026-02-20 01:15:00,57.213051527593386
2026-02-20 01:20:00,67.2416499951735
2026-02-20 01:25:00,66.8183643145964
2026-02-20 01:30:00,64.08426291816676
2026-02-20 01:35:00,65.69125933185482
2026-02-20 01:40:00,62.11388919444283
2026-02-20 01:45:00,62.56180330256231
2026-02-20 01:50:00,63.72905691392552
2026-02-20 01:55:00,60.31799879734662
2026-02-20 02:00:00,67.62870414221213
2026-02-20 02:05:00,64.89126215472069
2026-02-20 02:10:00,64.65999818830302
2026-02-20 02:15:00,70.39462006166671
2026-02-20 02:20:00,67.77859392976309
2026-02-20 02:25:00,69.63615948820821
2026-02-20 02:30:00,68.54808305378972
2026-02-20 02:35:00,66.94965927313783
2026-02-20 02:40:00,69.83618096120388
2026-02-20 02:45:00,63.88587843092223
2026-02-20 02:50:00,60.543985802854536
2026-02-20 02:55:00,63.651892625718794
2026-02-20 03:00:00,61.17893349240522
2026-02-20 03:05:00,63.91242223235854
2026-02-20 03:10:00,68.1635082452483
2026-02-20 03:15:00,67.00893850696136
2026-02-20 03:20:00,63.67065068609211
2026-02-20 03:25:00,61.761067480837966
2026-02-20 03:30:00,66.37914869685547
2026-02-20 03:35:00,64.69954329711368
2026-02-20 03:40:00,64.72372967115713
2026-02-20 03:45:00,65.41209346006141
2026-02-20 03:50:00,62.17351635972715
2026-02-20 03:55:00,68.58406680564556
2026-02-20 04:00:00,74.03448068078505
2026-02-20 04:05:00,61.76640460607227
2026-02-20 04:10:00,65.06951357816159
2026-02-20 04:15:00,61.97395083634577
2026-02-20 04:20:00,70.48643465970548
2026-02-20 04:25:00,63.187867881595224
2026-02-20 04:30:00,69.81978103009473
2026-02-20 04:35:00,64.58205878191514
2026-02-20 04:40:00,68.08542697991338
2026-02-20 04:45:00,70.69885097871192
2026-02-20 04:50:00,61.39547812222814
2026-02-20 04:55:00,70.17910467647017
2026-02-20 05:00:00,65.00463714520977
2026-02-20 05:05:00,67.77425834640256
2026-02-20 05:10:00,61.26217517420325
2026-02-20 05:15:00,65.56296917306199
2026-02-20 05:20:00,67.42521668076212
2026-02-20 05:25:00,68.5167979337249
2026-02-20 05:30:00,68.11593785001115
2026-02-20 05:35:00,59.4132244452049
2026-02-20 05:40:00,62.48011013367903
2026-02-20 05:45:00,65.18394115541233
2026-02-20 05:50:00,68.67991458040557
2026-02-20 05:55:00,59.325271550978364
2026-02-20 06:00:00,63.192830694571306
2026-02-20 06:05:00,61.90949131886132
2026-02-20 06:10:00,70.10240202575658
2026-02-20 06:15:00,63.69502827309988
2026-02-20 06:20:00,61.49837862977032
2026-02-20 06:25:00,60.80530076884334
2026-02-20 06:30:00,63.969912907704575
2026-02-20 06:35:00,66.15478566109601
2026-02-20 06:40:00,62.19698052530967
2026-02-20 06:45:00,62.3621493677871
2026-02-20 06:50:00,67.04077396625534
2026-02-20 06:55:00,62.59940625991677
2026-02-20 07:00:00,36.84227387369699
2026-02-20 07:05:00,25.671660947397097
2026-02-20 07:10:00,28.520812503835305
2026-02-20 07:15:00,27.495324697570044
2026-02-20 07:20:00,27.479897772904312
2026-02-20 07:25:00,27.40732212034782
2026-02-20 07:30:00,41.27184806452357
2026-02-20 07:35:00,44.684742266431215
2026-02-20 07:40:00,31.582734830325315
2026-02-20 07:45:00,45.8878697623101
2026-02-20 07:50:00,27.754225474716
2026-02-20 07:55:00,32.77784164566503
2026-02-20 08:00:00,32.49042897477007
2026-02-20 08:05:00,28.135598315120372
2026-02-20 08:10:00,48.8015586424558
2026-02-20 08:15:00,31.46214619810908
2026-02-20 08:20:00,32.09653952672633
2026-02-20 08:25:00,33.783567253103406
2026-02-20 08:30:00,40.72726520827557
2026-02-20 08:35:00,31.363179912138012
2026-02-20 08:40:00,50.3251347259454
2026-02-20 08:45:00,35.220252626007785
2026-02-20 08:50:00,41.881857747688755
2026-02-20 08:55:00,31.704570928477054
2026-02-20 09:00:00,41.86671636346525
2026-02-20 09:05:00,28.75542953508495
2026-02-20 09:10:00,36.48274441674648
2026-02-20 09:15:00,35.71041417125089
2026-02-20 09:20:00,28.70274551255794
2026-02-20 09:25:00,35.325334777846116
2026-02-20 09:30:00,27.122674553756774
2026-02-20 09:35:00,33.76720534284117
2026-02-20 09:40:00,43.11958697295803
2026-02-20 09:45:00,26.717856455747153
2026-02-20 09:50:00,43.56346391954015
2026-02-20 09:55:00,38.77961010439743
2026-02-20 10:00:00,51.29648719711526
2026-02-20 10:05:00,50.40749333045123
2026-02-20 10:10:00,59.2395115945645
2026-02-20 10:15:00,50.013341484775566
2026-02-20 10:20:00,52.922490596575116
2026-02-20 10:25:00,54.21849351506044
2026-02-20 10:30:00,61.816693597462034
2026-02-20 10:35:00,55.02563003760773
2026-02-20 10:40:00,64.07910303831909
2026-02-20 10:45:00,52.00747062197073
2026-02-20 10:50:00,51.50723102788183
2026-02-20 10:55:00,58.24193605473683
2026-02-20 11:00:00,56.1508382624502
2026-02-20 11:05:00,56.19547045304623
2026-02-20 11:10:00,52.81077250707446
2026-02-20 11:15:00,58.418609395222404
2026-02-20 11:20:00,54.80465090485576
2026-02-20 11:25:00,48.988843744737096
2026-02-20 11:30:00,50.01770587333743
2026-02-20 11:35:00,52.57142324772011
2026-02-20 11:40:00,43.65198423432244
2026-02-20 11:45:00,60.35599135714256
2026-02-20 11:50:00,53.177746871906024
2026-02-20 11:55:00,52.94533752583189
2026-02-20 12:00:00,47.76065350538607
2026-02-20 12:05:00,51.207060446203045
2026-02-20 12:10:00,51.72244400298645
2026-02-20 12:15:00,56.66490677932208
2026-02-20 12:20:00,62.11768901300805
2026-02-20 12:25:00,48.57064414764614
2026-02-20 12:30:00,52.72692696446305
2026-02-20 12:35:00,56.11451079485319
2026-02-20 12:40:00,53.20006406017809
2026-02-20 12:45:00,55.901572148292686
2026-02-20 12:50:00,59.836648988999414
2026-02-20 12:55:00,62.27228349299
2026-02-20 13:00:00,53.155493684771464
2026-02-20 13:05:00,60.1425847350908
2026-02-20 13:10:00,56.1411960672874
2026-02-20 13:15:00,52.277476391928424
2026-02-20 13:20:00,51.92910469577016
2026-02-20 13:25:00,44.310958031992335
2026-02-20 13:30:00,53.49149771155276
2026-02-20 13:35:00,53.840160278295855
2026-02-20 13:40:00,58.0926605051303
2026-02-20 13:45:00,51.683915898310715
2026-02-20 13:50:00,51.782381049152995
2026-02-20 13:55:00,63.142570904768036
2026-02-20 14:00:00,48.37434594094213
2026-02-20 14:05:00,58.46564277554397
2026-02-20 14:10:00,58.423347868909275
2026-02-20 14:15:00,54.52174911470379
2026-02-20 14:20:00,58.565820298738664
2026-02-20 14:25:00,53.01653431282112
2026-02-20 14:30:00,63.99839982299488
2026-02-20 14:35:00,57.999632976207316
2026-02-20 14:40:00,57.438450714101265
2026-02-20 14:45:00,61.26719805119521
2026-02-20 14:50:00,59.496509445900095
2026-02-20 14:55:00,56.46591988048703
2026-02-20 15:00:00,58.927752913642266
2026-02-20 15:05:00,51.763819030291145
2026-02-20 15:10:00,53.08385884606534
2026-02-20 15:15:00,51.786871489199655
2026-02-20 15:20:00,51.72550525285805
2026-02-20 15:25:00,49.79851329735796
2026-02-20 15:30:00,60.53305498372025
2026-02-20 15:35:00,55.491565766435805
2026-02-20 15:40:00,57.23773802961995
2026-02-20 15:45:00,53.91960037671591
2026-02-20 15:50:00,53.6051004605898
2026-02-20 15:55:00,51.71427253402714
2026-02-20 16:00:00,17.69411307974547
2026-02-20 16:05:00,41.16270162072177
2026-02-20 16:10:00,23.604809476307622
2026-02-20 16:15:00,24.439007119914812
2026-02-20 16:20:00,35.84347225384388
2026-02-20 16:25:00,33.224591076499706
2026-02-20 16:30:00,23.426442931032078
2026-02-20 16:35:00,34.722100614110516
2026-02-20 16:40:00,31.943952873987882
2026-02-20 16:45:00,29.75232454053572
2026-02-20 16:50:00,28.06364764105346
2026-02-20 16:55:00,29.80135112241082
2026-02-20 17:00:00,24.864244323072572
2026-02-20 17:05:00,29.018766493895804
2026-02-20 17:10:00,20.49011294931377
2026-02-20 17:15:00,38.31844394772707
2026-02-20 17:20:00,42.05053284715872
2026-02-20 17:25:00,20.878895324826225
2026-02-20 17:30:00,21.91841537876498
2026-02-20 17:35:00,23.39229663351869
2026-02-20 17:40:00,21.13561523975361
2026-02-20 17:45:00,34.272588082167495
2026-02-20 17:50:00,32.162206052640904
2026-02-20 17:55:00,35.86534555145245
2026-02-20 18:00:00,23.670504308954726
2026-02-20 18:05:00,20.949439149198916
2026-02-20 18:10:00,31.372277845172295
2026-02-20 18:15:00,24.010894617957987
2026-02-20 18:20:00,30.141733117680555
2026-02-20 18:25:00,34.33341662750603
2026-02-20 18:30:00,23.33096361078312
2026-02-20 18:35:00,24.995164496160477
2026-02-20 18:40:00,41.6342547839313
2026-02-20 18:45:00,37.01669378139311
2026-02-20 18:50:00,26.84722808230867
2026-02-20 18:55:00,26.039487966982893
2026-02-20 19:00:00,36.207263554757674
2026-02-20 19:05:00,20.4884443907969
2026-02-20 19:10:00,21.553946679781614
2026-02-20 19:15:00,39.05717913056397
2026-02-20 19:20:00,30.817726278330664
2026-02-20 19:25:00,25.506095396214477
2026-02-20 19:30:00,19.63455642988847
2026-02-20 19:35:00,22.891994152882063
2026-02-20 19:40:00,24.30464603667229
2026-02-20 19:45:00,24.536457115899683
2026-02-20 19:50:00,24.906973570903936
2026-02-20 19:55:00,33.06425583397938
2026-02-20 20:00:00,61.74728941354547
2026-02-20 20:05:00,63.17628949407216
2026-02-20 20:10:00,68.04079627657498
2026-02-20 20:15:00,65.59570230747427
2026-02-20 20:20:00,66.96685061201005
2026-02-20 20:25:00,66.51277460431368
2026-02-20 20:30:00,66.32221523377137
2026-02-20 20:35:00,61.18009759617606
2026-02-20 20:40:00,71.29490641560109
2026-02-20 20:45:00,65.42706604571856
2026-02-20 20:50:00,62.92343961243643
2026-02-20 20:55:00,67.14717037641489
2026-02-20 21:00:00,66.80377841446182
2026-02-20 21:05:00,63.60760180329019
2026-02-20 21:10:00,70.27918758566643
2026-02-20 21:15:00,66.47167488520765
2026-02-20 21:20:00,66.39104454931
2026-02-20 21:25:00,66.86845038450808
2026-02-20 21:30:00,64.3880014741752
2026-02-20 21:35:00,65.8279592708164
2026-02-20 21:40:00,66.15882554673875
2026-02-20 21:45:00,63.93778179109021
2026-02-20 21:50:00,60.05366039341829
2026-02-20 21:55:00,63.269596948990646
2026-02-20 22:00:00,70.37216382960149
2026-02-20 22:05:00,64.15162771974877
2026-02-20 22:10:00,64.1800866772417
2026-02-20 22:15:00,65.60518953719146
2026-02-20 22:20:00,63.82155772997727
2026-02-20 22:25:00,67.38119942500485
2026-02-20 22:30:00,63.04613196588811
2026-02-20 22:35:00,67.36431943307157
2026-02-20 22:40:00,66.50926882373402
2026-02-20 22:45:00,64.50463953080376
2026-02-20 22:50:00,63.07814805010526
2026-02-20 22:55:00,71.84863099979715
2026-02-20 23:00:00,65.4686056882235
2026-02-20 23:05:00,64.98953037576325
2026-02-20 23:10:00,68.67378681864197
2026-02-20 23:15:00,61.05792177292952
2026-02-20 23:20:00,63.95538462941341
2026-02-20 23:25:00,68.24983244430855
2026-02-20 23:30:00,67.05351369208276
2026-02-20 23:35:00,63.2037260906626
2026-02-20 23:40:00,59.56738716412184
2026-02-20 23:45:00,65.60403639806646
2026-02-20 23:50:00,67.04745189594895
2026-02-20 23:55:00,65.1940258734911
2026-02-21 00:00:00,66.62913695425043
2026-02-21 00:05:00,63.7021153946121
2026-02-21 00:10:00,65.11728652151962
2026-02-21 00:15:00,68.22730242176533
2026-02-21 00:20:00,67.26701861900196
2026-02-21 00:25:00,67.2249570094302
2026-02-21 00:30:00,68.42867011192138
2026-02-21 00:35:00,64.69554766455478
2026-02-21 00:40:00,60.44603946138005
2026-02-21 00:45:00,69.30061409125932
2026-02-21 00:50:00,68.32060130214467
2026-02-21 00:55:00,66.78500849337074
2026-02-21 01:00:00,66.75630555822816
2026-02-21 01:05:00,64.59822899357899
2026-02-21 01:10:00,62.448876928267076
2026-02-21 01:15:00,66.32335999007104
2026-02-21 01:20:00,65.11935944336805
2026-02-21 01:25:00,71.31482651688096
2026-02-21 01:30:00,64.08239575592826
2026-02-21 01:35:00,66.3243143654614
2026-02-21 01:40:00,63.882603098469254
2026-02-21 01:45:00,68.79232622077164
2026-02-21 01:50:00,68.08283279554183
2026-02-21 01:55:00,60.563961134876976
2026-02-21 02:00:00,66.7700108257964
2026-02-21 02:05:00,66.60559454153422
2026-02-21 02:10:00,67.80326964405451
2026-02-21 02:15:00,63.38335178806552
2026-02-21 02:20:00,57.77313018963432
2026-02-21 02:25:00,62.154490905248245
2026-02-21 02:30:00,67.80191486210624
2026-02-21 02:35:00,66.09102214224461
2026-02-21 02:40:00,67.00481231094173
2026-02-21 02:45:00,62.42273245402141
2026-02-21 02:50:00,67.78303939396713
2026-02-21 02:55:00,66.07071431694237
2026-02-21 03:00:00,62.817207646730225
2026-02-21 03:05:00,64.39237598285986
2026-02-21 03:10:00,67.03695092337381
2026-02-21 03:15:00,64.1738485385154
2026-02-21 03:20:00,71.47841031680669
2026-02-21 03:25:00,64.1692144325655
2026-02-21 03:30:00,62.280529756857725
2026-02-21 03:35:00,63.22029089105886
2026-02-21 03:40:00,67.31646878724786
2026-02-21 03:45:00,64.14255674724994
2026-02-21 03:50:00,62.87677055712571
2026-02-21 03:55:00,65.7368516482753
2026-02-21 04:00:00,61.71384013982042
2026-02-21 04:05:00,54.22470861971361
2026-02-21 04:10:00,61.5129265574963
2026-02-21 04:15:00,63.46965611018816
2026-02-21 04:20:00,64.67960678492453
2026-02-21 04:25:00,62.87555613563829
2026-02-21 04:30:00,62.41448670476115
2026-02-21 04:35:00,64.46501940102968
2026-02-21 04:40:00,67.89327770117916
2026-02-21 04:45:00,70.03423877994206
2026-02-21 04:50:00,64.35315063929964
2026-02-21 04:55:00,60.19351188486441
2026-02-21 05:00:00,59.62966630136778
2026-02-21 05:05:00,68.0676718270217
2026-02-21 05:10:00,64.863414909244
2026-02-21 05:15:00,65.13249211341444
2026-02-21 05:20:00,68.16036156707383
2026-02-21 05:25:00,59.86337257786997
2026-02-21 05:30:00,66.76800144159182
2026-02-21 05:35:00,70.27055536997302
2026-02-21 05:40:00,66.80265330987355
2026-02-21 05:45:00,70.8565516903688
2026-02-21 05:50:00,64.77842089947912
2026-02-21 05:55:00,60.288168602903134
2026-02-21 06:00:00,63.5018446135222
2026-02-21 06:05:00,63.35899760068678
2026-02-21 06:10:00,59.87365847226077
2026-02-21 06:15:00,66.90481614400832
2026-02-21 06:20:00,66.37217889190882
2026-02-21 06:25:00,62.49370616640789
2026-02-21 06:30:00,61.66086877731945
2026-02-21 06:35:00,63.781050346331014
2026-02-21 06:40:00,62.35191616448972
2026-02-21 06:45:00,65.49048199287942
2026-02-21 06:50:00,66.26404648978244
2026-02-21 06:55:00,64.59880220201957
2026-02-21 07:00:00,65.9661333247493
2026-02-21 07:05:00,69.11953628115954
2026-02-21 07:10:00,62.59443959913223
2026-02-21 07:15:00,66.71046985906536
2026-02-21 07:20:00,66.8526779801826
2026-02-21 07:25:00,66.58076988156894
2026-02-21 07:30:00,63.208504634534464
2026-02-21 07:35:00,67.33357896300001
2026-02-21 07:40:00,61.66126532134068
2026-02-21 07:45:00,63.410171702283485
2026-02-21 07:50:00,71.1031206553669
2026-02-21 07:55:00,65.52050043737792
2026-02-21 08:00:00,66.38773970731452
2026-02-21 08:05:00,68.34061001132345
2026-02-21 08:10:00,65.04212653617651
2026-02-21 08:15:00,65.44842131765414
2026-02-21 08:20:00,65.50583364655164
2026-02-21 08:25:00,63.022043467902655
2026-02-21 08:30:00,62.55994299377213
2026-02-21 08:35:00,60.53320009731381
2026-02-21 08:40:00,59.78124514016078
2026-02-21 08:45:00,58.89629833304417
2026-02-21 08:50:00,66.84033846733905
2026-02-21 08:55:00,60.59977067821528
2026-02-21 09:00:00,69.04052339992315
2026-02-21 09:05:00,65.45663119849803
2026-02-21 09:10:00,64.58868050439597
2026-02-21 09:15:00,60.96199890360225
2026-02-21 09:20:00,67.13150933190077
2026-02-21 09:25:00,63.87714981649496
2026-02-21 09:30:00,62.702840071877674
2026-02-21 09:35:00,62.61591404341805
2026-02-21 09:40:00,65.4351643054908
2026-02-21 09:45:00,67.18553108012605
2026-02-21 09:50:00,68.28143666775085
2026-02-21 09:55:00,64.42740680473268
2026-02-21 10:00:00,61.445978395032235
2026-02-21 10:05:00,61.838124336260165
2026-02-21 10:10:00,70.33140893834819
2026-02-21 10:15:00,64.8827729938237
2026-02-21 10:20:00,66.51458568905826
2026-02-21 10:25:00,64.38921313993923
2026-02-21 10:30:00,66.42018297070672
2026-02-21 10:35:00,62.5343705362462
2026-02-21 10:40:00,66.68392587890052
2026-02-21 10:45:00,67.35933732902338
2026-02-21 10:50:00,68.53159103213333
2026-02-21 10:55:00,65.51373708526751
2026-02-21 11:00:00,53.12693110701056
2026-02-21 11:05:00,53.931676784867356
2026-02-21 11:10:00,48.389307366774766
2026-02-21 11:15:00,49.99077401268902
2026-02-21 11:20:00,42.819507751170846
2026-02-21 11:25:00,54.55009791931532
2026-02-21 11:30:00,46.104921115144094
2026-02-21 11:35:00,47.666334520939
2026-02-21 11:40:00,48.19291475198123
2026-02-21 11:45:00,51.01164307846195
2026-02-21 11:50:00,49.511647874810535
2026-02-21 11:55:00,50.609446810223474
2026-02-21 12:00:00,51.32727218566271
2026-02-21 12:05:00,47.49513897315262
2026-02-21 12:10:00,47.832335735694905
2026-02-21 12:15:00,47.93469851176241
2026-02-21 12:20:00,55.70827102751775
2026-02-21 12:25:00,50.786013843794045
2026-02-21 12:30:00,51.188892273069065
2026-02-21 12:35:00,43.32046264245949
2026-02-21 12:40:00,49.18963900236759
2026-02-21 12:45:00,52.98277789915751
2026-02-21 12:50:00,52.87841723865752
2026-02-21 12:55:00,40.98880020569068
2026-02-21 13:00:00,46.36382481849623
2026-02-21 13:05:00,47.39006193004093
2026-02-21 13:10:00,54.355054084744395
2026-02-21 13:15:00,47.188577678197944
2026-02-21 13:20:00,50.80142393790207
2026-02-21 13:25:00,53.685885179765194
2026-02-21 13:30:00,50.07016431302956
2026-02-21 13:35:00,55.95142836053429
2026-02-21 13:40:00,42.95921467827715
2026-02-21 13:45:00,51.0932313794398
2026-02-21 13:50:00,49.238911991381414
2026-02-21 13:55:00,42.5531825455651
2026-02-21 14:00:00,47.165871214647815
2026-02-21 14:05:00,45.44467243577735
2026-02-21 14:10:00,55.638967237297784
2026-02-21 14:15:00,48.740199236627454
2026-02-21 14:20:00,53.082214329892246
2026-02-21 14:25:00,55.56426909643993
2026-02-21 14:30:00,49.23604917388249
2026-02-21 14:35:00,45.033275651472664
2026-02-21 14:40:00,54.74556429511843
2026-02-21 14:45:00,51.749253039771425
2026-02-21 14:50:00,52.03982734817005
2026-02-21 14:55:00,47.4710279407725
2026-02-21 15:00:00,42.943802849476825
2026-02-21 15:05:00,50.313912696899074
2026-02-21 15:10:00,52.73015522292181
2026-02-21 15:15:00,44.13757974630285
2026-02-21 15:20:00,51.77649540339966
2026-02-21 15:25:00,47.65559969249143
2026-02-21 15:30:00,51.794512988226124
2026-02-21 15:35:00,45.85184506516077
2026-02-21 15:40:00,52.381982088385485
2026-02-21 15:45:00,46.09121409835126
2026-02-21 15:50:00,46.929799068433645
2026-02-21 15:55:00,45.05110140710112
2026-02-21 16:00:00,65.4506997645965
2026-02-21 16:05:00,61.40288753202771
2026-02-21 16:10:00,67.81291887483368
2026-02-21 16:15:00,65.45990335491379
2026-02-21 16:20:00,65.1412456159443
2026-02-21 16:25:00,63.03002730457403
2026-02-21 16:30:00,63.06309979722187
2026-02-21 16:35:00,62.879854357606604
2026-02-21 16:40:00,64.95817824629846
2026-02-21 16:45:00,62.79472736283664
2026-02-21 16:50:00,66.6550314616309
2026-02-21 16:55:00,63.62710591566439
2026-02-21 17:00:00,69.02134507960324
2026-02-21 17:05:00,70.39668381117119
2026-02-21 17:10:00,60.00680145735612
2026-02-21 17:15:00,65.07908940404965
2026-02-21 17:20:00,69.38005632769566
2026-02-21 17:25:00,59.642933704711496
2026-02-21 17:30:00,63.289366547336996
2026-02-21 17:35:00,62.72838197610239
2026-02-21 17:40:00,67.92406061405944
2026-02-21 17:45:00,64.35252800144498
2026-02-21 17:50:00,58.72011116433142
2026-02-21 17:55:00,64.42932900311835
2026-02-21 18:00:00,68.48604628283725
2026-02-21 18:05:00,69.89554789066591
2026-02-21 18:10:00,63.029346005446754
2026-02-21 18:15:00,65.67233910060597
2026-02-21 18:20:00,63.26423964990397
2026-02-21 18:25:00,67.14598941575471
2026-02-21 18:30:00,66.45728376265146
2026-02-21 18:35:00,70.19705438349422
2026-02-21 18:40:00,70.22021276327986
2026-02-21 18:45:00,68.7481084001627
2026-02-21 18:50:00,63.143266526055385
2026-02-21 18:55:00,65.60164904363985
2026-02-21 19:00:00,67.69833545676794
2026-02-21 19:05:00,60.95434304634091
2026-02-21 19:10:00,65.22974973082415
2026-02-21 19:15:00,62.18125118629877
2026-02-21 19:20:00,57.84686559734301
2026-02-21 19:25:00,66.66809790853779
2026-02-21 19:30:00,63.936033730628466
2026-02-21 19:35:00,61.24097306659876
2026-02-21 19:40:00,59.20764088068324
2026-02-21 19:45:00,70.04393859600246
2026-02-21 19:50:00,63.13570031775431
2026-02-21 19:55:00,68.94006846036636
2026-02-21 20:00:00,65.10431245972677
2026-02-21 20:05:00,71.29621050440643
2026-02-21 20:10:00,67.85236828425636
2026-02-21 20:15:00,57.69618339790259
2026-02-21 20:20:00,69.66602607184676
2026-02-21 20:25:00,64.64103580607268
2026-02-21 20:30:00,64.85138183152962
2026-02-21 20:35:00,64.91450553012712
2026-02-21 20:40:00,68.89992445692423
2026-02-21 20:45:00,66.66645641977568
2026-02-21 20:50:00,57.41125689807424
2026-02-21 20:55:00,68.08919230764616
2026-02-21 21:00:00,60.77680286752541
2026-02-21 21:05:00,67.47650643751575
2026-02-21 21:10:00,62.514048406770485
2026-02-21 21:15:00,60.48926226340295
2026-02-21 21:20:00,64.86560106268536
2026-02-21 21:25:00,68.66955319611779
2026-02-21 21:30:00,66.57063608656128
2026-02-21 21:35:00,61.106677522696174
2026-02-21 21:40:00,64.27310770502325
2026-02-21 21:45:00,63.08759106166068
2026-02-21 21:50:00,59.777724873707434
2026-02-21 21:55:00,59.101493253970446
2026-02-21 22:00:00,59.53528121910274
2026-02-21 22:05:00,67.33573620455121
2026-02-21 22:10:00,61.32569848491252
2026-02-21 22:15:00,59.467873584436035
2026-02-21 22:20:00,65.98209379000464
2026-02-21 22:25:00,59.61372278289389
2026-02-21 22:30:00,63.13315873861743
2026-02-21 22:35:00,69.07543108503164
2026-02-21 22:40:00,61.69994003695248
2026-02-21 22:45:00,63.244503992274716
2026-02-21 22:50:00,69.03627810601701
2026-02-21 22:55:00,67.48408729964443
2026-02-21 23:00:00,64.27286802238336
2026-02-21 23:05:00,61.089233296989995
2026-02-21 23:10:00,62.515846356296116
2026-02-21 23:15:00,66.07479790881064
2026-02-21 23:20:00,59.67081892033956
2026-02-21 23:25:00,69.58963829853607
2026-02-21 23:30:00,65.74784404055515
2026-02-21 23:35:00,62.9235491268926
2026-02-21 23:40:00,64.76620872258974
2026-02-21 23:45:00,66.16698583829555
2026-02-21 23:50:00,64.08542568153531
2026-02-21 23:55:00,69.71185061567563
2026-02-22 00:00:00,60.65371255467814
2026-02-22 00:05:00,63.65312051745833
2026-02-22 00:10:00,69.30517108450132
2026-02-22 00:15:00,68.70446604873683
2026-02-22 00:20:00,64.14952530878294
2026-02-22 00:25:00,61.52387819605542
2026-02-22 00:30:00,67.8073401706536
2026-02-22 00:35:00,65.62465680881142
2026-02-22 00:40:00,62.68260253707783
2026-02-22 00:45:00,66.62680181446916
2026-02-22 00:50:00,58.995034248715285
2026-02-22 00:55:00,68.49433713124746
2026-02-22 01:00:00,65.85121385549806
2026-02-22 01:05:00,64.09997856907414
2026-02-22 01:10:00,64.29658746021168
2026-02-22 01:15:00,63.24890735704423
2026-02-22 01:20:00,62.55077435513182
2026-02-22 01:25:00,64.89389842359292
2026-02-22 01:30:00,60.72013332121169
2026-02-22 01:35:00,65.03585899970456
2026-02-22 01:40:00,65.35483185372769
2026-02-22 01:45:00,66.38133920921165
2026-02-22 01:50:00,61.5649051625648
2026-02-22 01:55:00,69.07508052836582
2026-02-22 02:00:00,60.32092878223728
2026-02-22 02:05:00,65.64773043041721
2026-02-22 02:10:00,61.43579616847099
2026-02-22 02:15:00,60.34346735564897
2026-02-22 02:20:00,65.58053595293259
2026-02-22 02:25:00,68.33498250415
2026-02-22 02:30:00,66.10804280996055
2026-02-22 02:35:00,64.76209024036278
2026-02-22 02:40:00,64.92310509045261
2026-02-22 02:45:00,64.9650788676098
2026-02-22 02:50:00,66.96854382554676
2026-02-22 02:55:00,63.72718472740589
2026-02-22 03:00:00,61.747474938710596
2026-02-22 03:05:00,61.990736415766875
2026-02-22 03:10:00,71.71141509284996
2026-02-22 03:15:00,62.78121125633321
2026-02-22 03:20:00,63.41616562050671
2026-02-22 03:25:00,66.96178009161576
2026-02-22 03:30:00,66.43959943915137
2026-02-22 03:35:00,58.60612337340514
2026-02-22 03:40:00,63.13326043374304
2026-02-22 03:45:00,61.03619696076935
2026-02-22 03:50:00,66.86325223189125
2026-02-22 03:55:00,66.38206240068466
2026-02-22 04:00:00,60.825812134976665
2026-02-22 04:05:00,62.21245505025713
2026-02-22 04:10:00,59.868215802991756
2026-02-22 04:15:00,64.56217415616399
2026-02-22 04:20:00,65.38558139986954
2026-02-22 04:25:00,71.03181433726697
2026-02-22 04:30:00,58.65569050070063
2026-02-22 04:35:00,66.60992930364218
2026-02-22 04:40:00,69.49065884037454
2026-02-22 04:45:00,65.62141281591893
2026-02-22 04:50:00,71.52794396077044
2026-02-22 04:55:00,68.2107824521442
2026-02-22 05:00:00,63.50722963724094
2026-02-22 05:05:00,65.47057908812145
2026-02-22 05:10:00,62.97937364452943
2026-02-22 05:15:00,63.12051819567335
2026-02-22 05:20:00,68.72868544459702
2026-02-22 05:25:00,64.58601454373472
2026-02-22 05:30:00,64.78482505489838
2026-02-22 05:35:00,65.47506024241692
2026-02-22 05:40:00,65.86295396827579
2026-02-22 05:45:00,59.64724395921043
2026-02-22 05:50:00,62.79824707602208
2026-02-22 05:55:00,69.41028890080207
2026-02-22 06:00:00,66.10468857985705
2026-02-22 06:05:00,70.06896819354586
2026-02-22 06:10:00,68.19759951523102
2026-02-22 06:15:00,61.47631021199783
2026-02-22 06:20:00,65.65145428208915
2026-02-22 06:25:00,65.13832533466648
2026-02-22 06:30:00,68.80685283253482
2026-02-22 06:35:00,61.91211940190024
2026-02-22 06:40:00,65.19038470061683
2026-02-22 06:45:00,65.23665663127719
2026-02-22 06:50:00,64.83811899240753
2026-02-22 06:55:00,62.31010895265902
2026-02-22 07:00:00,64.00044394042149
2026-02-22 07:05:00,57.41696770579037
2026-02-22 07:10:00,61.856237800084564
2026-02-22 07:15:00,67.46709823154204
2026-02-22 07:20:00,68.85770343684062
2026-02-22 07:25:00,67.81387174684747
2026-02-22 07:30:00,60.526834810221324
2026-02-22 07:35:00,63.45348722421537
2026-02-22 07:40:00,67.34347763071409
2026-02-22 07:45:00,64.62786596106989
2026-02-22 07:50:00,60.57210547535444
2026-02-22 07:55:00,61.084226249636714
2026-02-22 08:00:00,62.90695565584238
2026-02-22 08:05:00,68.38377763654083
2026-02-22 08:10:00,67.85028359474292
2026-02-22 08:15:00,64.96734824598721
2026-02-22 08:20:00,62.735110089916205
2026-02-22 08:25:00,62.69848939139571
2026-02-22 08:30:00,66.68215298751005
2026-02-22 08:35:00,63.0027053991877
2026-02-22 08:40:00,63.472134987445635
2026-02-22 08:45:00,63.11164601732897
2026-02-22 08:50:00,63.96223549064547
2026-02-22 08:55:00,66.25168725390263
2026-02-22 09:00:00,71.19663822880831
2026-02-22 09:05:00,66.79764059112205
2026-02-22 09:10:00,65.7273279647157
2026-02-22 09:15:00,63.66176579661499
2026-02-22 09:20:00,63.413699851954824
2026-02-22 09:25:00,66.68369145174591
2026-02-22 09:30:00,60.57282533458507
2026-02-22 09:35:00,63.26937020308464
2026-02-22 09:40:00,63.489937850205905
2026-02-22 09:45:00,65.10895495780612
2026-02-22 09:50:00,62.2436231810843
2026-02-22 09:55:00,64.41736818492485
2026-02-22 10:00:00,69.50176868001726
2026-02-22 10:05:00,62.56413585858902
2026-02-22 10:10:00,63.56653310779003
2026-02-22 10:15:00,69.39472319524549
2026-02-22 10:20:00,61.3305655734941
2026-02-22 10:25:00,64.31616166890994
2026-02-22 10:30:00,70.576846265061
2026-02-22 10:35:00,68.7042987804349
2026-02-22 10:40:00,68.94539223986064
2026-02-22 10:45:00,61.64197890708764
2026-02-22 10:50:00,62.89388997911239
2026-02-22 10:55:00,66.05485175711895
2026-02-22 11:00:00,49.191568389460166
2026-02-22 11:05:00,53.51218657615554
2026-02-22 11:10:00,47.97266501990535
2026-02-22 11:15:00,58.824778797727
2026-02-22 11:20:00,46.07569731878793
2026-02-22 11:25:00,51.37289697046337
2026-02-22 11:30:00,58.34732826626972
2026-02-22 11:35:00,43.18154428062925
2026-02-22 11:40:00,52.1583419650798
2026-02-22 11:45:00,53.24470022112938
2026-02-22 11:50:00,51.41259829864258
2026-02-22 11:55:00,53.74496387402294
2026-02-22 12:00:00,51.91234810847993
2026-02-22 12:05:00,51.201439752465305
2026-02-22 12:10:00,45.86389637678407
2026-02-22 12:15:00,48.17890800176415
2026-02-22 12:20:00,47.247673932216344
2026-02-22 12:25:00,49.93755361320346
2026-02-22 12:30:00,56.89067695010942
2026-02-22 12:35:00,50.67313490623782
2026-02-22 12:40:00,52.69072436688563
2026-02-22 12:45:00,50.36595577573335
2026-02-22 12:50:00,41.25183369856021
2026-02-22 12:55:00,52.77341397149992
2026-02-22 13:00:00,46.23397686327991
2026-02-22 13:05:00,46.59218010699459
2026-02-22 13:10:00,54.237937785068326
2026-02-22 13:15:00,53.682954719180266
2026-02-22 13:20:00,48.27983975866542
2026-02-22 13:25:00,50.26691822274357
2026-02-22 13:30:00,57.502494068355915
2026-02-22 13:35:00,45.874630141460386
2026-02-22 13:40:00,52.99540910210107
2026-02-22 13:45:00,55.13556607132423
2026-02-22 13:50:00,48.49731905723046
2026-02-22 13:55:00,50.24629722522198
2026-02-22 14:00:00,53.8960476393294
2026-02-22 14:05:00,48.4852065272318
2026-02-22 14:10:00,49.96754177228709
2026-02-22 14:15:00,49.758640549570195
2026-02-22 14:20:00,46.12361525435926
2026-02-22 14:25:00,42.441181100772745
2026-02-22 14:30:00,51.024118375593496
2026-02-22 14:35:00,56.920912629731596
2026-02-22 14:40:00,49.69124590845109
2026-02-22 14:45:00,50.641962903362746
2026-02-22 14:50:00,46.58295330315212
2026-02-22 14:55:00,49.95563890928444
2026-02-22 15:00:00,46.898116599473234
2026-02-22 15:05:00,50.15305656222594
2026-02-22 15:10:00,51.25407119712402
2026-02-22 15:15:00,44.23724448558653
2026-02-22 15:20:00,47.03781885226204
2026-02-22 15:25:00,48.96206049440222
2026-02-22 15:30:00,53.26783622728624
2026-02-22 15:35:00,51.8619881872222
2026-02-22 15:40:00,50.34940343775619
2026-02-22 15:45:00,53.562858878350646
2026-02-22 15:50:00,52.213263759392696
2026-02-22 15:55:00,51.388143241236754
2026-02-22 16:00:00,63.04740284483101
2026-02-22 16:05:00,62.10267843232263
2026-02-22 16:10:00,68.53941839977915
2026-02-22 16:15:00,62.69652881612422
2026-02-22 16:20:00,63.00844372957125
2026-02-22 16:25:00,63.57090745210789
2026-02-22 16:30:00,62.53138960636876
2026-02-22 16:35:00,66.71168300788298
2026-02-22 16:40:00,65.26082399092644
2026-02-22 16:45:00,66.35681451313476
2026-02-22 16:50:00,62.79574047562561
2026-02-22 16:55:00,65.12938252508913
2026-02-22 17:00:00,70.46685224573227
2026-02-22 17:05:00,66.12431706530174
2026-02-22 17:10:00,64.2418372545424
2026-02-22 17:15:00,64.10450048483919
2026-02-22 17:20:00,69.8477066652165
2026-02-22 17:25:00,66.04800310392679
2026-02-22 17:30:00,66.5006750769578
2026-02-22 17:35:00,64.27125086875003
2026-02-22 17:40:00,67.41621988490412
2026-02-22 17:45:00,64.35810824827982
2026-02-22 17:50:00,66.82813768707025
2026-02-22 17:55:00,62.88837332485776
2026-02-22 18:00:00,59.37036404540369
2026-02-22 18:05:00,57.939684457715735
2026-02-22 18:10:00,65.87764539859857
2026-02-22 18:15:00,61.14788127347187
2026-02-22 18:20:00,61.33299575235823
2026-02-22 18:25:00,65.35918144042483
2026-02-22 18:30:00,63.87188242994741
2026-02-22 18:35:00,70.00217168224322
2026-02-22 18:40:00,65.69568450583378
2026-02-22 18:45:00,66.07447243650807
2026-02-22 18:50:00,68.42303077019251
2026-02-22 18:55:00,57.014705301875054
2026-02-22 19:00:00,65.33680417620555
2026-02-22 19:05:00,65.473116911706
2026-02-22 19:10:00,61.176460598131634
2026-02-22 19:15:00,63.83153240449947
2026-02-22 19:20:00,63.08325604549995
2026-02-22 19:25:00,63.48623327536979
2026-02-22 19:30:00,63.57677408431909
2026-02-22 19:35:00,63.03872629350192
2026-02-22 19:40:00,70.66530139957716
2026-02-22 19:45:00,67.17439103843282
2026-02-22 19:50:00,65.27400015837345
2026-02-22 19:55:00,64.48381804662051
2026-02-22 20:00:00,63.974759333221286
2026-02-22 20:05:00,66.43719663709427
2026-02-22 20:10:00,66.17487546724348
2026-02-22 20:15:00,64.14787244512281
2026-02-22 20:20:00,61.622155221705974
2026-02-22 20:25:00,67.8471930383327
2026-02-22 20:30:00,67.39091760755439
2026-02-22 20:35:00,64.41902230023051
2026-02-22 20:40:00,58.38090684892249
2026-02-22 20:45:00,61.322875911399954
2026-02-22 20:50:00,67.97738013795143
2026-02-22 20:55:00,65.50500374941697
2026-02-22 21:00:00,66.37340702539703
2026-02-22 21:05:00,64.71780442801
2026-02-22 21:10:00,63.06844829813493
2026-02-22 21:15:00,63.88938062878164
2026-02-22 21:20:00,59.47203552859917
2026-02-22 21:25:00,63.87526007808907
2026-02-22 21:30:00,63.61943819181155
2026-02-22 21:35:00,62.00766809720809
2026-02-22 21:40:00,67.45368273832295
2026-02-22 21:45:00,65.2739424760774
2026-02-22 21:50:00,63.53865570504824
2026-02-22 21:55:00,62.35808669949247
2026-02-22 22:00:00,66.33148324290437
2026-02-22 22:05:00,64.01211009027973
2026-02-22 22:10:00,60.56481090963
2026-02-22 22:15:00,67.74943626023958
2026-02-22 22:20:00,67.33258467975823
2026-02-22 22:25:00,67.4974283881183
2026-02-22 22:30:00,62.51264983563412
2026-02-22 22:35:00,62.14379660911927
2026-02-22 22:40:00,72.16264725174628
2026-02-22 22:45:00,62.191277245201796
2026-02-22 22:50:00,62.921025279166074
2026-02-22 22:55:00,62.821363000268974
2026-02-22 23:00:00,63.71555408756092
2026-02-22 23:05:00,69.23755286959435
2026-02-22 23:10:00,68.10537820087006
2026-02-22 23:15:00,67.07494460365209
2026-02-22 23:20:00,62.97248955376495
2026-02-22 23:25:00,62.39996469495074
2026-02-22 23:30:00,60.3333626480517
2026-02-22 23:35:00,66.85702908706368
2026-02-22 23:40:00,70.07338820975616
2026-02-22 23:45:00,64.71840509433105
2026-02-22 23:50:00,63.636456029689334
2026-02-22 23:55:00,63.11396016651254
2026-02-23 00:00:00,67.8925554399515
2026-02-23 00:05:00,64.17458901958692
2026-02-23 00:10:00,66.60626613319904
2026-02-23 00:15:00,66.38390289935771
2026-02-23 00:20:00,66.31336618023745
2026-02-23 00:25:00,66.48726973684012
2026-02-23 00:30:00,65.1790383883382
2026-02-23 00:35:00,59.189487348582595
2026-02-23 00:40:00,61.683474122848494
2026-02-23 00:45:00,67.51251165481361
2026-02-23 00:50:00,62.002453348498506
2026-02-23 00:55:00,66.29386129597297
2026-02-23 01:00:00,64.06842858405582
2026-02-23 01:05:00,67.20764601922319
2026-02-23 01:10:00,66.41620515710039
2026-02-23 01:15:00,60.531608288308696
2026-02-23 01:20:00,61.85348003848954
2026-02-23 01:25:00,63.65207481934372
2026-02-23 01:30:00,64.6921006960763
2026-02-23 01:35:00,63.113711609165726
2026-02-23 01:40:00,57.65850779537767
2026-02-23 01:45:00,64.16141325079096
2026-02-23 01:50:00,67.34534837297308
2026-02-23 01:55:00,68.6612066100462
2026-02-23 02:00:00,62.31078955818475
2026-02-23 02:05:00,64.47426647663823
2026-02-23 02:10:00,65.97072879297761
2026-02-23 02:15:00,62.673117953033994
2026-02-23 02:20:00,62.07971293064045
2026-02-23 02:25:00,70.15684817629312
2026-02-23 02:30:00,70.90951012568696
2026-02-23 02:35:00,65.21781611635167
2026-02-23 02:40:00,64.22744800797604
2026-02-23 02:45:00,63.97490272145457
2026-02-23 02:50:00,66.84012859906552
2026-02-23 02:55:00,67.35355766844513
2026-02-23 03:00:00,68.423235960564
2026-02-23 03:05:00,66.4518300298347
2026-02-23 03:10:00,61.669942749656634
2026-02-23 03:15:00,66.30038281083718
2026-02-23 03:20:00,59.274451249120844
2026-02-23 03:25:00,64.06101295054859
2026-02-23 03:30:00,63.33868356675142
2026-02-23 03:35:00,69.14721409572388
2026-02-23 03:40:00,64.242327380063
2026-02-23 03:45:00,65.32408879434843
2026-02-23 03:50:00,59.44937360332973
2026-02-23 03:55:00,64.94786259986057
2026-02-23 04:00:00,64.8585901098772
2026-02-23 04:05:00,66.00284654901806
2026-02-23 04:10:00,62.29923277908196
2026-02-23 04:15:00,61.06831033448619
2026-02-23 04:20:00,62.877538195402806
2026-02-23 04:25:00,68.23221427515139
2026-02-23 04:30:00,61.295287956594244
2026-02-23 04:35:00,64.02142122359587
2026-02-23 04:40:00,67.34495780429148
2026-02-23 04:45:00,61.163430227118376
2026-02-23 04:50:00,62.11787738314397
2026-02-23 04:55:00,66.31461703652806
2026-02-23 05:00:00,63.75787238423394
2026-02-23 05:05:00,60.34626391984391
2026-02-23 05:10:00,65.62399524080189
2026-02-23 05:15:00,72.24138875771105
2026-02-23 05:20:00,64.73859723601839
2026-02-23 05:25:00,63.3489106265619
2026-02-23 05:30:00,66.28535871116247
2026-02-23 05:35:00,66.32679622409252
2026-02-23 05:40:00,67.29007161554851
2026-02-23 05:45:00,64.51210523111347
2026-02-23 05:50:00,66.11962858401928
2026-02-23 05:55:00,62.79686177803835
2026-02-23 06:00:00,68.55080764122849
2026-02-23 06:05:00,71.0711430289693
2026-02-23 06:10:00,63.06747823311329
2026-02-23 06:15:00,66.29132088473901
2026-02-23 06:20:00,66.4273286777595
2026-02-23 06:25:00,65.54355757452808
2026-02-23 06:30:00,66.27283785200443
2026-02-23 06:35:00,66.14031033758225
2026-02-23 06:40:00,61.427800977297295
2026-02-23 06:45:00,67.85204770039303
2026-02-23 06:50:00,68.31499785423847
2026-02-23 06:55:00,64.44434409128745
2026-02-23 07:00:00,33.14353351896468
2026-02-23 07:05:00,42.41893283202539
2026-02-23 07:10:00,37.41415114039144
2026-02-23 07:15:00,29.250017327933794
2026-02-23 07:20:00,34.703892339072105
2026-02-23 07:25:00,31.553379358054993
2026-02-23 07:30:00,31.038437287556388
2026-02-23 07:35:00,28.58336173297798
2026-02-23 07:40:00,31.604668356072715
2026-02-23 07:45:00,26.83687654982748
2026-02-23 07:50:00,42.22051848586607
2026-02-23 07:55:00,35.596087830612646
2026-02-23 08:00:00,37.19397133458986
2026-02-23 08:05:00,42.6858347225185
2026-02-23 08:10:00,24.707954283410963
2026-02-23 08:15:00,35.831336151090284
2026-02-23 08:20:00,35.053391099717814
2026-02-23 08:25:00,31.737495139850665
2026-02-23 08:30:00,26.426842111868012
2026-02-23 08:35:00,26.594645184397958
2026-02-23 08:40:00,39.92681087861953
2026-02-23 08:45:00,29.198328045708628
2026-02-23 08:50:00,38.52373939291559
2026-02-23 08:55:00,33.67381781569785
2026-02-23 09:00:00,38.17710763550464
2026-02-23 09:05:00,33.27989746784946
2026-02-23 09:10:00,36.21222759079662
2026-02-23 09:15:00,37.429362012603846
2026-02-23 09:20:00,39.73322698713714
2026-02-23 09:25:00,46.91226989412168
2026-02-23 09:30:00,40.99088151272002
2026-02-23 09:35:00,33.05039192136253
2026-02-23 09:40:00,38.63616525940376
2026-02-23 09:45:00,27.540143166402977
2026-02-23 09:50:00,33.196565985891134
2026-02-23 09:55:00,31.15897137031841
2026-02-23 10:00:00,52.47561844656164
2026-02-23 10:05:00,54.08308662837142
2026-02-23 10:10:00,56.57595075838569
2026-02-23 10:15:00,50.853973808514105
2026-02-23 10:20:00,48.09497611233771
2026-02-23 10:25:00,50.6558452468988
2026-02-23 10:30:00,49.04692404701787
2026-02-23 10:35:00,57.610477372951856
2026-02-23 10:40:00,52.853796255670204
2026-02-23 10:45:00,50.13168999359486
2026-02-23 10:50:00,57.85979731909424
2026-02-23 10:55:00,53.35081471646217
2026-02-23 11:00:00,54.906462070957495
2026-02-23 11:05:00,53.95240254155876
2026-02-23 11:10:00,54.61031584011528
2026-02-23 11:15:00,64.35379262672781
2026-02-23 11:20:00,53.76347806513132
2026-02-23 11:25:00,60.62130435672262
2026-02-23 11:30:00,55.016757929794295
2026-02-23 11:35:00,53.66987411656629
2026-02-23 11:40:00,51.982213497468784
2026-02-23 11:45:00,55.77299810630188
2026-02-23 11:50:00,51.40828819007712
2026-02-23 11:55:00,49.99244714533868
2026-02-23 12:00:00,57.00395151762485
2026-02-23 12:05:00,56.824038506652116
2026-02-23 12:10:00,50.98007328482042
2026-02-23 12:15:00,51.421277231519085
2026-02-23 12:20:00,50.50181992829167
2026-02-23 12:25:00,52.65870221498403
2026-02-23 12:30:00,58.776036937895995
2026-02-23 12:35:00,51.49758605445563
2026-02-23 12:40:00,55.33383621820343
2026-02-23 12:45:00,50.18856312001232
2026-02-23 12:50:00,51.190988480428935
2026-02-23 12:55:00,53.438255369130715
2026-02-23 13:00:00,58.77509499151048
2026-02-23 13:05:00,53.86007619926264
2026-02-23 13:10:00,63.96124948469113
2026-02-23 13:15:00,60.20153204396819
2026-02-23 13:20:00,62.55022886131943
2026-02-23 13:25:00,59.583275421204554
2026-02-23 13:30:00,57.19398490359576
2026-02-23 13:35:00,51.605851719901466
2026-02-23 13:40:00,48.17880710541563
2026-02-23 13:45:00,48.61230559014156
2026-02-23 13:50:00,59.15913685408717
2026-02-23 13:55:00,57.40360614546493
2026-02-23 14:00:00,53.51263488673391
2026-02-23 14:05:00,56.02530088972556
2026-02-23 14:10:00,54.7599697160117
2026-02-23 14:15:00,59.536537717570134
2026-02-23 14:20:00,46.12493944439853
2026-02-23 14:25:00,55.08103643839716
2026-02-23 14:30:00,54.402151518910465
2026-02-23 14:35:00,54.58460211926487
2026-02-23 14:40:00,63.613030255465446
2026-02-23 14:45:00,63.497788610438334
2026-02-23 14:50:00,57.435619117916374
2026-02-23 14:55:00,54.22046905372824
2026-02-23 15:00:00,57.36277952258093
2026-02-23 15:05:00,56.36568734667308
2026-02-23 15:10:00,57.64782537576441
2026-02-23 15:15:00,55.16872158371446
2026-02-23 15:20:00,59.64043483225463
2026-02-23 15:25:00,57.511529132210065
2026-02-23 15:30:00,57.049120742875445
2026-02-23 15:35:00,58.15816539443268
2026-02-23 15:40:00,45.6665114686121
2026-02-23 15:45:00,52.54050649293141
2026-02-23 15:50:00,47.20780291866416
2026-02-23 15:55:00,59.16529804643548
2026-02-23 16:00:00,24.256969342467382
2026-02-23 16:05:00,37.103907730578705
2026-02-23 16:10:00,40.7480559535876
2026-02-23 16:15:00,17.40785646110486
2026-02-23 16:20:00,32.98029810707999
2026-02-23 16:25:00,26.060633524988628
2026-02-23 16:30:00,36.71805911463176
2026-02-23 16:35:00,19.322878060622273
2026-02-23 16:40:00,36.871724922650756
2026-02-23 16:45:00,33.0290865396334
2026-02-23 16:50:00,33.13556826214549
2026-02-23 16:55:00,37.26673050778813
2026-02-23 17:00:00,35.86083251621436
2026-02-23 17:05:00,44.148211544055634
2026-02-23 17:10:00,22.947009297222465
2026-02-23 17:15:00,40.41476653672385
2026-02-23 17:20:00,46.41573374982932
2026-02-23 17:25:00,32.136058462706686
2026-02-23 17:30:00,32.38736001722252
2026-02-23 17:35:00,30.14526997416273
2026-02-23 17:40:00,31.690833463952753
2026-02-23 17:45:00,37.444236112297716
2026-02-23 17:50:00,44.324303975974786
2026-02-23 17:55:00,36.38542102096848
2026-02-23 18:00:00,20.42618610598521
2026-02-23 18:05:00,29.566411694638933
2026-02-23 18:10:00,28.481903912497522
2026-02-23 18:15:00,24.58094291743694
2026-02-23 18:20:00,26.610120657284945
2026-02-23 18:25:00,27.430665486743322
2026-02-23 18:30:00,36.48389764803426
2026-02-23 18:35:00,35.41585927405735
2026-02-23 18:40:00,37.44997448767674
2026-02-23 18:45:00,42.02549504461618
2026-02-23 18:50:00,26.792846047900607
2026-02-23 18:55:00,20.539967667221724
2026-02-23 19:00:00,21.937639713569734
2026-02-23 19:05:00,29.379499283931256
2026-02-23 19:10:00,19.27952722021604
2026-02-23 19:15:00,34.3693289079144
2026-02-23 19:20:00,38.77082897522302
2026-02-23 19:25:00,25.618883563547953
2026-02-23 19:30:00,21.527787993166413
2026-02-23 19:35:00,44.30133976141588
2026-02-23 19:40:00,35.40225005028381
2026-02-23 19:45:00,38.51603547562172
2026-02-23 19:50:00,33.391363478346435
2026-02-23 19:55:00,18.82673736200428
2026-02-23 20:00:00,64.01235160029611
2026-02-23 20:05:00,69.19772554035569
2026-02-23 20:10:00,68.36375483631369
2026-02-23 20:15:00,64.7376838749563
2026-02-23 20:20:00,64.0982803774531
2026-02-23 20:25:00,63.98178067256935
2026-02-23 20:30:00,67.6479742144854
2026-02-23 20:35:00,64.96353579366959
2026-02-23 20:40:00,64.60942531458667
2026-02-23 20:45:00,60.849714763936596
2026-02-23 20:50:00,65.18817215557924
2026-02-23 20:55:00,65.1978159258478
2026-02-23 21:00:00,61.47208297119598
2026-02-23 21:05:00,67.67873074607269
2026-02-23 21:10:00,60.14795276074525
2026-02-23 21:15:00,65.3601497152389
2026-02-23 21:20:00,63.9145142076534
2026-02-23 21:25:00,63.01706999123938
2026-02-23 21:30:00,64.52747611514877
2026-02-23 21:35:00,69.00978394188387
2026-02-23 21:40:00,63.08668105786427
2026-02-23 21:45:00,65.7950867012157
2026-02-23 21:50:00,71.74864688712111
2026-02-23 21:55:00,60.980092131601026
2026-02-23 22:00:00,68.69361459953338
2026-02-23 22:05:00,58.15914852911237
2026-02-23 22:10:00,66.842037293854
2026-02-23 22:15:00,69.11352945612836
2026-02-23 22:20:00,71.47771962614341
2026-02-23 22:25:00,63.00009073992689
2026-02-23 22:30:00,62.37996450515876
2026-02-23 22:35:00,58.62408883053785
2026-02-23 22:40:00,68.80101512860601
2026-02-23 22:45:00,61.14181414296961
2026-02-23 22:50:00,59.12900886363142
2026-02-23 22:55:00,63.35673639473945
2026-02-23 23:00:00,65.35504306470506
2026-02-23 23:05:00,63.9558288518936
2026-02-23 23:10:00,65.16029602843524
2026-02-23 23:15:00,67.75114204651955
2026-02-23 23:20:00,63.21968985693322
2026-02-23 23:25:00,69.06593038306549
2026-02-23 23:30:00,62.99739028024809
2026-02-23 23:35:00,68.23854639939144
2026-02-23 23:40:00,66.46149653988658
2026-02-23 23:45:00,62.864100977162934
2026-02-23 23:50:00,62.769971790693624
2026-02-23 23:55:00,59.06492729921413
2026-02-24 00:00:00,63.12958707456407
2026-02-24 00:05:00,64.00384154441
2026-02-24 00:10:00,63.99817016748003
2026-02-24 00:15:00,70.1190335375461
2026-02-24 00:20:00,60.88516652195922
2026-02-24 00:25:00,66.81935485450063
2026-02-24 00:30:00,64.30248936803608
2026-02-24 00:35:00,61.750800451025626
2026-02-24 00:40:00,54.73862747563524
2026-02-24 00:45:00,65.67301247802811
2026-02-24 00:50:00,66.90400605875706
2026-02-24 00:55:00,63.90775041886186
2026-02-24 01:00:00,66.75470601307568
2026-02-24 01:05:00,60.59636631327865
2026-02-24 01:10:00,67.62307237885635
2026-02-24 01:15:00,62.933786585194646
2026-02-24 01:20:00,65.86990397153048
2026-02-24 01:25:00,64.91973963247617
2026-02-24 01:30:00,62.78381028699507
2026-02-24 01:35:00,65.64336866306596
2026-02-24 01:40:00,67.27326047064116
2026-02-24 01:45:00,65.29193527457201
2026-02-24 01:50:00,61.69437782745308
2026-02-24 01:55:00,64.28496436195825
2026-02-24 02:00:00,61.60162552151327
2026-02-24 02:05:00,63.47405046685389
2026-02-24 02:10:00,67.43761251816791
2026-02-24 02:15:00,66.74269195869203
2026-02-24 02:20:00,65.51582100231619
2026-02-24 02:25:00,65.44936712829616
2026-02-24 02:30:00,70.32217995826954
2026-02-24 02:35:00,65.30830563697674
2026-02-24 02:40:00,70.38356449988578
2026-02-24 02:45:00,65.00188580291349
2026-02-24 02:50:00,64.19610167827408
2026-02-24 02:55:00,64.01799980124136
2026-02-24 03:00:00,66.18860640909452
2026-02-24 03:05:00,65.12597952255092
2026-02-24 03:10:00,64.28313415491291
2026-02-24 03:15:00,62.39891096882876
2026-02-24 03:20:00,65.71158585085189
2026-02-24 03:25:00,61.09062449587594
2026-02-24 03:30:00,66.14110547524021
2026-02-24 03:35:00,64.92087871786077
2026-02-24 03:40:00,58.087448256038485
2026-02-24 03:45:00,61.378669344145294
2026-02-24 03:50:00,63.645346638529894
2026-02-24 03:55:00,66.36393579368881
2026-02-24 04:00:00,65.21960558260236
2026-02-24 04:05:00,65.78146773805035
2026-02-24 04:10:00,62.21967011495803
2026-02-24 04:15:00,65.18059694722388
2026-02-24 04:20:00,64.15622847679758
2026-02-24 04:25:00,62.282713727189225
2026-02-24 04:30:00,71.14649372809964
2026-02-24 04:35:00,68.09039328848361
2026-02-24 04:40:00,62.51100405265343
2026-02-24 04:45:00,62.97245278427661
2026-02-24 04:50:00,68.66302809758426
2026-02-24 04:55:00,63.9990317044942
2026-02-24 05:00:00,66.4627988692507
2026-02-24 05:05:00,60.87102600258843
2026-02-24 05:10:00,59.581399314115686
2026-02-24 05:15:00,62.97967844995811
2026-02-24 05:20:00,61.33859076429379
2026-02-24 05:25:00,59.66728025083573
2026-02-24 05:30:00,61.6274765860549
2026-02-24 05:35:00,63.1450917573569
2026-02-24 05:40:00,68.76770350906725
2026-02-24 05:45:00,63.595352199378404
2026-02-24 05:50:00,67.01487910528843
2026-02-24 05:55:00,63.63460260378276
2026-02-24 06:00:00,64.81605286220106
2026-02-24 06:05:00,65.68579341556975
2026-02-24 06:10:00,61.693773881738224
2026-02-24 06:15:00,65.12532325057721
2026-02-24 06:20:00,60.27630991219827
2026-02-24 06:25:00,58.69229172893104
2026-02-24 06:30:00,62.574252879090515
2026-02-24 06:35:00,66.09879781945459
2026-02-24 06:40:00,65.76799038473125
2026-02-24 06:45:00,65.26309182514974
2026-02-24 06:50:00,59.539166155225864
2026-02-24 06:55:00,69.41171330601061
2026-02-24 07:00:00,25.447727015360215
2026-02-24 07:05:00,29.774354862746524
2026-02-24 07:10:00,23.248309381851215
2026-02-24 07:15:00,34.69604586219379
2026-02-24 07:20:00,35.242333777547735
2026-02-24 07:25:00,40.47864806175244
2026-02-24 07:30:00,30.623602357503138
2026-02-24 07:35:00,29.592545564932827
2026-02-24 07:40:00,28.17739840563622
2026-02-24 07:45:00,28.14023944220511
2026-02-24 07:50:00,45.48855058286179
2026-02-24 07:55:00,46.830486640378254
2026-02-24 08:00:00,27.791537757259466
2026-02-24 08:05:00,46.41902274279673
2026-02-24 08:10:00,39.556492791041435
2026-02-24 08:15:00,33.97624934658936
2026-02-24 08:20:00,31.0546465098094
2026-02-24 08:25:00,39.29068393192299
2026-02-24 08:30:00,36.72762283835457
2026-02-24 08:35:00,32.57447120158127
2026-02-24 08:40:00,31.914644386259784
2026-02-24 08:45:00,36.55650318069535
2026-02-24 08:50:00,33.701924955801736
2026-02-24 08:55:00,25.380545712185814
2026-02-24 09:00:00,34.38353217334282
2026-02-24 09:05:00,29.510207987674974
2026-02-24 09:10:00,31.84898840091544
2026-02-24 09:15:00,41.10394242529565
2026-02-24 09:20:00,45.00095627803599
2026-02-24 09:25:00,44.33297322746798
2026-02-24 09:30:00,26.443160179921364
2026-02-24 09:35:00,41.040301627918026
2026-02-24 09:40:00,39.85203490700174
2026-02-24 09:45:00,38.267657774940886
2026-02-24 09:50:00,43.5432857411864
2026-02-24 09:55:00,21.12124232880807
2026-02-24 10:00:00,49.888129822847816
2026-02-24 10:05:00,59.725925962464856
2026-02-24 10:10:00,58.887849075082684
2026-02-24 10:15:00,57.14544944889475
2026-02-24 10:20:00,52.943316373594975
2026-02-24 10:25:00,46.03337964074363
2026-02-24 10:30:00,59.62317735418773
2026-02-24 10:35:00,56.800839028697816
2026-02-24 10:40:00,53.67786042560857
2026-02-24 10:45:00,53.21657840960851
2026-02-24 10:50:00,56.476349497140355
2026-02-24 10:55:00,48.4420814775
2026-02-24 11:00:00,56.447854116527616
2026-02-24 11:05:00,58.055639672232445
2026-02-24 11:10:00,55.8038526799954
2026-02-24 11:15:00,54.76782107374727
2026-02-24 11:20:00,56.06126008110357
2026-02-24 11:25:00,58.35004576784648
2026-02-24 11:30:00,55.142238326546476
2026-02-24 11:35:00,51.89606216370314
2026-02-24 11:40:00,54.8038350689371
2026-02-24 11:45:00,54.13409881892231
2026-02-24 11:50:00,51.68493410900403
2026-02-24 11:55:00,57.14643517301442
2026-02-24 12:00:00,56.14993205982827
2026-02-24 12:05:00,55.53226461645656
2026-02-24 12:10:00,49.782663415553806
2026-02-24 12:15:00,47.5801989489239
2026-02-24 12:20:00,53.67557739618305
2026-02-24 12:25:00,63.53526347805439
2026-02-24 12:30:00,50.02197464307798
2026-02-24 12:35:00,49.4318963466145
2026-02-24 12:40:00,47.591551244666455
2026-02-24 12:45:00,64.69087616934216
2026-02-24 12:50:00,53.32322904927986
2026-02-24 12:55:00,52.87303783225667
2026-02-24 13:00:00,55.890774871400716
2026-02-24 13:05:00,56.60828934896764
2026-02-24 13:10:00,57.19276034977025
2026-02-24 13:15:00,55.41956678040226
2026-02-24 13:20:00,55.49978350337092
2026-02-24 13:25:00,43.357017566187764
2026-02-24 13:30:00,60.2044688059931
2026-02-24 13:35:00,56.75356203218339
2026-02-24 13:40:00,53.430606758437094
2026-02-24 13:45:00,56.50128572167363
2026-02-24 13:50:00,56.47821906383122
2026-02-24 13:55:00,52.4845911825733
2026-02-24 14:00:00,57.19348967922531
2026-02-24 14:05:00,50.955238384918246
2026-02-24 14:10:00,62.21651930408974
2026-02-24 14:15:00,62.032113278032
2026-02-24 14:20:00,48.446077291553635
2026-02-24 14:25:00,51.82604460300979
2026-02-24 14:30:00,57.36971676707405
2026-02-24 14:35:00,56.33132548040916
2026-02-24 14:40:00,48.14733613740294
2026-02-24 14:45:00,52.4298732859862
2026-02-24 14:50:00,54.62874825450983
2026-02-24 14:55:00,56.16321539721409
2026-02-24 15:00:00,50.18622852716298
2026-02-24 15:05:00,58.24052872788419
2026-02-24 15:10:00,49.743193581351655
2026-02-24 15:15:00,58.49716719891595
2026-02-24 15:20:00,51.26515099375224
2026-02-24 15:25:00,50.29275988818271
2026-02-24 15:30:00,60.88903422754671
2026-02-24 15:35:00,48.641961506903236
2026-02-24 15:40:00,51.53221316290788
2026-02-24 15:45:00,51.282420988698696
2026-02-24 15:50:00,55.19134881929759
2026-02-24 15:55:00,52.59449653929038
2026-02-24 16:00:00,26.9036154392329
2026-02-24 16:05:00,32.026878756511955
2026-02-24 16:10:00,38.02923505821657
2026-02-24 16:15:00,29.122716432724268
2026-02-24 16:20:00,33.75521788627741
2026-02-24 16:25:00,23.564978505164
2026-02-24 16:30:00,36.709641402813006
2026-02-24 16:35:00,34.925027470288164
2026-02-24 16:40:00,29.93958566339598
2026-02-24 16:45:00,28.18059303805316
2026-02-24 16:50:00,20.004926599912984
2026-02-24 16:55:00,20.616989697456095
2026-02-24 17:00:00,41.2999547992752
2026-02-24 17:05:00,29.612652723022695
2026-02-24 17:10:00,24.80501134432385
2026-02-24 17:15:00,13.778438398833808
2026-02-24 17:20:00,31.94230048309553
2026-02-24 17:25:00,27.36212729664527
2026-02-24 17:30:00,38.51543847206483
2026-02-24 17:35:00,36.467207582348536
2026-02-24 17:40:00,32.702949799565545
2026-02-24 17:45:00,26.77840857064716
2026-02-24 17:50:00,29.10427578126685
2026-02-24 17:55:00,27.855352369379286
2026-02-24 18:00:00,24.987159268252185
2026-02-24 18:05:00,36.351129608189595
2026-02-24 18:10:00,39.41478227379353
2026-02-24 18:15:00,23.077699499512725
2026-02-24 18:20:00,33.98487731315494
2026-02-24 18:25:00,32.920557087021535
2026-02-24 18:30:00,39.2509262508567
2026-02-24 18:35:00,22.604090049731255
2026-02-24 18:40:00,24.127887869063173
2026-02-24 18:45:00,39.3846939508906
2026-02-24 18:50:00,29.547493154228587
2026-02-24 18:55:00,42.93633763914531
2026-02-24 19:00:00,32.84216411917053
2026-02-24 19:05:00,32.79359461625194
2026-02-24 19:10:00,39.02593320438145
2026-02-24 19:15:00,22.235997684837994
2026-02-24 19:20:00,29.25140069019809
2026-02-24 19:25:00,29.402043697830997
2026-02-24 19:30:00,23.459920245262158
2026-02-24 19:35:00,28.66226514268879
2026-02-24 19:40:00,24.95327183175332
2026-02-24 19:45:00,37.120228501587114
2026-02-24 19:50:00,34.488273083672134
2026-02-24 19:55:00,37.12718880773373
2026-02-24 20:00:00,66.86907347172288
2026-02-24 20:05:00,65.63145675788736
2026-02-24 20:10:00,65.34836248351941
2026-02-24 20:15:00,62.858013376216896
2026-02-24 20:20:00,65.67093943534249
2026-02-24 20:25:00,62.934683469503874
2026-02-24 20:30:00,68.82859708648515
2026-02-24 20:35:00,63.259077519706224
2026-02-24 20:40:00,64.43715362494737
2026-02-24 20:45:00,68.33901798290084
2026-02-24 20:50:00,64.72092694549227
2026-02-24 20:55:00,61.36039052361931
2026-02-24 21:00:00,63.099186478346084
2026-02-24 21:05:00,68.46236743012143
2026-02-24 21:10:00,64.14805810172966
2026-02-24 21:15:00,65.72462805966786
2026-02-24 21:20:00,66.58368482081346
2026-02-24 21:25:00,65.99273319044863
2026-02-24 21:30:00,65.11273753464316
2026-02-24 21:35:00,67.87724865393632
2026-02-24 21:40:00,65.8292209121273
2026-02-24 21:45:00,63.50505031079717
2026-02-24 21:50:00,66.08558271855338
2026-02-24 21:55:00,64.26765318180263
2026-02-24 22:00:00,62.84731784924947
2026-02-24 22:05:00,66.42709172634156
2026-02-24 22:10:00,66.09436320639225
2026-02-24 22:15:00,64.03255701160347
2026-02-24 22:20:00,66.03061528444725
2026-02-24 22:25:00,64.58697191974149
2026-02-24 22:30:00,60.901207235219445
2026-02-24 22:35:00,71.93082335675115
2026-02-24 22:40:00,74.46581688282926
2026-02-24 22:45:00,66.5908004320203
2026-02-24 22:50:00,64.52092204545762
2026-02-24 22:55:00,61.01284293942323
2026-02-24 23:00:00,65.3519783097739
2026-02-24 23:05:00,67.16933041713546
2026-02-24 23:10:00,59.81600422037219
2026-02-24 23:15:00,62.84210313809162
2026-02-24 23:20:00,68.43278698472527
2026-02-24 23:25:00,65.48460794147536
2026-02-24 23:30:00,67.13184134288606
2026-02-24 23:35:00,64.2911250736471
2026-02-24 23:40:00,69.56696034609712
2026-02-24 23:45:00,63.71195236133358
2026-02-24 23:50:00,70.51138704335898
2026-02-24 23:55:00,64.85520932177653
2026-02-25 00:00:00,72.18859641110993
2026-02-25 00:05:00,67.5581176128249
2026-02-25 00:10:00,73.35377501750372
2026-02-25 00:15:00,56.985603478772404
2026-02-25 00:20:00,63.1927523105401
2026-02-25 00:25:00,61.90093331324113
2026-02-25 00:30:00,69.75113040279074
2026-02-25 00:35:00,63.39226747598047
2026-02-25 00:40:00,60.36548330967153
2026-02-25 00:45:00,70.98392134803584
2026-02-25 00:50:00,68.27761519448482
2026-02-25 00:55:00,61.84872033146576
2026-02-25 01:00:00,68.979400837045
2026-02-25 01:05:00,60.7546484657402
2026-02-25 01:10:00,68.03984780679318
2026-02-25 01:15:00,63.7657953190173
2026-02-25 01:20:00,60.25269938905808
2026-02-25 01:25:00,60.096782814774144
2026-02-25 01:30:00,67.02528371768545
2026-02-25 01:35:00,68.4744863309164
2026-02-25 01:40:00,64.99781148384072
2026-02-25 01:45:00,65.47459995037363
2026-02-25 01:50:00,64.43263160955135
2026-02-25 01:55:00,63.04506171635269
2026-02-25 02:00:00,64.57403874082442
2026-02-25 02:05:00,62.62734118353509
2026-02-25 02:10:00,71.2190977839839
2026-02-25 02:15:00,65.75786864524494
2026-02-25 02:20:00,61.88165603950428
2026-02-25 02:25:00,64.93079873086315
2026-02-25 02:30:00,68.48353992300693
2026-02-25 02:35:00,64.9688316179514
2026-02-25 02:40:00,66.82670355142012
2026-02-25 02:45:00,71.43159424058274
2026-02-25 02:50:00,61.48054907066946
2026-02-25 02:55:00,63.75009417865072
2026-02-25 03:00:00,64.4368841823982
2026-02-25 03:05:00,66.22579315008666
2026-02-25 03:10:00,66.34166746026195
2026-02-25 03:15:00,63.138587278628805
2026-02-25 03:20:00,64.9621911852191
2026-02-25 03:25:00,64.21476277035357
2026-02-25 03:30:00,62.18153526694065
2026-02-25 03:35:00,64.35589383215773
2026-02-25 03:40:00,65.4785584799824
2026-02-25 03:45:00,64.97724040024879
2026-02-25 03:50:00,60.632941857520194
2026-02-25 03:55:00,64.54437414081049
2026-02-25 04:00:00,62.81740063888678
2026-02-25 04:05:00,63.53310395409405
2026-02-25 04:10:00,65.91983355400993
2026-02-25 04:15:00,63.02129685445644
2026-02-25 04:20:00,62.55669219578117
2026-02-25 04:25:00,64.04906925387276
2026-02-25 04:30:00,66.20648215948896
2026-02-25 04:35:00,59.62377725441683
2026-02-25 04:40:00,68.4618107742954
2026-02-25 04:45:00,68.57625815331731
2026-02-25 04:50:00,66.07897313193976
2026-02-25 04:55:00,63.422534742096424
2026-02-25 05:00:00,64.54136219630314
2026-02-25 05:05:00,61.65136943384225
2026-02-25 05:10:00,66.88299235025121
2026-02-25 05:15:00,64.33629436993265
2026-02-25 05:20:00,70.87280080609524
2026-02-25 05:25:00,66.52498424422855
2026-02-25 05:30:00,64.52214453446942
2026-02-25 05:35:00,63.89537752323441
2026-02-25 05:40:00,66.4228777810677
2026-02-25 05:45:00,67.48015800147162
2026-02-25 05:50:00,66.46242659612162
2026-02-25 05:55:00,64.04036371908781
2026-02-25 06:00:00,58.94167530464101
2026-02-25 06:05:00,65.44717744087795
2026-02-25 06:10:00,62.433953377029404
2026-02-25 06:15:00,67.49456293787966
2026-02-25 06:20:00,62.78166565191652
2026-02-25 06:25:00,66.05368562896177
2026-02-25 06:30:00,64.78471567770369
2026-02-25 06:35:00,63.086879110560666
2026-02-25 06:40:00,62.301686843811396
2026-02-25 06:45:00,66.8998598386308
2026-02-25 06:50:00,57.75854626952932
2026-02-25 06:55:00,64.22028882555216
2026-02-25 07:00:00,33.4752782658914
2026-02-25 07:05:00,33.86203063067431
2026-02-25 07:10:00,26.700956756709942
2026-02-25 07:15:00,30.090095754435843
2026-02-25 07:20:00,26.75020218839013
2026-02-25 07:25:00,26.042013610421268
2026-02-25 07:30:00,30.57532610392945
2026-02-25 07:35:00,36.77840003869561
2026-02-25 07:40:00,40.32634296499179
2026-02-25 07:45:00,40.599061816884564
2026-02-25 07:50:00,44.036571040232204
2026-02-25 07:55:00,44.80098756535267
2026-02-25 08:00:00,39.50695122504215
2026-02-25 08:05:00,40.536503066663705
2026-02-25 08:10:00,28.38000578981656
2026-02-25 08:15:00,39.47046796063054
2026-02-25 08:20:00,34.22409310839734
2026-02-25 08:25:00,50.66256672974295
2026-02-25 08:30:00,42.89635746561949
2026-02-25 08:35:00,23.805965750623194
2026-02-25 08:40:00,46.855357899876246
2026-02-25 08:45:00,29.657482152720554
2026-02-25 08:50:00,37.49964060767938
2026-02-25 08:55:00,31.7739564887682
2026-02-25 09:00:00,28.104405927811555
2026-02-25 09:05:00,44.6892594349159
2026-02-25 09:10:00,32.93516318201939
2026-02-25 09:15:00,36.24809014209186
2026-02-25 09:20:00,28.208809696333006
2026-02-25 09:25:00,41.31258351507171
2026-02-25 09:30:00,46.79699389634407
2026-02-25 09:35:00,32.901827444270836
2026-02-25 09:40:00,39.31944990417453
2026-02-25 09:45:00,26.624586373941693
2026-02-25 09:50:00,35.72679762125756
2026-02-25 09:55:00,38.473555388689235
2026-02-25 10:00:00,51.653356204803245
2026-02-25 10:05:00,54.16697248782699
2026-02-25 10:10:00,55.45898647621188
2026-02-25 10:15:00,52.54859217282016
2026-02-25 10:20:00,51.25694049285202
2026-02-25 10:25:00,56.52340335991525
2026-02-25 10:30:00,55.392838723672234
2026-02-25 10:35:00,52.27334600251008
2026-02-25 10:40:00,57.28814630107056
2026-02-25 10:45:00,52.602409969922995
2026-02-25 10:50:00,54.94495367871112
2026-02-25 10:55:00,54.00132765096591
2026-02-25 11:00:00,60.06204986966594
2026-02-25 11:05:00,56.210918785805646
2026-02-25 11:10:00,57.20537112568262
2026-02-25 11:15:00,56.82313844322902
2026-02-25 11:20:00,57.30562714410441
2026-02-25 11:25:00,56.14973201886917
2026-02-25 11:30:00,48.961742684405834
2026-02-25 11:35:00,52.559475689397324
2026-02-25 11:40:00,60.18265966281626
2026-02-25 11:45:00,51.13828931612623
2026-02-25 11:50:00,58.26126857811355
2026-02-25 11:55:00,62.082151736481954
2026-02-25 12:00:00,56.62364157759246
2026-02-25 12:05:00,54.08808305797202
2026-02-25 12:10:00,52.46252335656697
2026-02-25 12:15:00,50.92426259537517
2026-02-25 12:20:00,48.863260422736076
2026-02-25 12:25:00,53.75719307878039
2026-02-25 12:30:00,57.709490147739075
2026-02-25 12:35:00,59.85658761306236
2026-02-25 12:40:00,49.32300308290987
2026-02-25 12:45:00,54.61383054887947
2026-02-25 12:50:00,54.7599354885516
2026-02-25 12:55:00,58.592110729028406
2026-02-25 13:00:00,60.010790715931535
2026-02-25 13:05:00,49.25081554467605
2026-02-25 13:10:00,51.57978858455764
2026-02-25 13:15:00,59.976020205439816
2026-02-25 13:20:00,53.78141513204697
2026-02-25 13:25:00,62.081227706609866
2026-02-25 13:30:00,49.55109297451668
2026-02-25 13:35:00,60.2215186928386
2026-02-25 13:40:00,49.80649884926392
2026-02-25 13:45:00,48.87360414510166
2026-02-25 13:50:00,57.79152566110425
2026-02-25 13:55:00,57.685470240234395
2026-02-25 14:00:00,56.87466041073734
2026-02-25 14:05:00,46.5018608627899
2026-02-25 14:10:00,52.311191798802916
2026-02-25 14:15:00,62.915815586800804
2026-02-25 14:20:00,48.450630929685694
2026-02-25 14:25:00,58.545951257286305
2026-02-25 14:30:00,51.00460459778745
2026-02-25 14:35:00,57.874507519831916
2026-02-25 14:40:00,52.376504064126436
2026-02-25 14:45:00,49.850644191063104
2026-02-25 14:50:00,53.863086202936735
2026-02-25 14:55:00,57.301699235203266
2026-02-25 15:00:00,55.687141733239855
2026-02-25 15:05:00,54.66816567424434
2026-02-25 15:10:00,56.652888927373056
2026-02-25 15:15:00,56.34527607989201
2026-02-25 15:20:00,56.32897731313045
2026-02-25 15:25:00,57.763398795753474
2026-02-25 15:30:00,58.26627196163184
2026-02-25 15:35:00,49.93123205166757
2026-02-25 15:40:00,55.351495374886575
2026-02-25 15:45:00,58.55753014420755
2026-02-25 15:50:00,52.56598697309736
2026-02-25 15:55:00,62.9460940863687
2026-02-25 16:00:00,35.48674762372734
2026-02-25 16:05:00,22.864620287732592
2026-02-25 16:10:00,36.240155643448865
2026-02-25 16:15:00,31.75646957515694
2026-02-25 16:20:00,32.364790120598414
2026-02-25 16:25:00,22.645929114774738
2026-02-25 16:30:00,35.71848865669853
2026-02-25 16:35:00,22.549663928347474
2026-02-25 16:40:00,43.296390618201656
2026-02-25 16:45:00,38.92773974511037
2026-02-25 16:50:00,26.729738222800233
2026-02-25 16:55:00,31.61315795374872
2026-02-25 17:00:00,29.199742238094437
2026-02-25 17:05:00,29.100609053894722
2026-02-25 17:10:00,22.665279558529747
2026-02-25 17:15:00,30.27439973045305
2026-02-25 17:20:00,22.25391600595845
2026-02-25 17:25:00,21.726872658913745
2026-02-25 17:30:00,28.957288540060983
2026-02-25 17:35:00,29.35699793000513
2026-02-25 17:40:00,22.148591383493837
2026-02-25 17:45:00,24.671779675581714
2026-02-25 17:50:00,20.439243104505017
2026-02-25 17:55:00,34.45129312204295
2026-02-25 18:00:00,28.809870497282905
2026-02-25 18:05:00,39.84244054259749
2026-02-25 18:10:00,20.810095267749567
2026-02-25 18:15:00,39.416199293786
2026-02-25 18:20:00,24.782656193422945
2026-02-25 18:25:00,26.51657380895264
2026-02-25 18:30:00,29.00093587818422
2026-02-25 18:35:00,17.601979319929576
2026-02-25 18:40:00,29.823334349145306
2026-02-25 18:45:00,34.485884578303725
2026-02-25 18:50:00,25.0141919982491
2026-02-25 18:55:00,32.97550265890765
2026-02-25 19:00:00,31.387906386894432
2026-02-25 19:05:00,20.202614164888082
2026-02-25 19:10:00,19.836185459265778
2026-02-25 19:15:00,33.09522792971602
2026-02-25 19:20:00,31.65853408394366
2026-02-25 19:25:00,23.56705963102224
2026-02-25 19:30:00,40.748880001913065
2026-02-25 19:35:00,25.767815101946294
2026-02-25 19:40:00,23.9619927927001
2026-02-25 19:45:00,37.236829341927546
2026-02-25 19:50:00,30.03379077015945
2026-02-25 19:55:00,23.277704297158305
2026-02-25 20:00:00,68.73534056366837
2026-02-25 20:05:00,64.12748007575341
2026-02-25 20:10:00,66.34578210438717
2026-02-25 20:15:00,65.78659667415407
2026-02-25 20:20:00,65.18694014787056
2026-02-25 20:25:00,66.51137977231636
2026-02-25 20:30:00,64.71256602856363
2026-02-25 20:35:00,61.100514311789865
2026-02-25 20:40:00,64.75222726269288
2026-02-25 20:45:00,67.14562195964464
2026-02-25 20:50:00,67.93503614771258
2026-02-25 20:55:00,64.01967188997017
2026-02-25 21:00:00,68.94793525263343
2026-02-25 21:05:00,65.04763744937
2026-02-25 21:10:00,66.25971686447281
2026-02-25 21:15:00,71.54409930949267
2026-02-25 21:20:00,64.8638242275945
2026-02-25 21:25:00,61.628626557327046
2026-02-25 21:30:00,61.70208113666577
2026-02-25 21:35:00,66.45440275098507
2026-02-25 21:40:00,66.66471130437827
2026-02-25 21:45:00,62.661199240683835
2026-02-25 21:50:00,61.77612625647912
2026-02-25 21:55:00,68.67195943896805
2026-02-25 22:00:00,68.49232976265844
2026-02-25 22:05:00,62.352566225837954
2026-02-25 22:10:00,65.79328315994633
2026-02-25 22:15:00,68.70442064749342
2026-02-25 22:20:00,63.73840495829313
2026-02-25 22:25:00,65.95816442983727
2026-02-25 22:30:00,60.970046477147875
2026-02-25 22:35:00,62.682804250243684
2026-02-25 22:40:00,67.372640580987
2026-02-25 22:45:00,65.24367520957199
2026-02-25 22:50:00,63.549446710152225
2026-02-25 22:55:00,65.90769009022084
2026-02-25 23:00:00,64.93283035242122
2026-02-25 23:05:00,65.69834631388395
2026-02-25 23:10:00,66.43955116053904
2026-02-25 23:15:00,64.24687296965728
2026-02-25 23:20:00,62.30385118159505
2026-02-25 23:25:00,65.33523103610625
2026-02-25 23:30:00,61.48012852555925
2026-02-25 23:35:00,70.56112131937749
2026-02-25 23:40:00,64.40438615783734
2026-02-25 23:45:00,65.80891499520163
2026-02-25 23:50:00,63.69636890986838
2026-02-25 23:55:00,56.724659491415615
2026-02-26 00:00:00,64.60136609473953
2026-02-26 00:05:00,62.032712201735734
2026-02-26 00:10:00,65.46113464955873
2026-02-26 00:15:00,65.93302303740496
2026-02-26 00:20:00,67.5230855933665
2026-02-26 00:25:00,64.60594209820496
2026-02-26 00:30:00,64.80055067033068
2026-02-26 00:35:00,61.1658636011811
2026-02-26 00:40:00,60.18728927310556
2026-02-26 00:45:00,68.40900544345514
2026-02-26 00:50:00,65.80659134851979
2026-02-26 00:55:00,62.07403869911957
2026-02-26 01:00:00,64.39212622865043
2026-02-26 01:05:00,67.52926825253331
2026-02-26 01:10:00,64.43303098907853
2026-02-26 01:15:00,69.56570347297406
2026-02-26 01:20:00,67.08861510251154
2026-02-26 01:25:00,62.731916097546474
2026-02-26 01:30:00,67.10881543218316
2026-02-26 01:35:00,67.1562698024205
2026-02-26 01:40:00,66.42662037548683
2026-02-26 01:45:00,60.40502079510227
2026-02-26 01:50:00,59.76941044798735
2026-02-26 01:55:00,67.4662948665889
2026-02-26 02:00:00,65.39703862405715
2026-02-26 02:05:00,65.383372157948
2026-02-26 02:10:00,68.72341408542022
2026-02-26 02:15:00,66.83222349139228
2026-02-26 02:20:00,66.64289162809368
2026-02-26 02:25:00,69.00585772819079
2026-02-26 02:30:00,60.195831310515075
2026-02-26 02:35:00,67.66775954016632
2026-02-26 02:40:00,69.00444034669782
2026-02-26 02:45:00,63.59418573868152
2026-02-26 02:50:00,69.3214908129402
2026-02-26 02:55:00,63.10790659485213
2026-02-26 03:00:00,63.83089573979672
2026-02-26 03:05:00,64.9460866529477
2026-02-26 03:10:00,63.575599820723696
2026-02-26 03:15:00,61.456780026677976
2026-02-26 03:20:00,61.29274518407977
2026-02-26 03:25:00,66.45890262689244
2026-02-26 03:30:00,65.43462842355875
2026-02-26 03:35:00,71.70990168586955
2026-02-26 03:40:00,67.5897940829804
2026-02-26 03:45:00,60.987281875754256
2026-02-26 03:50:00,65.9609993266128
2026-02-26 03:55:00,67.8442505439633
2026-02-26 04:00:00,60.27588961981155
2026-02-26 04:05:00,67.37194695078425
2026-02-26 04:10:00,61.55290275781596
2026-02-26 04:15:00,63.307664077530035
2026-02-26 04:20:00,65.91925771483648
2026-02-26 04:25:00,67.28128276978154
2026-02-26 04:30:00,64.16730036309342
2026-02-26 04:35:00,60.929740644882955
2026-02-26 04:40:00,66.06789346565914
2026-02-26 04:45:00,62.202367221147725
2026-02-26 04:50:00,62.7947000222262
2026-02-26 04:55:00,63.952439342139684
2026-02-26 05:00:00,66.59090804307138
2026-02-26 05:05:00,60.41246037390112
2026-02-26 05:10:00,66.73824317959416
2026-02-26 05:15:00,57.463020878571356
2026-02-26 05:20:00,62.606915964390275
2026-02-26 05:25:00,65.378171157101
2026-02-26 05:30:00,62.31997688645596
2026-02-26 05:35:00,66.99748817684481
2026-02-26 05:40:00,61.33938181565078
2026-02-26 05:45:00,62.413723322373116
2026-02-26 05:50:00,64.76408321425103
2026-02-26 05:55:00,62.00808162503483
2026-02-26 06:00:00,60.76255314670292
2026-02-26 06:05:00,61.92799421740701
2026-02-26 06:10:00,56.51181202089888
2026-02-26 06:15:00,66.35601490165544
2026-02-26 06:20:00,63.947857973363966
2026-02-26 06:25:00,62.47480048623252
2026-02-26 06:30:00,68.22476430760737
2026-02-26 06:35:00,66.27042618511803
2026-02-26 06:40:00,66.77796033826857
2026-02-26 06:45:00,70.43104940377688
2026-02-26 06:50:00,65.37318773279726
2026-02-26 06:55:00,68.03581930960706
2026-02-26 07:00:00,38.625423398637984
2026-02-26 07:05:00,21.2785809274127
2026-02-26 07:10:00,26.187393101634914
2026-02-26 07:15:00,44.1008886673701
2026-02-26 07:20:00,23.081819649498108
2026-02-26 07:25:00,34.940088831764136
2026-02-26 07:30:00,37.31757933202017
2026-02-26 07:35:00,23.95251826515865
2026-02-26 07:40:00,28.12679364495842
2026-02-26 07:45:00,42.34860812428351
2026-02-26 07:50:00,31.731697845413407
2026-02-26 07:55:00,31.585773514424357
2026-02-26 08:00:00,35.195257946188306
2026-02-26 08:05:00,35.068086476184206
2026-02-26 08:10:00,42.001382561819334
2026-02-26 08:15:00,26.748573455759583
2026-02-26 08:20:00,31.780121413908535
2026-02-26 08:25:00,32.367938112724055
2026-02-26 08:30:00,29.404097747130955
2026-02-26 08:35:00,28.249874846511396
2026-02-26 08:40:00,29.476659231944417
2026-02-26 08:45:00,28.571140792808194
2026-02-26 08:50:00,36.55233803335245
2026-02-26 08:55:00,27.14318514466729
2026-02-26 09:00:00,27.065393453562777
2026-02-26 09:05:00,35.553347944691
2026-02-26 09:10:00,42.90185001227074
2026-02-26 09:15:00,36.14719715777106
2026-02-26 09:20:00,36.226469165426664
2026-02-26 09:25:00,25.08540479237032
2026-02-26 09:30:00,25.452827742705878
2026-02-26 09:35:00,26.844107358637384
2026-02-26 09:40:00,36.177828590256915
2026-02-26 09:45:00,30.871187176877484
2026-02-26 09:50:00,39.45537175238777
2026-02-26 09:55:00,28.93966270984292
2026-02-26 10:00:00,50.970197344228346
2026-02-26 10:05:00,53.04645725168653
2026-02-26 10:10:00,62.304386866465975
2026-02-26 10:15:00,56.565919970891166
2026-02-26 10:20:00,57.03042155387546
2026-02-26 10:25:00,44.82204487568177
2026-02-26 10:30:00,49.46387788229868
2026-02-26 10:35:00,60.01399519904615
2026-02-26 10:40:00,61.2816704362051
2026-02-26 10:45:00,52.84609527302325
2026-02-26 10:50:00,54.910458658679154
2026-02-26 10:55:00,58.35450464647753
2026-02-26 11:00:00,58.831972676534406
2026-02-26 11:05:00,52.64692870994421
2026-02-26 11:10:00,59.861625333202085
2026-02-26 11:15:00,51.44250128583278
2026-02-26 11:20:00,60.416389417468366
2026-02-26 11:25:00,54.16548962214059
2026-02-26 11:30:00,48.76277654355785
2026-02-26 11:35:00,58.51251398720823
2026-02-26 11:40:00,57.54490104515688
2026-02-26 11:45:00,52.600200370794155
2026-02-26 11:50:00,60.07338345041942
2026-02-26 11:55:00,58.08382664091137
2026-02-26 12:00:00,53.53520149003263
2026-02-26 12:05:00,63.452293427806026
2026-02-26 12:10:00,57.60899383350676
2026-02-26 12:15:00,54.34250463050597
2026-02-26 12:20:00,55.334427213344576
2026-02-26 12:25:00,55.644355112099056
2026-02-26 12:30:00,50.981296297030795
2026-02-26 12:35:00,50.44299516044998
2026-02-26 12:40:00,48.75138510714438
2026-02-26 12:45:00,53.356713886898966
2026-02-26 12:50:00,54.56130088167575
2026-02-26 12:55:00,52.172949859231764
2026-02-26 13:00:00,57.18877033901906
2026-02-26 13:05:00,44.54267043059518
2026-02-26 13:10:00,52.52893624406482
2026-02-26 13:15:00,55.530737535615316
2026-02-26 13:20:00,50.33920109186852
2026-02-26 13:25:00,57.53565412613487
2026-02-26 13:30:00,59.208295311105594
2026-02-26 13:35:00,51.95219211133528
2026-02-26 13:40:00,54.98921245646261
2026-02-26 13:45:00,55.817200543262885
2026-02-26 13:50:00,49.301317056062764
2026-02-26 13:55:00,56.11158601283791
2026-02-26 14:00:00,56.1608874614995
2026-02-26 14:05:00,60.07218032973965
2026-02-26 14:10:00,58.695372264921176
2026-02-26 14:15:00,47.99046502518234
2026-02-26 14:20:00,53.24352487017152
2026-02-26 14:25:00,54.75993199748636
2026-02-26 14:30:00,59.1944830989364
2026-02-26 14:35:00,53.868697266380465
2026-02-26 14:40:00,60.1861455066186
2026-02-26 14:45:00,60.945029365667864
2026-02-26 14:50:00,54.008224658974676
2026-02-26 14:55:00,53.11468180923768
2026-02-26 15:00:00,55.41476263217708
2026-02-26 15:05:00,56.21789310138134
2026-02-26 15:10:00,59.24906429943189
2026-02-26 15:15:00,57.37532514553164
2026-02-26 15:20:00,58.91575584693142
2026-02-26 15:25:00,59.207587573320616
2026-02-26 15:30:00,47.27152388700895
2026-02-26 15:35:00,50.67655979101534
2026-02-26 15:40:00,54.72520434079183
2026-02-26 15:45:00,60.75453764633617
2026-02-26 15:50:00,57.67287163475085
2026-02-26 15:55:00,49.39565264077367
2026-02-26 16:00:00,30.69098681522654
2026-02-26 16:05:00,20.532950298272436
2026-02-26 16:10:00,22.813504307489897
2026-02-26 16:15:00,21.7954507733421
2026-02-26 16:20:00,32.678817805855346
2026-02-26 16:25:00,25.239171655648747
2026-02-26 16:30:00,36.229705981411655
2026-02-26 16:35:00,30.786692604329865
2026-02-26 16:40:00,15.53198638333372
2026-02-26 16:45:00,26.455027315815904
2026-02-26 16:50:00,21.219755230262287
2026-02-26 16:55:00,36.8560320934975
2026-02-26 17:00:00,30.34647626434617
2026-02-26 17:05:00,33.65522402843399
2026-02-26 17:10:00,20.456755114055433
2026-02-26 17:15:00,22.08041406500429
2026-02-26 17:20:00,32.556312429232236
2026-02-26 17:25:00,15.857893716203995
2026-02-26 17:30:00,33.466470092867134
2026-02-26 17:35:00,32.70541061513068
2026-02-26 17:40:00,31.518413174596564
2026-02-26 17:45:00,30.135564696880774
2026-02-26 17:50:00,23.690763838967193
2026-02-26 17:55:00,28.013661178261124
2026-02-26 18:00:00,39.12457938378558
2026-02-26 18:05:00,32.87487487628551
2026-02-26 18:10:00,25.6781701225247
2026-02-26 18:15:00,24.563468729498574
2026-02-26 18:20:00,31.031040031582965
2026-02-26 18:25:00,23.819225890426026
2026-02-26 18:30:00,34.77785283844337
2026-02-26 18:35:00,36.21239803406782
2026-02-26 18:40:00,39.28903568523129
2026-02-26 18:45:00,31.533265432630127
2026-02-26 18:50:00,38.93271137321065
2026-02-26 18:55:00,33.592998701011275
2026-02-26 19:00:00,37.221600060625846
2026-02-26 19:05:00,32.91080041824066
2026-02-26 19:10:00,16.994475781950335
2026-02-26 19:15:00,29.90534701503999
2026-02-26 19:20:00,29.248456298853515
2026-02-26 19:25:00,37.907313335994104
2026-02-26 19:30:00,37.88241105857139
2026-02-26 19:35:00,38.69586345088024
2026-02-26 19:40:00,27.79343173498322
2026-02-26 19:45:00,37.06173710709557
2026-02-26 19:50:00,36.23705844618649
2026-02-26 19:55:00,36.26093028602395
2026-02-26 20:00:00,64.89532325840894
2026-02-26 20:05:00,66.83093399567156
2026-02-26 20:10:00,73.52250478554244
2026-02-26 20:15:00,68.50908205470246
2026-02-26 20:20:00,58.69919009057821
2026-02-26 20:25:00,61.97344047946751
2026-02-26 20:30:00,63.36122213409038
2026-02-26 20:35:00,65.36372100644853
2026-02-26 20:40:00,63.95379594237801
2026-02-26 20:45:00,66.83749680477592
2026-02-26 20:50:00,63.46836722168335
2026-02-26 20:55:00,68.08900224908302
2026-02-26 21:00:00,66.16106788988081
2026-02-26 21:05:00,62.73421394469087
2026-02-26 21:10:00,60.34959298491949
2026-02-26 21:15:00,65.5613176512764
2026-02-26 21:20:00,64.33934750553743
2026-02-26 21:25:00,62.18810191756099
2026-02-26 21:30:00,66.24221901006138
2026-02-26 21:35:00,69.43240091107926
2026-02-26 21:40:00,63.93211068241653
2026-02-26 21:45:00,69.09988733674311
2026-02-26 21:50:00,61.54624484417687
2026-02-26 21:55:00,66.25720471728269
2026-02-26 22:00:00,65.45616775982175
2026-02-26 22:05:00,59.71935154704365
2026-02-26 22:10:00,68.68925742065707
2026-02-26 22:15:00,65.80011200647554
2026-02-26 22:20:00,62.339597941318104
2026-02-26 22:25:00,69.00348739607982
2026-02-26 22:30:00,68.69484966902917
2026-02-26 22:35:00,58.232256525231584
2026-02-26 22:40:00,62.48136998047068
2026-02-26 22:45:00,62.978552053131516
2026-02-26 22:50:00,63.140743183051256
2026-02-26 22:55:00,66.11387482912805
2026-02-26 23:00:00,65.54315345521749
2026-02-26 23:05:00,64.64399246308447
2026-02-26 23:10:00,60.319398673912254
2026-02-26 23:15:00,61.176778058371475
2026-02-26 23:20:00,65.59424514681727
2026-02-26 23:25:00,64.88643184694484
2026-02-26 23:30:00,66.84450316565245
2026-02-26 23:35:00,63.04552701045675
2026-02-26 23:40:00,68.37947409730607
2026-02-26 23:45:00,69.80713335929765
2026-02-26 23:50:00,67.65805728476757
2026-02-26 23:55:00,68.86333668751848
2026-02-27 00:00:00,63.094889402873726
2026-02-27 00:05:00,63.275717011171935
2026-02-27 00:10:00,66.5891972455946
2026-02-27 00:15:00,67.97538453662014
2026-02-27 00:20:00,68.19553669815382
2026-02-27 00:25:00,70.4878115916525
2026-02-27 00:30:00,70.35029521357913
2026-02-27 00:35:00,65.21959636542951
2026-02-27 00:40:00,65.72265510793804
2026-02-27 00:45:00,66.5127329245469
2026-02-27 00:50:00,58.848033235289854
2026-02-27 00:55:00,60.777973122477206
2026-02-27 01:00:00,62.29647991589897
2026-02-27 01:05:00,60.39305563649995
2026-02-27 01:10:00,68.73543833548159
2026-02-27 01:15:00,62.466161169330746
2026-02-27 01:20:00,65.0658185218407
2026-02-27 01:25:00,67.55061742023925
2026-02-27 01:30:00,59.70643811276817
2026-02-27 01:35:00,62.36297798449269
2026-02-27 01:40:00,65.11123278568903
2026-02-27 01:45:00,61.016907107256
2026-02-27 01:50:00,70.27984225070504
2026-02-27 01:55:00,63.68070684063845
2026-02-27 02:00:00,68.04204236196146
2026-02-27 02:05:00,64.87100061425619
2026-02-27 02:10:00,67.1981065734367
2026-02-27 02:15:00,68.33129253296964
2026-02-27 02:20:00,63.91350211648431
2026-02-27 02:25:00,63.74284141585113
2026-02-27 02:30:00,65.12527144115249
2026-02-27 02:35:00,64.39276330931425
2026-02-27 02:40:00,68.38360187746086
2026-02-27 02:45:00,64.47434368929308
2026-02-27 02:50:00,69.61108502937901
2026-02-27 02:55:00,63.90567618872225
2026-02-27 03:00:00,67.74693144250062
2026-02-27 03:05:00,65.38508599898014
2026-02-27 03:10:00,58.65517270144797
2026-02-27 03:15:00,64.79080037085929
2026-02-27 03:20:00,60.104819823951054
2026-02-27 03:25:00,64.6326680408417
2026-02-27 03:30:00,61.92330474610989
2026-02-27 03:35:00,69.75493260563762
2026-02-27 03:40:00,60.05797355481099
2026-02-27 03:45:00,60.308058625199514
2026-02-27 03:50:00,64.74180650339225
2026-02-27 03:55:00,60.209647089812506
2026-02-27 04:00:00,64.09676488834835
2026-02-27 04:05:00,63.38614862534994
2026-02-27 04:10:00,70.85391289176778
2026-02-27 04:15:00,70.67524804124757
2026-02-27 04:20:00,61.51212134661173
2026-02-27 04:25:00,65.18990191195816
2026-02-27 04:30:00,62.17036516665864
2026-02-27 04:35:00,65.16185926123941
2026-02-27 04:40:00,59.327473953140625
2026-02-27 04:45:00,60.226526044452626
2026-02-27 04:50:00,69.61479530293525
2026-02-27 04:55:00,70.12467564012093
2026-02-27 05:00:00,64.91046721244082
2026-02-27 05:05:00,74.05335242306187
2026-02-27 05:10:00,64.31843689648194
2026-02-27 05:15:00,65.50424619965125
2026-02-27 05:20:00,59.57366031043256
2026-02-27 05:25:00,69.97613115380435
2026-02-27 05:30:00,62.56185671187433
2026-02-27 05:35:00,66.13584846335583
2026-02-27 05:40:00,66.28858084164537
2026-02-27 05:45:00,70.46464881460867
2026-02-27 05:50:00,62.12532852968405
2026-02-27 05:55:00,68.81040136837372
2026-02-27 06:00:00,65.69568348800289
2026-02-27 06:05:00,64.22798126544788
2026-02-27 06:10:00,64.03785154636252
2026-02-27 06:15:00,66.00686291016008
2026-02-27 06:20:00,63.19602445023711
2026-02-27 06:25:00,66.27797666314228
2026-02-27 06:30:00,66.72925872191709
2026-02-27 06:35:00,64.69992573706544
2026-02-27 06:40:00,58.64451621195941
2026-02-27 06:45:00,65.4422246975733
2026-02-27 06:50:00,66.85282759539594
2026-02-27 06:55:00,61.82006740491073
2026-02-27 07:00:00,42.32226137980506
2026-02-27 07:05:00,34.31098939412545
2026-02-27 07:10:00,26.828756773649847
2026-02-27 07:15:00,33.38249553432517
2026-02-27 07:20:00,34.07502994259925
2026-02-27 07:25:00,42.10524800293931
2026-02-27 07:30:00,41.3030353316817
2026-02-27 07:35:00,38.31132789297708
2026-02-27 07:40:00,35.01795959191959
2026-02-27 07:45:00,34.563475515019036
2026-02-27 07:50:00,35.42286167156196
2026-02-27 07:55:00,40.71063393228139
2026-02-27 08:00:00,41.0482273842659
2026-02-27 08:05:00,37.88361775151026
2026-02-27 08:10:00,28.973667625954633
2026-02-27 08:15:00,35.01240254028945
2026-02-27 08:20:00,46.294874258895
2026-02-27 08:25:00,32.81356026657693
2026-02-27 08:30:00,40.8203204143789
2026-02-27 08:35:00,46.90572185540605
2026-02-27 08:40:00,37.37626707814402
2026-02-27 08:45:00,28.662972153633056
2026-02-27 08:50:00,37.213694154843076
2026-02-27 08:55:00,43.21272691322424
2026-02-27 09:00:00,34.01692629518783
2026-02-27 09:05:00,25.234407130665943
2026-02-27 09:10:00,26.274900889854784
2026-02-27 09:15:00,25.340655295803195
2026-02-27 09:20:00,28.635317374237967
2026-02-27 09:25:00,28.3523679577678
2026-02-27 09:30:00,30.727835299079388
2026-02-27 09:35:00,26.930316354776586
2026-02-27 09:40:00,41.74959883972616
2026-02-27 09:45:00,27.65712797462679
2026-02-27 09:50:00,29.276648203569334
2026-02-27 09:55:00,28.287461355990757
2026-02-27 10:00:00,53.27969203773544
2026-02-27 10:05:00,62.868643938347056
2026-02-27 10:10:00,50.97074252263924
2026-02-27 10:15:00,50.8716741031667
2026-02-27 10:20:00,57.176806357443425
2026-02-27 10:25:00,56.2323270778581
2026-02-27 10:30:00,52.06862401513184
2026-02-27 10:35:00,55.81508958404198
2026-02-27 10:40:00,54.991531474623486
2026-02-27 10:45:00,49.285658459493746
2026-02-27 10:50:00,54.307612879555506
2026-02-27 10:55:00,48.168026220597845
2026-02-27 11:00:00,58.511244722600665
2026-02-27 11:05:00,48.3088256105925
2026-02-27 11:10:00,53.54322496352544
2026-02-27 11:15:00,55.692711824431626
2026-02-27 11:20:00,60.384638427367676
2026-02-27 11:25:00,50.512609191209165
2026-02-27 11:30:00,53.82804088717034
2026-02-27 11:35:00,57.731987055749904
2026-02-27 11:40:00,58.54726085835327
2026-02-27 11:45:00,55.64867913512808
2026-02-27 11:50:00,61.6138511122231
2026-02-27 11:55:00,44.948239095085896
2026-02-27 12:00:00,54.261357687142606
2026-02-27 12:05:00,61.092911080265964
2026-02-27 12:10:00,54.67075382010231
2026-02-27 12:15:00,52.41204236628688
2026-02-27 12:20:00,64.55949164089581
2026-02-27 12:25:00,52.2666059983969
2026-02-27 12:30:00,62.4731908542495
2026-02-27 12:35:00,56.02581183950692
2026-02-27 12:40:00,59.238448547025726
2026-02-27 12:45:00,58.49684197406061
2026-02-27 12:50:00,60.52419100353416
2026-02-27 12:55:00,59.5942258404585
2026-02-27 13:00:00,53.32725755693539
2026-02-27 13:05:00,51.45335963543091
2026-02-27 13:10:00,47.95038897956929
2026-02-27 13:15:00,51.01480059011751
2026-02-27 13:20:00,49.000258291258454
2026-02-27 13:25:00,48.912801343167985
2026-02-27 13:30:00,54.78721856227682
2026-02-27 13:35:00,48.24805096756244
2026-02-27 13:40:00,55.65545865536618
2026-02-27 13:45:00,57.833453440628666
2026-02-27 13:50:00,48.71084251944537
2026-02-27 13:55:00,54.83916450999842
2026-02-27 14:00:00,53.034513184375825
2026-02-27 14:05:00,59.58814583404502
2026-02-27 14:10:00,58.177943616396746
2026-02-27 14:15:00,51.28477587182147
2026-02-27 14:20:00,60.93556550354914
2026-02-27 14:25:00,51.64806909178163
2026-02-27 14:30:00,55.45253493550195
2026-02-27 14:35:00,51.168344466307126
2026-02-27 14:40:00,52.54242371966102
2026-02-27 14:45:00,60.44392551093351
2026-02-27 14:50:00,53.96239877822256
2026-02-27 14:55:00,53.14474405969705
2026-02-27 15:00:00,58.37250954792995
2026-02-27 15:05:00,54.397038767089235
2026-02-27 15:10:00,51.16172300933261
2026-02-27 15:15:00,49.429671759232725
2026-02-27 15:20:00,49.39168248160841
2026-02-27 15:25:00,48.912165116925
2026-02-27 15:30:00,49.84323679262701
2026-02-27 15:35:00,54.499452788406785
2026-02-27 15:40:00,50.69849783722393
2026-02-27 15:45:00,52.30743489879447
2026-02-27 15:50:00,47.70233753220897
2026-02-27 15:55:00,61.1915584207645
2026-02-27 16:00:00,32.38732807362861
2026-02-27 16:05:00,24.528840437909523
2026-02-27 16:10:00,20.39601327797706
2026-02-27 16:15:00,34.39046164419461
2026-02-27 16:20:00,30.98813186693696
2026-02-27 16:25:00,28.028116551792877
2026-02-27 16:30:00,27.42012957007058
2026-02-27 16:35:00,27.749489044759898
2026-02-27 16:40:00,35.71840907473036
2026-02-27 16:45:00,24.151918118717006
2026-02-27 16:50:00,37.646211476417136
2026-02-27 16:55:00,32.066858505395174
2026-02-27 17:00:00,34.86014319317676
2026-02-27 17:05:00,35.92712183890429
2026-02-27 17:10:00,28.863237299574923
2026-02-27 17:15:00,41.17961933016877
2026-02-27 17:20:00,32.69378816523552
2026-02-27 17:25:00,29.7381544653999
2026-02-27 17:30:00,19.649316040361185
2026-02-27 17:35:00,32.58221239405352
2026-02-27 17:40:00,20.019137293707356
2026-02-27 17:45:00,33.47289164535051
2026-02-27 17:50:00,44.99976874243886
2026-02-27 17:55:00,28.82704772459462
2026-02-27 18:00:00,21.823174617069114
2026-02-27 18:05:00,31.279336495569584
2026-02-27 18:10:00,23.368522385328678
2026-02-27 18:15:00,32.59752605225896
2026-02-27 18:20:00,38.87249643828041
2026-02-27 18:25:00,23.89414646236327
2026-02-27 18:30:00,33.4823575205394
2026-02-27 18:35:00,30.507857410925688
2026-02-27 18:40:00,27.327610915651317
2026-02-27 18:45:00,36.564260085224795
2026-02-27 18:50:00,35.211514695970884
2026-02-27 18:55:00,25.98543984604197
2026-02-27 19:00:00,19.659611917888547
2026-02-27 19:05:00,31.92008441620314
2026-02-27 19:10:00,31.423195637175745
2026-02-27 19:15:00,26.691714927910287
2026-02-27 19:20:00,29.969147683941053
2026-02-27 19:25:00,25.703247501347413
2026-02-27 19:30:00,32.84141164876621
2026-02-27 19:35:00,38.27866285756313
2026-02-27 19:40:00,31.515183614731612
2026-02-27 19:45:00,24.948872789244643
2026-02-27 19:50:00,35.99324232238197
2026-02-27 19:55:00,37.0930739680545
2026-02-27 20:00:00,67.39503307428205
2026-02-27 20:05:00,64.85210403005406
2026-02-27 20:10:00,68.16951239090227
2026-02-27 20:15:00,67.95402239049612
2026-02-27 20:20:00,67.3872683065213
2026-02-27 20:25:00,62.59011952724997
2026-02-27 20:30:00,64.31346494674925
2026-02-27 20:35:00,64.16098209616487
2026-02-27 20:40:00,60.986520732159505
2026-02-27 20:45:00,65.31474094448888
2026-02-27 20:50:00,64.44496579961948
2026-02-27 20:55:00,66.1889678068986
2026-02-27 21:00:00,62.47428550758567
2026-02-27 21:05:00,65.41174144791927
2026-02-27 21:10:00,62.555709992477496
2026-02-27 21:15:00,66.7007200810334
2026-02-27 21:20:00,61.756625968779545
2026-02-27 21:25:00,67.61249859577288
2026-02-27 21:30:00,67.85477628114417
2026-02-27 21:35:00,68.84325332765421
2026-02-27 21:40:00,68.09706173310762
2026-02-27 21:45:00,68.83165147542006
2026-02-27 21:50:00,68.79338512337952
2026-02-27 21:55:00,67.00690462780318
2026-02-27 22:00:00,61.38213509643887
2026-02-27 22:05:00,70.45646664621628
2026-02-27 22:10:00,67.56733651240437
2026-02-27 22:15:00,68.45163531080775
2026-02-27 22:20:00,64.38600583946247
2026-02-27 22:25:00,68.71217479957147
2026-02-27 22:30:00,56.12240824172851
2026-02-27 22:35:00,68.07579361532574
2026-02-27 22:40:00,64.05698234064542
2026-02-27 22:45:00,65.67957624505412
2026-02-27 22:50:00,68.25533534768775
2026-02-27 22:55:00,60.32693354910844
2026-02-27 23:00:00,65.76831926708452
2026-02-27 23:05:00,60.661532999358016
2026-02-27 23:10:00,64.67834766928391
2026-02-27 23:15:00,66.36804771232126
2026-02-27 23:20:00,71.08157548927035
2026-02-27 23:25:00,62.01652971995966
2026-02-27 23:30:00,70.74197749171091
2026-02-27 23:35:00,65.48657719705406
2026-02-27 23:40:00,64.27136826621124
2026-02-27 23:45:00,64.6002184601302
2026-02-27 23:50:00,69.53013684502386
2026-02-27 23:55:00,69.73674331640814
2026-02-28 00:00:00,60.63223837677134
2026-02-28 00:05:00,63.58116475093067
2026-02-28 00:10:00,68.41790437375273
2026-02-28 00:15:00,67.43341286957885
2026-02-28 00:20:00,62.29214194564739
2026-02-28 00:25:00,64.15110145050194
2026-02-28 00:30:00,65.64457053894516
2026-02-28 00:35:00,66.55760720042781
2026-02-28 00:40:00,60.25620064802429
2026-02-28 00:45:00,63.32426582396238
2026-02-28 00:50:00,65.70806306915786
2026-02-28 00:55:00,63.90805157868713
2026-02-28 01:00:00,64.30103696433565
2026-02-28 01:05:00,69.9546711311733
2026-02-28 01:10:00,60.04460408761028
2026-02-28 01:15:00,65.4235063577352
2026-02-28 01:20:00,68.71489841596997
2026-02-28 01:25:00,61.769239345330064
2026-02-28 01:30:00,69.02880740399718
2026-02-28 01:35:00,66.1667094402209
2026-02-28 01:40:00,64.0654990878714
2026-02-28 01:45:00,64.58500721106729
2026-02-28 01:50:00,63.24113504846294
2026-02-28 01:55:00,66.03114406501824
2026-02-28 02:00:00,63.572198545548986
2026-02-28 02:05:00,63.162067041415476
2026-02-28 02:10:00,66.90824571244961
2026-02-28 02:15:00,64.85877462418806
2026-02-28 02:20:00,66.85504538826827
2026-02-28 02:25:00,64.76050466410216
2026-02-28 02:30:00,62.992251991015536
2026-02-28 02:35:00,63.01424845695532
2026-02-28 02:40:00,62.94354258735303
2026-02-28 02:45:00,65.18020104733553
2026-02-28 02:50:00,62.56431169985438
2026-02-28 02:55:00,65.82683318096846
2026-02-28 03:00:00,60.87016026366599
2026-02-28 03:05:00,69.34783672198071
2026-02-28 03:10:00,66.69735233607685
2026-02-28 03:15:00,69.69863596631302
2026-02-28 03:20:00,63.257876627282464
2026-02-28 03:25:00,65.9684898859149
2026-02-28 03:30:00,60.56419330227732
2026-02-28 03:35:00,65.67701142449495
2026-02-28 03:40:00,64.02211516633558
2026-02-28 03:45:00,67.66414850335383
2026-02-28 03:50:00,66.11680505143589
2026-02-28 03:55:00,63.62532816511699
2026-02-28 04:00:00,71.03431801255445
2026-02-28 04:05:00,57.67837626062651
2026-02-28 04:10:00,61.551285595692676
2026-02-28 04:15:00,57.105070085744465
2026-02-28 04:20:00,64.31987436351268
2026-02-28 04:25:00,62.26634200500894
2026-02-28 04:30:00,63.544753660351404
2026-02-28 04:35:00,68.41573204192406
2026-02-28 04:40:00,61.66817164680971
2026-02-28 04:45:00,66.90575223231629
2026-02-28 04:50:00,61.87836977123948
2026-02-28 04:55:00,63.57365533167058
2026-02-28 05:00:00,63.99936934728708
2026-02-28 05:05:00,60.6915898768593
2026-02-28 05:10:00,70.97474967001726
2026-02-28 05:15:00,69.78794984059898
2026-02-28 05:20:00,61.33364265435231
2026-02-28 05:25:00,64.68691168917816
2026-02-28 05:30:00,63.90827247065141
2026-02-28 05:35:00,70.63398342341256
2026-02-28 05:40:00,69.54274709999147
2026-02-28 05:45:00,67.44366102024117
2026-02-28 05:50:00,71.79625879576733
2026-02-28 05:55:00,69.04604155763789
2026-02-28 06:00:00,65.99900357143116
2026-02-28 06:05:00,66.7843905732632
2026-02-28 06:10:00,62.354151584935664
2026-02-28 06:15:00,64.08228557758802
2026-02-28 06:20:00,65.25957774080362
2026-02-28 06:25:00,62.65945853088426
2026-02-28 06:30:00,61.1144289212439
2026-02-28 06:35:00,68.18864567825513
2026-02-28 06:40:00,64.55063098256439
2026-02-28 06:45:00,64.43856958506446
2026-02-28 06:50:00,67.46255536111376
2026-02-28 06:55:00,68.80888892593731
2026-02-28 07:00:00,60.89093005494357
2026-02-28 07:05:00,65.70330891806921
2026-02-28 07:10:00,65.4245040663726
2026-02-28 07:15:00,66.19189534290717
2026-02-28 07:20:00,66.29088982310468
2026-02-28 07:25:00,62.81241722655713
2026-02-28 07:30:00,61.85588248648371
2026-02-28 07:35:00,67.66236373500001
2026-02-28 07:40:00,68.48255749923965
2026-02-28 07:45:00,56.27788449160633
2026-02-28 07:50:00,63.101094525784966
2026-02-28 07:55:00,65.87783265137209
2026-02-28 08:00:00,61.3727760540591
2026-02-28 08:05:00,67.26963317149199
2026-02-28 08:10:00,61.67620449414839
2026-02-28 08:15:00,68.6476000430801
2026-02-28 08:20:00,63.693161682948606
2026-02-28 08:25:00,63.93092175300851
2026-02-28 08:30:00,61.815859750756296
2026-02-28 08:35:00,67.26072168939454
2026-02-28 08:40:00,62.055665707401744
2026-02-28 08:45:00,66.46851078201271
2026-02-28 08:50:00,67.40874873764692
2026-02-28 08:55:00,65.75987061282048
2026-02-28 09:00:00,66.09491134041667
2026-02-28 09:05:00,65.86579308759842
2026-02-28 09:10:00,63.00481770044506
2026-02-28 09:15:00,65.54256778197747
2026-02-28 09:20:00,69.50789189179089
2026-02-28 09:25:00,66.81886288437374
2026-02-28 09:30:00,64.47630960711963
2026-02-28 09:35:00,60.834155360220905
2026-02-28 09:40:00,59.638665549668175
2026-02-28 09:45:00,63.1012436843978
2026-02-28 09:50:00,64.59246133190715
2026-02-28 09:55:00,60.37156778287684
2026-02-28 10:00:00,66.11457296183872
2026-02-28 10:05:00,65.12657207054785
2026-02-28 10:10:00,65.68115823623911
2026-02-28 10:15:00,64.45662539360116
2026-02-28 10:20:00,69.92838984286372
2026-02-28 10:25:00,64.76315236577989
2026-02-28 10:30:00,66.59107572652186
2026-02-28 10:35:00,65.43555373024627
2026-02-28 10:40:00,60.97538008172811
2026-02-28 10:45:00,68.74184395104488
2026-02-28 10:50:00,66.88594796949226
2026-02-28 10:55:00,65.52468920609647
2026-02-28 11:00:00,47.91100725651119
2026-02-28 11:05:00,51.227925523981064
2026-02-28 11:10:00,44.44180651734792
2026-02-28 11:15:00,46.18270604517024
2026-02-28 11:20:00,49.128008624764206
2026-02-28 11:25:00,49.43655326576739
2026-02-28 11:30:00,45.253046026120515
2026-02-28 11:35:00,44.92747847533538
2026-02-28 11:40:00,48.163040833361286
2026-02-28 11:45:00,46.82175072640141
2026-02-28 11:50:00,48.06047911854798
2026-02-28 11:55:00,55.88773460576658
2026-02-28 12:00:00,40.887763721212934
2026-02-28 12:05:00,43.741195021089986
2026-02-28 12:10:00,51.610627942359635
2026-02-28 12:15:00,53.15707682515555
2026-02-28 12:20:00,45.063366773209694
2026-02-28 12:25:00,52.29465301315766
2026-02-28 12:30:00,42.6866388282661
2026-02-28 12:35:00,50.90404559252855
2026-02-28 12:40:00,48.90552312680262
2026-02-28 12:45:00,48.80137589493487
2026-02-28 12:50:00,50.72668145613525
2026-02-28 12:55:00,53.827226768166014
2026-02-28 13:00:00,49.903367776389885
2026-02-28 13:05:00,50.761545651967246
2026-02-28 13:10:00,42.65247980533066
2026-02-28 13:15:00,52.028172478465926
2026-02-28 13:20:00,48.76525344201214
2026-02-28 13:25:00,48.9960283402213
2026-02-28 13:30:00,39.06697284984162
2026-02-28 13:35:00,50.03196232320278
2026-02-28 13:40:00,53.22574140252597
2026-02-28 13:45:00,48.626251155539535
2026-02-28 13:50:00,47.66082863157739
2026-02-28 13:55:00,46.469564778678944
2026-02-28 14:00:00,43.92017859860974
2026-02-28 14:05:00,46.15299462022643
2026-02-28 14:10:00,45.80630526775792
2026-02-28 14:15:00,52.80082446636356
2026-02-28 14:20:00,46.55081344287478
2026-02-28 14:25:00,49.45458097859869
2026-02-28 14:30:00,52.60712820844991
2026-02-28 14:35:00,39.98075623409987
2026-02-28 14:40:00,46.599136211603906
2026-02-28 14:45:00,49.260721884986836
2026-02-28 14:50:00,46.13836439272573
2026-02-28 14:55:00,52.61784409664008
2026-02-28 15:00:00,53.04113228343447
2026-02-28 15:05:00,45.466251387327304
2026-02-28 15:10:00,41.924129214696485
2026-02-28 15:15:00,45.38659448042283
2026-02-28 15:20:00,65.27139583249517
2026-02-28 15:25:00,42.95648659729661
2026-02-28 15:30:00,52.168011835714914
2026-02-28 15:35:00,46.309766506639946
2026-02-28 15:40:00,56.17959078156152
2026-02-28 15:45:00,50.42959641232831
2026-02-28 15:50:00,48.094852402525824
2026-02-28 15:55:00,44.58780252184289
2026-02-28 16:00:00,65.95644593209796
2026-02-28 16:05:00,64.59961119069065
2026-02-28 16:10:00,67.97308753507035
2026-02-28 16:15:00,63.4707593836053
2026-02-28 16:20:00,69.27676991181045
2026-02-28 16:25:00,68.20325208635676
2026-02-28 16:30:00,65.81116684625245
2026-02-28 16:35:00,68.34583611626755
2026-02-28 16:40:00,64.07180399261213
2026-02-28 16:45:00,63.84115426335012
2026-02-28 16:50:00,66.89674279020255
2026-02-28 16:55:00,64.00920861205066
2026-02-28 17:00:00,63.73041184384713
2026-02-28 17:05:00,66.53240007283918
2026-02-28 17:10:00,68.83014395512706
2026-02-28 17:15:00,70.92735966872021
2026-02-28 17:20:00,62.82357763401885
2026-02-28 17:25:00,60.84437353200619
2026-02-28 17:30:00,67.38993219077076
2026-02-28 17:35:00,62.7402427293873
2026-02-28 17:40:00,63.044348273165795
2026-02-28 17:45:00,58.76256402521865
2026-02-28 17:50:00,63.302260294864915
2026-02-28 17:55:00,66.1449405012657
2026-02-28 18:00:00,66.14104724230101
2026-02-28 18:05:00,63.892021090329166
2026-02-28 18:10:00,63.65199676536329
2026-02-28 18:15:00,66.39124539212622
2026-02-28 18:20:00,65.82683167041982
2026-02-28 18:25:00,64.3187667150031
2026-02-28 18:30:00,65.32875971939758
2026-02-28 18:35:00,63.59614121840486
2026-02-28 18:40:00,61.572115112452416
2026-02-28 18:45:00,64.9695378803092
2026-02-28 18:50:00,64.49065572918131
2026-02-28 18:55:00,62.48148196163525
2026-02-28 19:00:00,65.59846618001629
2026-02-28 19:05:00,67.05699733011737
2026-02-28 19:10:00,67.69514150907467
2026-02-28 19:15:00,64.14321697300355
2026-02-28 19:20:00,64.49830234661162
2026-02-28 19:25:00,62.38270470896046
2026-02-28 19:30:00,66.96921023301049
2026-02-28 19:35:00,65.5611404426744
2026-02-28 19:40:00,61.21359964588672
2026-02-28 19:45:00,60.597656059347976
2026-02-28 19:50:00,62.28171216017961
2026-02-28 19:55:00,65.97279935663921
2026-02-28 20:00:00,74.74259972919116
2026-02-28 20:05:00,66.26719360271198
2026-02-28 20:10:00,64.48286716022673
2026-02-28 20:15:00,61.9475261031711
2026-02-28 20:20:00,65.10244302791791
2026-02-28 20:25:00,66.59465063931921
2026-02-28 20:30:00,60.94887664572022
2026-02-28 20:35:00,64.88737024360445
2026-02-28 20:40:00,64.94884942199873
2026-02-28 20:45:00,66.9495040599159
2026-02-28 20:50:00,61.89002714216346
2026-02-28 20:55:00,62.01750291921306
2026-02-28 21:00:00,67.41008965847249
2026-02-28 21:05:00,62.446461343798205
2026-02-28 21:10:00,63.59422250891649
2026-02-28 21:15:00,67.15384653596433
2026-02-28 21:20:00,68.01831887839172
2026-02-28 21:25:00,65.46904952502078
2026-02-28 21:30:00,66.79572477427578
2026-02-28 21:35:00,59.61920183027472
2026-02-28 21:40:00,63.91419104433072
2026-02-28 21:45:00,62.88895306351992
2026-02-28 21:50:00,64.84736401160696
2026-02-28 21:55:00,68.00179445591642
2026-02-28 22:00:00,62.41813765545902
2026-02-28 22:05:00,63.839730134988606
2026-02-28 22:10:00,57.16749728687549
2026-02-28 22:15:00,64.4170425940387
2026-02-28 22:20:00,67.35180324990885
2026-02-28 22:25:00,61.13810797467378
2026-02-28 22:30:00,61.065937861949145
2026-02-28 22:35:00,63.58607436589108
2026-02-28 22:40:00,64.6981812504588
2026-02-28 22:45:00,63.31353889261708
2026-02-28 22:50:00,65.7078777233388
2026-02-28 22:55:00,62.55672829364512
2026-02-28 23:00:00,59.338309498719205
2026-02-28 23:05:00,65.18864700508861
2026-02-28 23:10:00,63.52868260007127
2026-02-28 23:15:00,66.18594928970562
2026-02-28 23:20:00,64.5614584448183
2026-02-28 23:25:00,70.09966900065808
2026-02-28 23:30:00,67.32799246339738
2026-02-28 23:35:00,66.04466478228382
2026-02-28 23:40:00,66.78800980685742
2026-02-28 23:45:00,64.2379672076553
2026-02-28 23:50:00,67.86948567444284
2026-02-28 23:55:00,64.19130099976825
2026-03-01 00:00:00,64.30435637038458
2026-03-01 00:05:00,64.01630526808884
2026-03-01 00:10:00,61.183495615540046
2026-03-01 00:15:00,68.68996511465238
2026-03-01 00:20:00,63.63198448053935
2026-03-01 00:25:00,64.89709868016637
2026-03-01 00:30:00,64.25132890933197
2026-03-01 00:35:00,66.97978468294646
2026-03-01 00:40:00,68.0815285687306
2026-03-01 00:45:00,60.79349652460961
2026-03-01 00:50:00,66.27611971208042
2026-03-01 00:55:00,62.142237764705726
2026-03-01 01:00:00,68.06979532128337
2026-03-01 01:05:00,67.7736759408068
2026-03-01 01:10:00,64.37933423229786
2026-03-01 01:15:00,59.005050883342015
2026-03-01 01:20:00,67.07184151921838
2026-03-01 01:25:00,61.69879842622145
2026-03-01 01:30:00,66.76110892545982
2026-03-01 01:35:00,71.18533943245583
2026-03-01 01:40:00,61.17160153361125
2026-03-01 01:45:00,62.275157184255235
2026-03-01 01:50:00,61.44525437679721
2026-03-01 01:55:00,65.66891076972838
2026-03-01 02:00:00,64.39760686746709
2026-03-01 02:05:00,66.85003358289015
2026-03-01 02:10:00,63.26427077010824
2026-03-01 02:15:00,61.67318520508737
2026-03-01 02:20:00,65.93696062979579
2026-03-01 02:25:00,64.99708792426722
2026-03-01 02:30:00,62.195887293526184
2026-03-01 02:35:00,62.21167881642946
2026-03-01 02:40:00,62.31962764840767
2026-03-01 02:45:00,69.32184316966107
2026-03-01 02:50:00,62.468406979626685
2026-03-01 02:55:00,64.83453647590063
2026-03-01 03:00:00,60.23914857604352
2026-03-01 03:05:00,65.59212212302965
2026-03-01 03:10:00,67.34566330515341
2026-03-01 03:15:00,63.12009411553867
2026-03-01 03:20:00,68.8745940539736
2026-03-01 03:25:00,66.77732578306535
2026-03-01 03:30:00,63.8062831845158
2026-03-01 03:35:00,63.98666979822885
2026-03-01 03:40:00,63.883980403290586
2026-03-01 03:45:00,64.9550850161355
2026-03-01 03:50:00,64.94118210060353
2026-03-01 03:55:00,66.6843978296978
2026-03-01 04:00:00,59.52925731912382
2026-03-01 04:05:00,68.08414790057242
2026-03-01 04:10:00,61.41398085356971
2026-03-01 04:15:00,66.02202434374315
2026-03-01 04:20:00,61.55620769989929
2026-03-01 04:25:00,63.815728861083024
2026-03-01 04:30:00,70.10150852933725
2026-03-01 04:35:00,68.61791723852478
2026-03-01 04:40:00,61.596863254083694
2026-03-01 04:45:00,68.01741270118177
2026-03-01 04:50:00,61.79907715717168
2026-03-01 04:55:00,65.36015291812697
2026-03-01 05:00:00,63.03572089233168
2026-03-01 05:05:00,66.05652839960953
2026-03-01 05:10:00,63.813979386511974
2026-03-01 05:15:00,67.48274530074045
2026-03-01 05:20:00,62.89417676564471
2026-03-01 05:25:00,68.12355470395055
2026-03-01 05:30:00,63.993023627681296
2026-03-01 05:35:00,62.51754554315987
2026-03-01 05:40:00,63.006540968064776
2026-03-01 05:45:00,65.75780417338217
2026-03-01 05:50:00,64.36825970163301
2026-03-01 05:55:00,62.3806535419296
2026-03-01 06:00:00,66.1711621988594
2026-03-01 06:05:00,66.63638032005021
2026-03-01 06:10:00,65.44221645526676
2026-03-01 06:15:00,65.74180021631994
2026-03-01 06:20:00,64.36830665626717
2026-03-01 06:25:00,61.45915529014555
2026-03-01 06:30:00,70.8287245364599
2026-03-01 06:35:00,69.42724197161515
2026-03-01 06:40:00,66.4904728956189
2026-03-01 06:45:00,67.87590593798282
2026-03-01 06:50:00,66.74610925507719
2026-03-01 06:55:00,64.09193388820258
2026-03-01 07:00:00,63.073589668657924
2026-03-01 07:05:00,63.67966778657513
2026-03-01 07:10:00,66.51548656807927
2026-03-01 07:15:00,66.60415768126244
2026-03-01 07:20:00,70.59919192470375
2026-03-01 07:25:00,70.02929007500005
2026-03-01 07:30:00,65.94478808030242
2026-03-01 07:35:00,68.68709929001523
2026-03-01 07:40:00,65.10366732369326
2026-03-01 07:45:00,60.18947697739765
2026-03-01 07:50:00,69.22246475399754
2026-03-01 07:55:00,65.93124669736773
2026-03-01 08:00:00,67.8235179314013
2026-03-01 08:05:00,58.23158484911609
2026-03-01 08:10:00,58.12769409649458
2026-03-01 08:15:00,60.48996418685384
2026-03-01 08:20:00,72.93456855680326
2026-03-01 08:25:00,58.45001919406552
2026-03-01 08:30:00,68.8771367752017
2026-03-01 08:35:00,68.27880455310216
2026-03-01 08:40:00,65.34019353925095
2026-03-01 08:45:00,67.0613663200233
2026-03-01 08:50:00,60.544535694764875
2026-03-01 08:55:00,61.467603760596184
2026-03-01 09:00:00,62.38101975703286
2026-03-01 09:05:00,57.39517133880464
2026-03-01 09:10:00,66.92788906769577
2026-03-01 09:15:00,63.03815801555967
2026-03-01 09:20:00,63.47842625383398
2026-03-01 09:25:00,65.35022801602926
2026-03-01 09:30:00,70.15271874604441
2026-03-01 09:35:00,66.95722808049466
2026-03-01 09:40:00,66.1522393037503
2026-03-01 09:45:00,67.56709850175797
2026-03-01 09:50:00,65.09867091350263
2026-03-01 09:55:00,63.23425707143194
2026-03-01 10:00:00,58.46694000731798
2026-03-01 10:05:00,64.48460765520508
2026-03-01 10:10:00,69.60390866532714
2026-03-01 10:15:00,62.82978947891631
2026-03-01 10:20:00,60.19425868932188
2026-03-01 10:25:00,60.6914170660681
2026-03-01 10:30:00,65.25144111647698
2026-03-01 10:35:00,63.72686035136623
2026-03-01 10:40:00,60.23527344487522
2026-03-01 10:45:00,66.39919287583653
2026-03-01 10:50:00,65.80201229942246
2026-03-01 10:55:00,65.78139452192345
2026-03-01 11:00:00,44.26726487364019
2026-03-01 11:05:00,45.98557136854485
2026-03-01 11:10:00,42.72095975847896
2026-03-01 11:15:00,41.45527071780286
2026-03-01 11:20:00,45.71911870219084
2026-03-01 11:25:00,54.33215759746319
2026-03-01 11:30:00,49.19565548695798
2026-03-01 11:35:00,50.94053086810664
2026-03-01 11:40:00,51.263046733493965
2026-03-01 11:45:00,57.03114840204435
2026-03-01 11:50:00,53.5053348027928
2026-03-01 11:55:00,44.83540029648277
2026-03-01 12:00:00,49.00005415445029
2026-03-01 12:05:00,42.260281947662136
2026-03-01 12:10:00,54.58892773081853
2026-03-01 12:15:00,46.00462238507427
2026-03-01 12:20:00,53.402458807973005
2026-03-01 12:25:00,52.68345556863432
2026-03-01 12:30:00,58.09647543594267
2026-03-01 12:35:00,49.10720096348418
2026-03-01 12:40:00,48.70426419952919
2026-03-01 12:45:00,51.304433619142515
2026-03-01 12:50:00,49.307689474784425
2026-03-01 12:55:00,44.30906142581147
2026-03-01 13:00:00,49.28130839042531
2026-03-01 13:05:00,43.93013524243182
2026-03-01 13:10:00,46.63171601632996
2026-03-01 13:15:00,49.28444401708159
2026-03-01 13:20:00,53.61422364850333
2026-03-01 13:25:00,53.08971623088242
2026-03-01 13:30:00,50.661428701507724
2026-03-01 13:35:00,47.11008297197397
2026-03-01 13:40:00,48.68994995272123
2026-03-01 13:45:00,48.93543546264614
2026-03-01 13:50:00,47.53731230825796
2026-03-01 13:55:00,48.98301748586959
2026-03-01 14:00:00,55.0701240204265
2026-03-01 14:05:00,53.324669285568106
2026-03-01 14:10:00,50.597189122750315
2026-03-01 14:15:00,47.61464042426872
2026-03-01 14:20:00,40.820955884091845
2026-03-01 14:25:00,51.6514551002162
2026-03-01 14:30:00,60.53686802331238
2026-03-01 14:35:00,47.125310966666234
2026-03-01 14:40:00,54.32188936700521
2026-03-01 14:45:00,49.78431117099133
2026-03-01 14:50:00,53.071234026547664
2026-03-01 14:55:00,52.40860693418097
2026-03-01 15:00:00,46.053105791815774
2026-03-01 15:05:00,47.52027502310749
2026-03-01 15:10:00,57.615874573034226
2026-03-01 15:15:00,48.97230459620692
2026-03-01 15:20:00,53.39039064175281
2026-03-01 15:25:00,45.37812987011725
2026-03-01 15:30:00,46.938544979327844
2026-03-01 15:35:00,39.55688456743267
2026-03-01 15:40:00,57.79731472890216
2026-03-01 15:45:00,47.075470761021144
2026-03-01 15:50:00,53.91897685708109
2026-03-01 15:55:00,53.24993627376895
2026-03-01 16:00:00,66.90699660213812
2026-03-01 16:05:00,62.39344305447538
2026-03-01 16:10:00,61.31393757758703
2026-03-01 16:15:00,65.09291269225261
2026-03-01 16:20:00,63.333050945067534
2026-03-01 16:25:00,68.76299937232118
2026-03-01 16:30:00,64.87337275532009
2026-03-01 16:35:00,65.16526330681998
2026-03-01 16:40:00,65.24737622577926
2026-03-01 16:45:00,64.41905099040103
2026-03-01 16:50:00,59.37496458616559
2026-03-01 16:55:00,66.24668191753828
2026-03-01 17:00:00,68.81090557575307
2026-03-01 17:05:00,66.79849637234325
2026-03-01 17:10:00,67.68232083051637
2026-03-01 17:15:00,59.866564723710255
2026-03-01 17:20:00,66.68350401732847
2026-03-01 17:25:00,66.5954744896029
2026-03-01 17:30:00,69.37272067045552
2026-03-01 17:35:00,65.89396923854909
2026-03-01 17:40:00,69.29662982320924
2026-03-01 17:45:00,62.10745431911713
2026-03-01 17:50:00,66.12803529087554
2026-03-01 17:55:00,64.58041359096666
2026-03-01 18:00:00,66.60810002407803
2026-03-01 18:05:00,65.08475811323218
2026-03-01 18:10:00,63.259673204813964
2026-03-01 18:15:00,68.67480944082635
2026-03-01 18:20:00,59.09203894955747
2026-03-01 18:25:00,60.65771936097475
2026-03-01 18:30:00,68.19178658234222
2026-03-01 18:35:00,65.97540380989525
2026-03-01 18:40:00,65.20256544721036
2026-03-01 18:45:00,65.92693959412847
2026-03-01 18:50:00,63.10810359416808
2026-03-01 18:55:00,66.77376239561305
2026-03-01 19:00:00,65.36789433541628
2026-03-01 19:05:00,63.47361837238133
2026-03-01 19:10:00,62.139596288574815
2026-03-01 19:15:00,68.3632097662482
2026-03-01 19:20:00,67.38122751717205
2026-03-01 19:25:00,60.52705893798513
2026-03-01 19:30:00,64.11202725028319
2026-03-01 19:35:00,74.39920151601818
2026-03-01 19:40:00,63.911062439439704
2026-03-01 19:45:00,67.82817029158224
2026-03-01 19:50:00,57.92166090429027
2026-03-01 19:55:00,63.93985863297541
2026-03-01 20:00:00,69.27814588830826
2026-03-01 20:05:00,66.29817369231334
2026-03-01 20:10:00,65.90196283630293
2026-03-01 20:15:00,65.11859232468396
2026-03-01 20:20:00,66.81436770219827
2026-03-01 20:25:00,63.74640565589162
2026-03-01 20:30:00,63.986632445925736
2026-03-01 20:35:00,60.79771957631294
2026-03-01 20:40:00,67.26245761435493
2026-03-01 20:45:00,60.19901369732026
2026-03-01 20:50:00,66.95012656655254
2026-03-01 20:55:00,64.81275081554249
2026-03-01 21:00:00,64.34292904390946
2026-03-01 21:05:00,64.60673512455577
2026-03-01 21:10:00,63.96832882141505
2026-03-01 21:15:00,66.6652178487924
2026-03-01 21:20:00,68.70616212927537
2026-03-01 21:25:00,66.84214173858615
2026-03-01 21:30:00,65.3768951873004
2026-03-01 21:35:00,66.42692522436344
2026-03-01 21:40:00,60.75468804602902
2026-03-01 21:45:00,66.28197072842481
2026-03-01 21:50:00,66.06633017863503
2026-03-01 21:55:00,63.599227879575736
2026-03-01 22:00:00,66.13936989574417
2026-03-01 22:05:00,67.23357355052558
2026-03-01 22:10:00,62.04762685040192
2026-03-01 22:15:00,66.3665867350858
2026-03-01 22:20:00,70.81525354979685
2026-03-01 22:25:00,62.50813445212471
2026-03-01 22:30:00,62.15642010796654
2026-03-01 22:35:00,62.9536978659994
2026-03-01 22:40:00,68.68271007426515
2026-03-01 22:45:00,66.31945879718938
2026-03-01 22:50:00,63.03940663329872
2026-03-01 22:55:00,59.61796730932495
2026-03-01 23:00:00,62.61734127323048
2026-03-01 23:05:00,61.12487228888645
2026-03-01 23:10:00,63.61761147382863
2026-03-01 23:15:00,65.75553569761105
2026-03-01 23:20:00,67.26983457539744
2026-03-01 23:25:00,67.00530158620755
2026-03-01 23:30:00,63.63298495366607
2026-03-01 23:35:00,66.29640220384147
2026-03-01 23:40:00,61.1945189363475
2026-03-01 23:45:00,66.54364675212595
2026-03-01 23:50:00,63.67090694472823
2026-03-01 23:55:00,74.48736508057247
